2026-05-10 15:30:48,457 - INFO - Fetching DA prices from 2026-04-11 00:00:00+02:00 to 2026-05-11 00:00:00+02:00
2026-05-10 15:30:51,276 - ERROR - ENTSO-E Fetcher failed: 503 Server Error: Service Unavailable for url: https://web-api.tp.entsoe.eu/api?documentType=A44&in_Domain=10Y1001A1001A82H&out_Domain=10Y1001A1001A82H&offset=0&contract_MarketAgreement.type=A01&classificationSequence_AttributeInstanceComponent.position=1&securityToken=599e95d4-4601-41e5-bf48-ed4db1d9190d&periodStart=202604092200&periodEnd=202605112200
2026-05-10 17:37:28,726 - INFO - Fetching DA prices from 2026-04-11 00:00:00+02:00 to 2026-04-14 00:00:00+02:00
2026-05-10 17:37:31,718 - INFO - Fetching actual load from 2026-04-11 00:00:00+02:00 to 2026-04-14 00:00:00+02:00
2026-05-10 17:37:32,369 - INFO - Fetching generation mix from 2026-04-11 00:00:00+02:00 to 2026-04-14 00:00:00+02:00
2026-05-10 17:37:34,990 - INFO - Fetching Open-Meteo data from 2026-04-11 to 2026-04-14
2026-05-10 17:37:41,737 - INFO - Fetching DA prices from 2026-04-14 00:00:00+02:00 to 2026-04-17 00:00:00+02:00
2026-05-10 17:37:42,585 - INFO - Fetching actual load from 2026-04-14 00:00:00+02:00 to 2026-04-17 00:00:00+02:00
2026-05-10 17:37:43,069 - INFO - Fetching generation mix from 2026-04-14 00:00:00+02:00 to 2026-04-17 00:00:00+02:00
2026-05-10 17:37:45,249 - INFO - Fetching Open-Meteo data from 2026-04-14 to 2026-04-17
2026-05-10 17:37:50,814 - INFO - Fetching DA prices from 2026-04-17 00:00:00+02:00 to 2026-04-20 00:00:00+02:00
2026-05-10 17:37:52,006 - INFO - Fetching actual load from 2026-04-17 00:00:00+02:00 to 2026-04-20 00:00:00+02:00
2026-05-10 17:37:52,440 - INFO - Fetching generation mix from 2026-04-17 00:00:00+02:00 to 2026-04-20 00:00:00+02:00
2026-05-10 17:37:54,489 - INFO - Fetching Open-Meteo data from 2026-04-17 to 2026-04-20
2026-05-10 17:38:00,002 - INFO - Fetching DA prices from 2026-04-20 00:00:00+02:00 to 2026-04-23 00:00:00+02:00
2026-05-10 17:38:01,208 - INFO - Fetching actual load from 2026-04-20 00:00:00+02:00 to 2026-04-23 00:00:00+02:00
2026-05-10 17:38:02,474 - INFO - Fetching generation mix from 2026-04-20 00:00:00+02:00 to 2026-04-23 00:00:00+02:00
2026-05-10 17:38:04,300 - INFO - Fetching Open-Meteo data from 2026-04-20 to 2026-04-23
2026-05-10 17:38:09,774 - INFO - Fetching DA prices from 2026-04-23 00:00:00+02:00 to 2026-04-26 00:00:00+02:00
2026-05-10 17:38:10,643 - INFO - Fetching actual load from 2026-04-23 00:00:00+02:00 to 2026-04-26 00:00:00+02:00
2026-05-10 17:38:11,280 - INFO - Fetching generation mix from 2026-04-23 00:00:00+02:00 to 2026-04-26 00:00:00+02:00
2026-05-10 17:38:13,283 - INFO - Fetching Open-Meteo data from 2026-04-23 to 2026-04-26
2026-05-10 17:38:18,721 - INFO - Fetching DA prices from 2026-04-26 00:00:00+02:00 to 2026-04-29 00:00:00+02:00
2026-05-10 17:38:19,452 - INFO - Fetching actual load from 2026-04-26 00:00:00+02:00 to 2026-04-29 00:00:00+02:00
2026-05-10 17:38:19,886 - INFO - Fetching generation mix from 2026-04-26 00:00:00+02:00 to 2026-04-29 00:00:00+02:00
2026-05-10 17:38:21,867 - INFO - Fetching Open-Meteo data from 2026-04-26 to 2026-04-29
2026-05-10 17:38:27,305 - INFO - Fetching DA prices from 2026-04-29 00:00:00+02:00 to 2026-05-02 00:00:00+02:00
2026-05-10 17:38:28,242 - INFO - Fetching actual load from 2026-04-29 00:00:00+02:00 to 2026-05-02 00:00:00+02:00
2026-05-10 17:38:28,778 - INFO - Fetching generation mix from 2026-04-29 00:00:00+02:00 to 2026-05-02 00:00:00+02:00
2026-05-10 17:38:30,587 - INFO - Fetching Open-Meteo data from 2026-04-29 to 2026-05-02
2026-05-10 17:38:35,963 - INFO - Fetching DA prices from 2026-05-02 00:00:00+02:00 to 2026-05-05 00:00:00+02:00
2026-05-10 17:38:36,743 - INFO - Fetching actual load from 2026-05-02 00:00:00+02:00 to 2026-05-05 00:00:00+02:00
2026-05-10 17:38:37,158 - INFO - Fetching generation mix from 2026-05-02 00:00:00+02:00 to 2026-05-05 00:00:00+02:00
2026-05-10 17:38:38,913 - INFO - Fetching Open-Meteo data from 2026-05-02 to 2026-05-05
2026-05-10 17:38:44,329 - INFO - Fetching DA prices from 2026-05-05 00:00:00+02:00 to 2026-05-08 00:00:00+02:00
2026-05-10 17:38:45,051 - INFO - Fetching actual load from 2026-05-05 00:00:00+02:00 to 2026-05-08 00:00:00+02:00
2026-05-10 17:38:45,483 - INFO - Fetching generation mix from 2026-05-05 00:00:00+02:00 to 2026-05-08 00:00:00+02:00
2026-05-10 17:38:47,488 - INFO - Fetching Open-Meteo data from 2026-05-05 to 2026-05-08
2026-05-10 17:38:52,844 - INFO - Fetching DA prices from 2026-05-08 00:00:00+02:00 to 2026-05-11 00:00:00+02:00
2026-05-10 17:38:53,777 - INFO - Inserted 1 new rows into day_ahead_prices.
2026-05-10 17:38:53,778 - INFO - Fetching actual load from 2026-05-08 00:00:00+02:00 to 2026-05-11 00:00:00+02:00
2026-05-10 17:38:54,387 - INFO - Inserted 2 new rows into actual_load.
2026-05-10 17:38:54,387 - INFO - Fetching generation mix from 2026-05-08 00:00:00+02:00 to 2026-05-11 00:00:00+02:00
2026-05-10 17:38:55,999 - INFO - Fetching Open-Meteo data from 2026-05-08 to 2026-05-11
2026-05-11 12:59:08,391 - INFO - Inserted 288 new rows into generation_mix.
2026-05-11 12:59:15,563 - INFO - Inserted 288 new rows into generation_mix.
2026-05-11 12:59:22,337 - INFO - Inserted 288 new rows into generation_mix.
2026-05-11 12:59:28,990 - INFO - Inserted 288 new rows into generation_mix.
2026-05-11 12:59:35,392 - INFO - Inserted 288 new rows into generation_mix.
2026-05-11 12:59:42,384 - INFO - Inserted 288 new rows into generation_mix.
2026-05-11 12:59:49,296 - INFO - Inserted 288 new rows into generation_mix.
2026-05-11 12:59:55,999 - INFO - Inserted 288 new rows into generation_mix.
2026-05-11 13:00:08,668 - INFO - Inserted 288 new rows into generation_mix.
2026-05-11 13:00:35,822 - INFO - Inserted 228 new rows into generation_mix.
2026-05-11 15:59:18,936 - INFO - Fetching DA prices from 2024-05-12 00:00:00+02:00 to 2024-05-15 00:00:00+02:00
2026-05-11 15:59:21,708 - INFO - Inserted 289 new rows into day_ahead_prices.
2026-05-11 15:59:21,709 - INFO - Fetching actual load from 2024-05-12 00:00:00+02:00 to 2024-05-15 00:00:00+02:00
2026-05-11 15:59:22,376 - INFO - Inserted 288 new rows into actual_load.
2026-05-11 15:59:22,376 - INFO - Fetching generation mix from 2024-05-12 00:00:00+02:00 to 2024-05-15 00:00:00+02:00
2026-05-11 15:59:25,711 - INFO - Inserted 288 new rows into generation_mix.
2026-05-11 15:59:25,711 - INFO - Fetching Open-Meteo data from 2024-05-12 to 2024-05-15
2026-05-11 15:59:26,823 - ERROR - Weather Fetcher failed: failed to request 'https://api.open-meteo.com/v1/dwd-icon': {'error': True, 'reason': "Parameter 'start_date' is out of allowed range from 2026-02-07 to 2026-05-26"}
2026-05-11 16:04:13,668 - INFO - Fetching DA prices from 2024-05-12 00:00:00+02:00 to 2024-05-15 00:00:00+02:00
2026-05-11 16:04:16,354 - INFO - Fetching actual load from 2024-05-12 00:00:00+02:00 to 2024-05-15 00:00:00+02:00
2026-05-11 16:04:16,846 - INFO - Fetching generation mix from 2024-05-12 00:00:00+02:00 to 2024-05-15 00:00:00+02:00
2026-05-11 16:04:19,752 - INFO - Fetching Open-Meteo data from 2024-05-12 to 2024-05-15
2026-05-11 16:04:21,399 - INFO - Inserted 384 new rows into weather_data.
2026-05-11 16:04:26,400 - INFO - Fetching DA prices from 2024-05-15 00:00:00+02:00 to 2024-05-18 00:00:00+02:00
2026-05-11 16:04:27,569 - INFO - Inserted 288 new rows into day_ahead_prices.
2026-05-11 16:04:27,570 - INFO - Fetching actual load from 2024-05-15 00:00:00+02:00 to 2024-05-18 00:00:00+02:00
2026-05-11 16:04:28,548 - INFO - Inserted 288 new rows into actual_load.
2026-05-11 16:04:28,548 - INFO - Fetching generation mix from 2024-05-15 00:00:00+02:00 to 2024-05-18 00:00:00+02:00
2026-05-11 16:04:31,856 - INFO - Inserted 288 new rows into generation_mix.
2026-05-11 16:04:31,857 - INFO - Fetching Open-Meteo data from 2024-05-15 to 2024-05-18
2026-05-11 16:04:32,507 - INFO - Inserted 288 new rows into weather_data.
2026-05-11 16:04:37,509 - INFO - Fetching DA prices from 2024-05-18 00:00:00+02:00 to 2024-05-21 00:00:00+02:00
2026-05-11 16:20:41,395 - WARNING - Connection Error, retrying in 10 seconds
2026-05-11 16:21:11,418 - WARNING - Connection Error, retrying in 10 seconds
2026-05-11 16:21:40,702 - WARNING - Connection Error, retrying in 10 seconds
2026-05-11 16:21:50,703 - ERROR - ENTSO-E Fetcher failed for 20240518 to 20240521: HTTPSConnectionPool(host='web-api.tp.entsoe.eu', port=443): Max retries exceeded with url: /api?documentType=A44&in_Domain=10Y1001A1001A82H&out_Domain=10Y1001A1001A82H&offset=0&contract_MarketAgreement.type=A01&classificationSequence_AttributeInstanceComponent.position=1&securityToken=599e95d4-4601-41e5-bf48-ed4db1d9190d&periodStart=202405162200&periodEnd=202405212200 (Caused by NameResolutionError("<urllib3.connection.HTTPSConnection object at 0x735f6eecb350>: Failed to resolve 'web-api.tp.entsoe.eu' (Name or service not known: web-api.tp.entsoe.eu using 1 resolver(s))"))
2026-05-11 16:21:52,705 - INFO - Fetching DA prices from 2024-05-18 00:00:00+02:00 to 2024-05-21 00:00:00+02:00
2026-05-11 16:22:12,722 - WARNING - Connection Error, retrying in 10 seconds
2026-05-11 16:22:42,741 - WARNING - Connection Error, retrying in 10 seconds
2026-05-11 16:23:07,836 - WARNING - Connection Error, retrying in 10 seconds
2026-05-11 16:23:17,836 - ERROR - ENTSO-E Fetcher failed for 20240518 to 20240521: HTTPSConnectionPool(host='web-api.tp.entsoe.eu', port=443): Max retries exceeded with url: /api?documentType=A44&in_Domain=10Y1001A1001A82H&out_Domain=10Y1001A1001A82H&offset=0&contract_MarketAgreement.type=A01&classificationSequence_AttributeInstanceComponent.position=1&securityToken=599e95d4-4601-41e5-bf48-ed4db1d9190d&periodStart=202405162200&periodEnd=202405212200 (Caused by NameResolutionError("<urllib3.connection.HTTPSConnection object at 0x735f6eed9490>: Failed to resolve 'web-api.tp.entsoe.eu' (Name or service not known: web-api.tp.entsoe.eu using 1 resolver(s))"))
2026-05-11 16:23:21,838 - INFO - Fetching DA prices from 2024-05-18 00:00:00+02:00 to 2024-05-21 00:00:00+02:00
2026-05-11 16:23:23,274 - INFO - Inserted 288 new rows into day_ahead_prices.
2026-05-11 16:23:23,274 - INFO - Fetching actual load from 2024-05-18 00:00:00+02:00 to 2024-05-21 00:00:00+02:00
2026-05-11 16:23:23,863 - INFO - Inserted 288 new rows into actual_load.
2026-05-11 16:23:23,863 - INFO - Fetching generation mix from 2024-05-18 00:00:00+02:00 to 2024-05-21 00:00:00+02:00
2026-05-11 16:23:26,900 - INFO - Inserted 288 new rows into generation_mix.
2026-05-11 16:23:26,901 - INFO - Fetching Open-Meteo data from 2024-05-18 to 2024-05-21
2026-05-11 16:23:28,069 - INFO - Inserted 288 new rows into weather_data.
2026-05-11 16:23:33,071 - INFO - Fetching DA prices from 2024-05-21 00:00:00+02:00 to 2024-05-24 00:00:00+02:00
2026-05-11 16:23:34,064 - INFO - Inserted 288 new rows into day_ahead_prices.
2026-05-11 16:23:34,064 - INFO - Fetching actual load from 2024-05-21 00:00:00+02:00 to 2024-05-24 00:00:00+02:00
2026-05-11 16:23:34,909 - INFO - Inserted 288 new rows into actual_load.
2026-05-11 16:23:34,910 - INFO - Fetching generation mix from 2024-05-21 00:00:00+02:00 to 2024-05-24 00:00:00+02:00
2026-05-11 16:23:37,875 - INFO - Inserted 288 new rows into generation_mix.
2026-05-11 16:23:37,876 - INFO - Fetching Open-Meteo data from 2024-05-21 to 2024-05-24
2026-05-11 16:23:38,444 - INFO - Inserted 288 new rows into weather_data.
2026-05-11 16:23:43,446 - INFO - Fetching DA prices from 2024-05-24 00:00:00+02:00 to 2024-05-27 00:00:00+02:00
2026-05-11 16:23:44,261 - INFO - Inserted 288 new rows into day_ahead_prices.
2026-05-11 16:23:44,262 - INFO - Fetching actual load from 2024-05-24 00:00:00+02:00 to 2024-05-27 00:00:00+02:00
2026-05-11 16:23:44,840 - INFO - Inserted 288 new rows into actual_load.
2026-05-11 16:23:44,841 - INFO - Fetching generation mix from 2024-05-24 00:00:00+02:00 to 2024-05-27 00:00:00+02:00
2026-05-11 16:23:48,216 - INFO - Inserted 288 new rows into generation_mix.
2026-05-11 16:23:48,217 - INFO - Fetching Open-Meteo data from 2024-05-24 to 2024-05-27
2026-05-11 16:23:48,845 - INFO - Inserted 288 new rows into weather_data.
2026-05-11 16:23:53,847 - INFO - Fetching DA prices from 2024-05-27 00:00:00+02:00 to 2024-05-30 00:00:00+02:00
2026-05-11 16:23:54,776 - INFO - Inserted 288 new rows into day_ahead_prices.
2026-05-11 16:23:54,776 - INFO - Fetching actual load from 2024-05-27 00:00:00+02:00 to 2024-05-30 00:00:00+02:00
2026-05-11 16:23:55,377 - INFO - Inserted 288 new rows into actual_load.
2026-05-11 16:23:55,377 - INFO - Fetching generation mix from 2024-05-27 00:00:00+02:00 to 2024-05-30 00:00:00+02:00
2026-05-11 16:23:58,806 - INFO - Inserted 288 new rows into generation_mix.
2026-05-11 16:23:58,807 - INFO - Fetching Open-Meteo data from 2024-05-27 to 2024-05-30
2026-05-11 16:23:59,363 - INFO - Inserted 288 new rows into weather_data.
2026-05-11 16:24:04,366 - INFO - Fetching DA prices from 2024-05-30 00:00:00+02:00 to 2024-06-02 00:00:00+02:00
2026-05-11 16:24:05,330 - INFO - Inserted 288 new rows into day_ahead_prices.
2026-05-11 16:24:05,331 - INFO - Fetching actual load from 2024-05-30 00:00:00+02:00 to 2024-06-02 00:00:00+02:00
2026-05-11 16:24:06,091 - INFO - Inserted 288 new rows into actual_load.
2026-05-11 16:24:06,092 - INFO - Fetching generation mix from 2024-05-30 00:00:00+02:00 to 2024-06-02 00:00:00+02:00
2026-05-11 16:24:08,751 - INFO - Inserted 288 new rows into generation_mix.
2026-05-11 16:24:08,752 - INFO - Fetching Open-Meteo data from 2024-05-30 to 2024-06-02
2026-05-11 16:24:09,769 - INFO - Inserted 288 new rows into weather_data.
2026-05-11 16:24:14,771 - INFO - Fetching DA prices from 2024-06-02 00:00:00+02:00 to 2024-06-05 00:00:00+02:00
2026-05-11 16:24:15,829 - INFO - Inserted 288 new rows into day_ahead_prices.
2026-05-11 16:24:15,830 - INFO - Fetching actual load from 2024-06-02 00:00:00+02:00 to 2024-06-05 00:00:00+02:00
2026-05-11 16:24:16,619 - INFO - Inserted 288 new rows into actual_load.
2026-05-11 16:24:16,619 - INFO - Fetching generation mix from 2024-06-02 00:00:00+02:00 to 2024-06-05 00:00:00+02:00
2026-05-11 16:24:19,183 - INFO - Inserted 288 new rows into generation_mix.
2026-05-11 16:24:19,184 - INFO - Fetching Open-Meteo data from 2024-06-02 to 2024-06-05
2026-05-11 16:24:19,899 - INFO - Inserted 288 new rows into weather_data.
2026-05-11 16:24:24,901 - INFO - Fetching DA prices from 2024-06-05 00:00:00+02:00 to 2024-06-08 00:00:00+02:00
2026-05-11 16:24:25,716 - INFO - Inserted 288 new rows into day_ahead_prices.
2026-05-11 16:24:25,716 - INFO - Fetching actual load from 2024-06-05 00:00:00+02:00 to 2024-06-08 00:00:00+02:00
2026-05-11 16:24:26,291 - INFO - Inserted 288 new rows into actual_load.
2026-05-11 16:24:26,291 - INFO - Fetching generation mix from 2024-06-05 00:00:00+02:00 to 2024-06-08 00:00:00+02:00
2026-05-11 16:24:28,994 - INFO - Inserted 288 new rows into generation_mix.
2026-05-11 16:24:28,994 - INFO - Fetching Open-Meteo data from 2024-06-05 to 2024-06-08
2026-05-11 16:24:29,506 - INFO - Inserted 288 new rows into weather_data.
2026-05-11 16:24:34,508 - INFO - Fetching DA prices from 2024-06-08 00:00:00+02:00 to 2024-06-11 00:00:00+02:00
2026-05-11 16:24:35,279 - INFO - Inserted 288 new rows into day_ahead_prices.
2026-05-11 16:24:35,279 - INFO - Fetching actual load from 2024-06-08 00:00:00+02:00 to 2024-06-11 00:00:00+02:00
2026-05-11 16:24:36,147 - INFO - Inserted 288 new rows into actual_load.
2026-05-11 16:24:36,147 - INFO - Fetching generation mix from 2024-06-08 00:00:00+02:00 to 2024-06-11 00:00:00+02:00
2026-05-11 16:24:39,130 - INFO - Inserted 288 new rows into generation_mix.
2026-05-11 16:24:39,131 - INFO - Fetching Open-Meteo data from 2024-06-08 to 2024-06-11
2026-05-11 16:24:39,792 - INFO - Inserted 288 new rows into weather_data.
2026-05-11 16:24:44,794 - INFO - Fetching DA prices from 2024-06-11 00:00:00+02:00 to 2024-06-14 00:00:00+02:00
2026-05-11 16:24:45,601 - INFO - Inserted 288 new rows into day_ahead_prices.
2026-05-11 16:24:45,602 - INFO - Fetching actual load from 2024-06-11 00:00:00+02:00 to 2024-06-14 00:00:00+02:00
2026-05-11 16:24:46,313 - INFO - Inserted 288 new rows into actual_load.
2026-05-11 16:24:46,314 - INFO - Fetching generation mix from 2024-06-11 00:00:00+02:00 to 2024-06-14 00:00:00+02:00
2026-05-11 16:24:49,029 - INFO - Inserted 288 new rows into generation_mix.
2026-05-11 16:24:49,030 - INFO - Fetching Open-Meteo data from 2024-06-11 to 2024-06-14
2026-05-11 16:24:49,642 - INFO - Inserted 288 new rows into weather_data.
2026-05-11 16:24:54,644 - INFO - Fetching DA prices from 2024-06-14 00:00:00+02:00 to 2024-06-17 00:00:00+02:00
2026-05-11 16:24:55,585 - INFO - Inserted 288 new rows into day_ahead_prices.
2026-05-11 16:24:55,586 - INFO - Fetching actual load from 2024-06-14 00:00:00+02:00 to 2024-06-17 00:00:00+02:00
2026-05-11 16:24:56,561 - INFO - Inserted 288 new rows into actual_load.
2026-05-11 16:24:56,561 - INFO - Fetching generation mix from 2024-06-14 00:00:00+02:00 to 2024-06-17 00:00:00+02:00
2026-05-11 16:25:00,758 - INFO - Inserted 288 new rows into generation_mix.
2026-05-11 16:25:00,759 - INFO - Fetching Open-Meteo data from 2024-06-14 to 2024-06-17
2026-05-11 16:25:01,887 - INFO - Inserted 288 new rows into weather_data.
2026-05-11 16:25:06,889 - INFO - Fetching DA prices from 2024-06-17 00:00:00+02:00 to 2024-06-20 00:00:00+02:00
2026-05-11 16:25:07,855 - INFO - Inserted 288 new rows into day_ahead_prices.
2026-05-11 16:25:07,856 - INFO - Fetching actual load from 2024-06-17 00:00:00+02:00 to 2024-06-20 00:00:00+02:00
2026-05-11 16:25:08,534 - INFO - Inserted 288 new rows into actual_load.
2026-05-11 16:25:08,534 - INFO - Fetching generation mix from 2024-06-17 00:00:00+02:00 to 2024-06-20 00:00:00+02:00
2026-05-11 16:25:13,549 - INFO - Inserted 288 new rows into generation_mix.
2026-05-11 16:25:13,550 - INFO - Fetching Open-Meteo data from 2024-06-17 to 2024-06-20
2026-05-11 16:25:15,229 - INFO - Inserted 288 new rows into weather_data.
2026-05-11 16:25:20,231 - INFO - Fetching DA prices from 2024-06-20 00:00:00+02:00 to 2024-06-23 00:00:00+02:00
2026-05-11 16:25:21,215 - INFO - Inserted 288 new rows into day_ahead_prices.
2026-05-11 16:25:21,215 - INFO - Fetching actual load from 2024-06-20 00:00:00+02:00 to 2024-06-23 00:00:00+02:00
2026-05-11 16:25:21,955 - INFO - Inserted 288 new rows into actual_load.
2026-05-11 16:25:21,955 - INFO - Fetching generation mix from 2024-06-20 00:00:00+02:00 to 2024-06-23 00:00:00+02:00
2026-05-11 16:25:24,645 - INFO - Inserted 288 new rows into generation_mix.
2026-05-11 16:25:24,645 - INFO - Fetching Open-Meteo data from 2024-06-20 to 2024-06-23
2026-05-11 16:25:25,246 - INFO - Inserted 288 new rows into weather_data.
2026-05-11 16:25:30,248 - INFO - Fetching DA prices from 2024-06-23 00:00:00+02:00 to 2024-06-26 00:00:00+02:00
2026-05-11 16:25:31,199 - INFO - Inserted 288 new rows into day_ahead_prices.
2026-05-11 16:25:31,199 - INFO - Fetching actual load from 2024-06-23 00:00:00+02:00 to 2024-06-26 00:00:00+02:00
2026-05-11 16:25:31,944 - INFO - Inserted 288 new rows into actual_load.
2026-05-11 16:25:31,944 - INFO - Fetching generation mix from 2024-06-23 00:00:00+02:00 to 2024-06-26 00:00:00+02:00
2026-05-11 16:25:35,452 - INFO - Inserted 288 new rows into generation_mix.
2026-05-11 16:25:35,453 - INFO - Fetching Open-Meteo data from 2024-06-23 to 2024-06-26
2026-05-11 16:25:35,987 - INFO - Inserted 288 new rows into weather_data.
2026-05-11 16:25:40,989 - INFO - Fetching DA prices from 2024-06-26 00:00:00+02:00 to 2024-06-29 00:00:00+02:00
2026-05-11 16:25:41,740 - INFO - Inserted 288 new rows into day_ahead_prices.
2026-05-11 16:25:41,740 - INFO - Fetching actual load from 2024-06-26 00:00:00+02:00 to 2024-06-29 00:00:00+02:00
2026-05-11 16:25:42,769 - INFO - Inserted 288 new rows into actual_load.
2026-05-11 16:25:42,769 - INFO - Fetching generation mix from 2024-06-26 00:00:00+02:00 to 2024-06-29 00:00:00+02:00
2026-05-11 16:25:45,812 - INFO - Inserted 288 new rows into generation_mix.
2026-05-11 16:25:45,813 - INFO - Fetching Open-Meteo data from 2024-06-26 to 2024-06-29
2026-05-11 16:25:46,559 - INFO - Inserted 288 new rows into weather_data.
2026-05-11 16:25:51,560 - INFO - Fetching DA prices from 2024-06-29 00:00:00+02:00 to 2024-07-02 00:00:00+02:00
2026-05-11 16:25:52,357 - INFO - Inserted 288 new rows into day_ahead_prices.
2026-05-11 16:25:52,358 - INFO - Fetching actual load from 2024-06-29 00:00:00+02:00 to 2024-07-02 00:00:00+02:00
2026-05-11 16:25:53,114 - INFO - Inserted 288 new rows into actual_load.
2026-05-11 16:25:53,114 - INFO - Fetching generation mix from 2024-06-29 00:00:00+02:00 to 2024-07-02 00:00:00+02:00
2026-05-11 16:25:55,675 - INFO - Inserted 288 new rows into generation_mix.
2026-05-11 16:25:55,676 - INFO - Fetching Open-Meteo data from 2024-06-29 to 2024-07-02
2026-05-11 16:25:56,188 - INFO - Inserted 288 new rows into weather_data.
2026-05-11 16:26:01,191 - INFO - Fetching DA prices from 2024-07-02 00:00:00+02:00 to 2024-07-05 00:00:00+02:00
2026-05-11 16:26:02,101 - INFO - Inserted 288 new rows into day_ahead_prices.
2026-05-11 16:26:02,102 - INFO - Fetching actual load from 2024-07-02 00:00:00+02:00 to 2024-07-05 00:00:00+02:00
2026-05-11 16:26:02,669 - INFO - Inserted 288 new rows into actual_load.
2026-05-11 16:26:02,669 - INFO - Fetching generation mix from 2024-07-02 00:00:00+02:00 to 2024-07-05 00:00:00+02:00
2026-05-11 16:26:05,117 - INFO - Inserted 288 new rows into generation_mix.
2026-05-11 16:26:05,117 - INFO - Fetching Open-Meteo data from 2024-07-02 to 2024-07-05
2026-05-11 16:26:06,196 - INFO - Inserted 288 new rows into weather_data.
2026-05-11 16:26:11,199 - INFO - Fetching DA prices from 2024-07-05 00:00:00+02:00 to 2024-07-08 00:00:00+02:00
2026-05-11 16:26:12,004 - INFO - Inserted 288 new rows into day_ahead_prices.
2026-05-11 16:26:12,005 - INFO - Fetching actual load from 2024-07-05 00:00:00+02:00 to 2024-07-08 00:00:00+02:00
2026-05-11 16:26:12,565 - INFO - Inserted 288 new rows into actual_load.
2026-05-11 16:26:12,565 - INFO - Fetching generation mix from 2024-07-05 00:00:00+02:00 to 2024-07-08 00:00:00+02:00
2026-05-11 16:26:15,205 - INFO - Inserted 288 new rows into generation_mix.
2026-05-11 16:26:15,205 - INFO - Fetching Open-Meteo data from 2024-07-05 to 2024-07-08
2026-05-11 16:26:15,929 - INFO - Inserted 288 new rows into weather_data.
2026-05-11 16:26:20,931 - INFO - Fetching DA prices from 2024-07-08 00:00:00+02:00 to 2024-07-11 00:00:00+02:00
2026-05-11 16:26:21,887 - INFO - Inserted 288 new rows into day_ahead_prices.
2026-05-11 16:26:21,887 - INFO - Fetching actual load from 2024-07-08 00:00:00+02:00 to 2024-07-11 00:00:00+02:00
2026-05-11 16:26:22,543 - INFO - Inserted 288 new rows into actual_load.
2026-05-11 16:26:22,544 - INFO - Fetching generation mix from 2024-07-08 00:00:00+02:00 to 2024-07-11 00:00:00+02:00
2026-05-11 16:26:25,266 - INFO - Inserted 288 new rows into generation_mix.
2026-05-11 16:26:25,267 - INFO - Fetching Open-Meteo data from 2024-07-08 to 2024-07-11
2026-05-11 16:26:26,129 - INFO - Inserted 288 new rows into weather_data.
2026-05-11 16:26:31,131 - INFO - Fetching DA prices from 2024-07-11 00:00:00+02:00 to 2024-07-14 00:00:00+02:00
2026-05-11 16:26:31,979 - INFO - Inserted 288 new rows into day_ahead_prices.
2026-05-11 16:26:31,979 - INFO - Fetching actual load from 2024-07-11 00:00:00+02:00 to 2024-07-14 00:00:00+02:00
2026-05-11 16:26:32,769 - INFO - Inserted 288 new rows into actual_load.
2026-05-11 16:26:32,769 - INFO - Fetching generation mix from 2024-07-11 00:00:00+02:00 to 2024-07-14 00:00:00+02:00
2026-05-11 16:26:35,725 - INFO - Inserted 288 new rows into generation_mix.
2026-05-11 16:26:35,726 - INFO - Fetching Open-Meteo data from 2024-07-11 to 2024-07-14
2026-05-11 16:26:36,354 - INFO - Inserted 288 new rows into weather_data.
2026-05-11 16:26:41,356 - INFO - Fetching DA prices from 2024-07-14 00:00:00+02:00 to 2024-07-17 00:00:00+02:00
2026-05-11 16:26:42,249 - INFO - Inserted 288 new rows into day_ahead_prices.
2026-05-11 16:26:42,249 - INFO - Fetching actual load from 2024-07-14 00:00:00+02:00 to 2024-07-17 00:00:00+02:00
2026-05-11 16:26:42,772 - INFO - Inserted 288 new rows into actual_load.
2026-05-11 16:26:42,772 - INFO - Fetching generation mix from 2024-07-14 00:00:00+02:00 to 2024-07-17 00:00:00+02:00
2026-05-11 16:26:45,387 - INFO - Inserted 288 new rows into generation_mix.
2026-05-11 16:26:45,387 - INFO - Fetching Open-Meteo data from 2024-07-14 to 2024-07-17
2026-05-11 16:26:46,188 - INFO - Inserted 288 new rows into weather_data.
2026-05-11 16:26:51,189 - INFO - Fetching DA prices from 2024-07-17 00:00:00+02:00 to 2024-07-20 00:00:00+02:00
2026-05-11 16:26:51,988 - INFO - Inserted 288 new rows into day_ahead_prices.
2026-05-11 16:26:51,988 - INFO - Fetching actual load from 2024-07-17 00:00:00+02:00 to 2024-07-20 00:00:00+02:00
2026-05-11 16:26:52,566 - INFO - Inserted 288 new rows into actual_load.
2026-05-11 16:26:52,567 - INFO - Fetching generation mix from 2024-07-17 00:00:00+02:00 to 2024-07-20 00:00:00+02:00
2026-05-11 16:26:55,025 - INFO - Inserted 288 new rows into generation_mix.
2026-05-11 16:26:55,026 - INFO - Fetching Open-Meteo data from 2024-07-17 to 2024-07-20
2026-05-11 16:26:55,638 - INFO - Inserted 288 new rows into weather_data.
2026-05-11 16:27:00,641 - INFO - Fetching DA prices from 2024-07-20 00:00:00+02:00 to 2024-07-23 00:00:00+02:00
2026-05-11 16:27:01,577 - INFO - Inserted 288 new rows into day_ahead_prices.
2026-05-11 16:27:01,578 - INFO - Fetching actual load from 2024-07-20 00:00:00+02:00 to 2024-07-23 00:00:00+02:00
2026-05-11 16:27:02,261 - INFO - Inserted 288 new rows into actual_load.
2026-05-11 16:27:02,261 - INFO - Fetching generation mix from 2024-07-20 00:00:00+02:00 to 2024-07-23 00:00:00+02:00
2026-05-11 16:27:04,721 - INFO - Inserted 288 new rows into generation_mix.
2026-05-11 16:27:04,722 - INFO - Fetching Open-Meteo data from 2024-07-20 to 2024-07-23
2026-05-11 16:27:05,278 - INFO - Inserted 288 new rows into weather_data.
2026-05-11 16:27:10,281 - INFO - Fetching DA prices from 2024-07-23 00:00:00+02:00 to 2024-07-26 00:00:00+02:00
2026-05-11 16:27:11,042 - INFO - Inserted 288 new rows into day_ahead_prices.
2026-05-11 16:27:11,043 - INFO - Fetching actual load from 2024-07-23 00:00:00+02:00 to 2024-07-26 00:00:00+02:00
2026-05-11 16:27:11,626 - INFO - Inserted 288 new rows into actual_load.
2026-05-11 16:27:11,627 - INFO - Fetching generation mix from 2024-07-23 00:00:00+02:00 to 2024-07-26 00:00:00+02:00
2026-05-11 16:27:14,641 - INFO - Inserted 288 new rows into generation_mix.
2026-05-11 16:27:14,642 - INFO - Fetching Open-Meteo data from 2024-07-23 to 2024-07-26
2026-05-11 16:27:15,221 - INFO - Inserted 288 new rows into weather_data.
2026-05-11 16:27:20,223 - INFO - Fetching DA prices from 2024-07-26 00:00:00+02:00 to 2024-07-29 00:00:00+02:00
2026-05-11 16:27:21,263 - INFO - Inserted 288 new rows into day_ahead_prices.
2026-05-11 16:27:21,264 - INFO - Fetching actual load from 2024-07-26 00:00:00+02:00 to 2024-07-29 00:00:00+02:00
2026-05-11 16:27:22,002 - INFO - Inserted 288 new rows into actual_load.
2026-05-11 16:27:22,003 - INFO - Fetching generation mix from 2024-07-26 00:00:00+02:00 to 2024-07-29 00:00:00+02:00
2026-05-11 16:27:24,669 - INFO - Inserted 288 new rows into generation_mix.
2026-05-11 16:27:24,670 - INFO - Fetching Open-Meteo data from 2024-07-26 to 2024-07-29
2026-05-11 16:27:25,987 - INFO - Inserted 288 new rows into weather_data.
2026-05-11 16:27:30,989 - INFO - Fetching DA prices from 2024-07-29 00:00:00+02:00 to 2024-08-01 00:00:00+02:00
2026-05-11 16:27:31,917 - INFO - Inserted 288 new rows into day_ahead_prices.
2026-05-11 16:27:31,918 - INFO - Fetching actual load from 2024-07-29 00:00:00+02:00 to 2024-08-01 00:00:00+02:00
2026-05-11 16:27:32,474 - INFO - Inserted 288 new rows into actual_load.
2026-05-11 16:27:32,474 - INFO - Fetching generation mix from 2024-07-29 00:00:00+02:00 to 2024-08-01 00:00:00+02:00
2026-05-11 16:27:35,424 - INFO - Inserted 288 new rows into generation_mix.
2026-05-11 16:27:35,425 - INFO - Fetching Open-Meteo data from 2024-07-29 to 2024-08-01
2026-05-11 16:27:36,026 - INFO - Inserted 288 new rows into weather_data.
2026-05-11 16:27:41,028 - INFO - Fetching DA prices from 2024-08-01 00:00:00+02:00 to 2024-08-04 00:00:00+02:00
2026-05-11 16:27:41,956 - INFO - Inserted 288 new rows into day_ahead_prices.
2026-05-11 16:27:41,957 - INFO - Fetching actual load from 2024-08-01 00:00:00+02:00 to 2024-08-04 00:00:00+02:00
2026-05-11 16:27:42,662 - INFO - Inserted 288 new rows into actual_load.
2026-05-11 16:27:42,662 - INFO - Fetching generation mix from 2024-08-01 00:00:00+02:00 to 2024-08-04 00:00:00+02:00
2026-05-11 16:27:45,196 - INFO - Inserted 288 new rows into generation_mix.
2026-05-11 16:27:45,197 - INFO - Fetching Open-Meteo data from 2024-08-01 to 2024-08-04
2026-05-11 16:27:45,797 - INFO - Inserted 288 new rows into weather_data.
2026-05-11 16:27:50,799 - INFO - Fetching DA prices from 2024-08-04 00:00:00+02:00 to 2024-08-07 00:00:00+02:00
2026-05-11 16:27:51,655 - INFO - Inserted 288 new rows into day_ahead_prices.
2026-05-11 16:27:51,656 - INFO - Fetching actual load from 2024-08-04 00:00:00+02:00 to 2024-08-07 00:00:00+02:00
2026-05-11 16:27:52,534 - INFO - Inserted 288 new rows into actual_load.
2026-05-11 16:27:52,535 - INFO - Fetching generation mix from 2024-08-04 00:00:00+02:00 to 2024-08-07 00:00:00+02:00
2026-05-11 16:27:55,313 - INFO - Inserted 288 new rows into generation_mix.
2026-05-11 16:27:55,313 - INFO - Fetching Open-Meteo data from 2024-08-04 to 2024-08-07
2026-05-11 16:27:55,837 - INFO - Inserted 288 new rows into weather_data.
2026-05-11 16:28:00,839 - INFO - Fetching DA prices from 2024-08-07 00:00:00+02:00 to 2024-08-10 00:00:00+02:00
2026-05-11 16:28:02,216 - INFO - Inserted 288 new rows into day_ahead_prices.
2026-05-11 16:28:02,217 - INFO - Fetching actual load from 2024-08-07 00:00:00+02:00 to 2024-08-10 00:00:00+02:00
2026-05-11 16:28:02,973 - INFO - Inserted 288 new rows into actual_load.
2026-05-11 16:28:02,973 - INFO - Fetching generation mix from 2024-08-07 00:00:00+02:00 to 2024-08-10 00:00:00+02:00
2026-05-11 16:28:05,787 - INFO - Inserted 288 new rows into generation_mix.
2026-05-11 16:28:05,788 - INFO - Fetching Open-Meteo data from 2024-08-07 to 2024-08-10
2026-05-11 16:28:07,156 - INFO - Inserted 288 new rows into weather_data.
2026-05-11 16:28:12,158 - INFO - Fetching DA prices from 2024-08-10 00:00:00+02:00 to 2024-08-13 00:00:00+02:00
2026-05-11 16:28:13,050 - INFO - Inserted 288 new rows into day_ahead_prices.
2026-05-11 16:28:13,050 - INFO - Fetching actual load from 2024-08-10 00:00:00+02:00 to 2024-08-13 00:00:00+02:00
2026-05-11 16:28:13,606 - INFO - Inserted 288 new rows into actual_load.
2026-05-11 16:28:13,607 - INFO - Fetching generation mix from 2024-08-10 00:00:00+02:00 to 2024-08-13 00:00:00+02:00
2026-05-11 16:28:16,000 - INFO - Inserted 288 new rows into generation_mix.
2026-05-11 16:28:16,001 - INFO - Fetching Open-Meteo data from 2024-08-10 to 2024-08-13
2026-05-11 16:28:16,591 - INFO - Inserted 288 new rows into weather_data.
2026-05-11 16:28:21,593 - INFO - Fetching DA prices from 2024-08-13 00:00:00+02:00 to 2024-08-16 00:00:00+02:00
2026-05-11 16:28:22,485 - INFO - Inserted 288 new rows into day_ahead_prices.
2026-05-11 16:28:22,485 - INFO - Fetching actual load from 2024-08-13 00:00:00+02:00 to 2024-08-16 00:00:00+02:00
2026-05-11 16:28:23,208 - INFO - Inserted 288 new rows into actual_load.
2026-05-11 16:28:23,209 - INFO - Fetching generation mix from 2024-08-13 00:00:00+02:00 to 2024-08-16 00:00:00+02:00
2026-05-11 16:28:25,850 - INFO - Inserted 288 new rows into generation_mix.
2026-05-11 16:28:25,851 - INFO - Fetching Open-Meteo data from 2024-08-13 to 2024-08-16
2026-05-11 16:28:26,474 - INFO - Inserted 288 new rows into weather_data.
2026-05-11 16:28:31,477 - INFO - Fetching DA prices from 2024-08-16 00:00:00+02:00 to 2024-08-19 00:00:00+02:00
2026-05-11 16:28:32,407 - INFO - Inserted 288 new rows into day_ahead_prices.
2026-05-11 16:28:32,408 - INFO - Fetching actual load from 2024-08-16 00:00:00+02:00 to 2024-08-19 00:00:00+02:00
2026-05-11 16:28:32,997 - INFO - Inserted 288 new rows into actual_load.
2026-05-11 16:28:32,997 - INFO - Fetching generation mix from 2024-08-16 00:00:00+02:00 to 2024-08-19 00:00:00+02:00
2026-05-11 16:28:35,675 - INFO - Inserted 288 new rows into generation_mix.
2026-05-11 16:28:35,676 - INFO - Fetching Open-Meteo data from 2024-08-16 to 2024-08-19
2026-05-11 16:28:36,310 - INFO - Inserted 288 new rows into weather_data.
2026-05-11 16:28:41,313 - INFO - Fetching DA prices from 2024-08-19 00:00:00+02:00 to 2024-08-22 00:00:00+02:00
2026-05-11 16:28:42,296 - INFO - Inserted 288 new rows into day_ahead_prices.
2026-05-11 16:28:42,297 - INFO - Fetching actual load from 2024-08-19 00:00:00+02:00 to 2024-08-22 00:00:00+02:00
2026-05-11 16:28:42,919 - INFO - Inserted 288 new rows into actual_load.
2026-05-11 16:28:42,920 - INFO - Fetching generation mix from 2024-08-19 00:00:00+02:00 to 2024-08-22 00:00:00+02:00
2026-05-11 16:28:45,572 - INFO - Inserted 288 new rows into generation_mix.
2026-05-11 16:28:45,573 - INFO - Fetching Open-Meteo data from 2024-08-19 to 2024-08-22
2026-05-11 16:28:46,674 - INFO - Inserted 288 new rows into weather_data.
2026-05-11 16:28:51,676 - INFO - Fetching DA prices from 2024-08-22 00:00:00+02:00 to 2024-08-25 00:00:00+02:00
2026-05-11 16:28:52,504 - INFO - Inserted 288 new rows into day_ahead_prices.
2026-05-11 16:28:52,505 - INFO - Fetching actual load from 2024-08-22 00:00:00+02:00 to 2024-08-25 00:00:00+02:00
2026-05-11 16:28:53,061 - INFO - Inserted 288 new rows into actual_load.
2026-05-11 16:28:53,061 - INFO - Fetching generation mix from 2024-08-22 00:00:00+02:00 to 2024-08-25 00:00:00+02:00
2026-05-11 16:28:55,687 - INFO - Inserted 288 new rows into generation_mix.
2026-05-11 16:28:55,688 - INFO - Fetching Open-Meteo data from 2024-08-22 to 2024-08-25
2026-05-11 16:28:56,289 - INFO - Inserted 288 new rows into weather_data.
2026-05-11 16:29:01,292 - INFO - Fetching DA prices from 2024-08-25 00:00:00+02:00 to 2024-08-28 00:00:00+02:00
2026-05-11 16:29:02,294 - INFO - Inserted 288 new rows into day_ahead_prices.
2026-05-11 16:29:02,295 - INFO - Fetching actual load from 2024-08-25 00:00:00+02:00 to 2024-08-28 00:00:00+02:00
2026-05-11 16:29:02,917 - INFO - Inserted 288 new rows into actual_load.
2026-05-11 16:29:02,918 - INFO - Fetching generation mix from 2024-08-25 00:00:00+02:00 to 2024-08-28 00:00:00+02:00
2026-05-11 16:29:05,572 - INFO - Inserted 288 new rows into generation_mix.
2026-05-11 16:29:05,573 - INFO - Fetching Open-Meteo data from 2024-08-25 to 2024-08-28
2026-05-11 16:29:06,130 - INFO - Inserted 288 new rows into weather_data.
2026-05-11 16:29:11,132 - INFO - Fetching DA prices from 2024-08-28 00:00:00+02:00 to 2024-08-31 00:00:00+02:00
2026-05-11 16:29:11,960 - INFO - Inserted 288 new rows into day_ahead_prices.
2026-05-11 16:29:11,961 - INFO - Fetching actual load from 2024-08-28 00:00:00+02:00 to 2024-08-31 00:00:00+02:00
2026-05-11 16:29:12,605 - INFO - Inserted 288 new rows into actual_load.
2026-05-11 16:29:12,606 - INFO - Fetching generation mix from 2024-08-28 00:00:00+02:00 to 2024-08-31 00:00:00+02:00
2026-05-11 16:29:15,473 - INFO - Inserted 288 new rows into generation_mix.
2026-05-11 16:29:15,474 - INFO - Fetching Open-Meteo data from 2024-08-28 to 2024-08-31
2026-05-11 16:29:16,064 - INFO - Inserted 288 new rows into weather_data.
2026-05-11 16:29:21,067 - INFO - Fetching DA prices from 2024-08-31 00:00:00+02:00 to 2024-09-03 00:00:00+02:00
2026-05-11 16:29:21,898 - INFO - Inserted 288 new rows into day_ahead_prices.
2026-05-11 16:29:21,899 - INFO - Fetching actual load from 2024-08-31 00:00:00+02:00 to 2024-09-03 00:00:00+02:00
2026-05-11 16:29:22,444 - INFO - Inserted 288 new rows into actual_load.
2026-05-11 16:29:22,444 - INFO - Fetching generation mix from 2024-08-31 00:00:00+02:00 to 2024-09-03 00:00:00+02:00
2026-05-11 16:29:25,101 - INFO - Inserted 288 new rows into generation_mix.
2026-05-11 16:29:25,102 - INFO - Fetching Open-Meteo data from 2024-08-31 to 2024-09-03
2026-05-11 16:29:26,179 - INFO - Inserted 288 new rows into weather_data.
2026-05-11 16:29:31,182 - INFO - Fetching DA prices from 2024-09-03 00:00:00+02:00 to 2024-09-06 00:00:00+02:00
2026-05-11 16:29:32,347 - INFO - Inserted 288 new rows into day_ahead_prices.
2026-05-11 16:29:32,347 - INFO - Fetching actual load from 2024-09-03 00:00:00+02:00 to 2024-09-06 00:00:00+02:00
2026-05-11 16:29:32,903 - INFO - Inserted 288 new rows into actual_load.
2026-05-11 16:29:32,904 - INFO - Fetching generation mix from 2024-09-03 00:00:00+02:00 to 2024-09-06 00:00:00+02:00
2026-05-11 16:29:35,409 - INFO - Inserted 288 new rows into generation_mix.
2026-05-11 16:29:35,410 - INFO - Fetching Open-Meteo data from 2024-09-03 to 2024-09-06
2026-05-11 16:29:35,954 - INFO - Inserted 288 new rows into weather_data.
2026-05-11 16:29:40,956 - INFO - Fetching DA prices from 2024-09-06 00:00:00+02:00 to 2024-09-09 00:00:00+02:00
2026-05-11 16:29:42,332 - INFO - Inserted 288 new rows into day_ahead_prices.
2026-05-11 16:29:42,333 - INFO - Fetching actual load from 2024-09-06 00:00:00+02:00 to 2024-09-09 00:00:00+02:00
2026-05-11 16:29:42,922 - INFO - Inserted 288 new rows into actual_load.
2026-05-11 16:29:42,923 - INFO - Fetching generation mix from 2024-09-06 00:00:00+02:00 to 2024-09-09 00:00:00+02:00
2026-05-11 16:29:45,797 - INFO - Inserted 288 new rows into generation_mix.
2026-05-11 16:29:45,798 - INFO - Fetching Open-Meteo data from 2024-09-06 to 2024-09-09
2026-05-11 16:29:46,376 - INFO - Inserted 288 new rows into weather_data.
2026-05-11 16:29:51,379 - INFO - Fetching DA prices from 2024-09-09 00:00:00+02:00 to 2024-09-12 00:00:00+02:00
2026-05-11 16:29:52,196 - INFO - Inserted 288 new rows into day_ahead_prices.
2026-05-11 16:29:52,196 - INFO - Fetching actual load from 2024-09-09 00:00:00+02:00 to 2024-09-12 00:00:00+02:00
2026-05-11 16:29:52,763 - INFO - Inserted 288 new rows into actual_load.
2026-05-11 16:29:52,764 - INFO - Fetching generation mix from 2024-09-09 00:00:00+02:00 to 2024-09-12 00:00:00+02:00
2026-05-11 16:29:55,381 - INFO - Inserted 288 new rows into generation_mix.
2026-05-11 16:29:55,381 - INFO - Fetching Open-Meteo data from 2024-09-09 to 2024-09-12
2026-05-11 16:29:56,618 - INFO - Inserted 288 new rows into weather_data.
2026-05-11 16:30:01,621 - INFO - Fetching DA prices from 2024-09-12 00:00:00+02:00 to 2024-09-15 00:00:00+02:00
2026-05-11 16:31:06,107 - INFO - Inserted 288 new rows into day_ahead_prices.
2026-05-11 16:31:06,107 - INFO - Fetching actual load from 2024-09-12 00:00:00+02:00 to 2024-09-15 00:00:00+02:00
2026-05-11 16:31:06,991 - ERROR - ENTSO-E Fetcher failed for 20240912 to 20240915: 503 Server Error: Service Unavailable for url: https://web-api.tp.entsoe.eu/api?documentType=A65&processType=A16&outBiddingZone_Domain=10Y1001A1001A82H&out_Domain=10Y1001A1001A82H&securityToken=599e95d4-4601-41e5-bf48-ed4db1d9190d&periodStart=202409112200&periodEnd=202409142200
2026-05-11 16:31:08,992 - INFO - Fetching DA prices from 2024-09-12 00:00:00+02:00 to 2024-09-15 00:00:00+02:00
2026-05-11 16:31:13,126 - ERROR - ENTSO-E Fetcher failed for 20240912 to 20240915: 503 Server Error: Service Unavailable for url: https://web-api.tp.entsoe.eu/api?documentType=A44&in_Domain=10Y1001A1001A82H&out_Domain=10Y1001A1001A82H&offset=0&contract_MarketAgreement.type=A01&classificationSequence_AttributeInstanceComponent.position=1&securityToken=599e95d4-4601-41e5-bf48-ed4db1d9190d&periodStart=202409102200&periodEnd=202409152200
2026-05-11 16:31:17,128 - INFO - Fetching DA prices from 2024-09-12 00:00:00+02:00 to 2024-09-15 00:00:00+02:00
2026-05-11 16:31:38,528 - INFO - Fetching actual load from 2024-09-12 00:00:00+02:00 to 2024-09-15 00:00:00+02:00
2026-05-11 16:31:40,280 - INFO - Inserted 288 new rows into actual_load.
2026-05-11 16:31:40,281 - INFO - Fetching generation mix from 2024-09-12 00:00:00+02:00 to 2024-09-15 00:00:00+02:00
2026-05-11 16:31:44,958 - INFO - Inserted 288 new rows into generation_mix.
2026-05-11 16:31:44,959 - INFO - Fetching Open-Meteo data from 2024-09-12 to 2024-09-15
2026-05-11 16:31:47,309 - INFO - Inserted 288 new rows into weather_data.
2026-05-11 16:31:52,311 - INFO - Fetching DA prices from 2024-09-15 00:00:00+02:00 to 2024-09-18 00:00:00+02:00
2026-05-11 16:31:58,326 - INFO - Inserted 288 new rows into day_ahead_prices.
2026-05-11 16:31:58,326 - INFO - Fetching actual load from 2024-09-15 00:00:00+02:00 to 2024-09-18 00:00:00+02:00
2026-05-11 16:32:01,571 - INFO - Inserted 288 new rows into actual_load.
2026-05-11 16:32:01,572 - INFO - Fetching generation mix from 2024-09-15 00:00:00+02:00 to 2024-09-18 00:00:00+02:00
2026-05-11 16:32:06,899 - INFO - Inserted 288 new rows into generation_mix.
2026-05-11 16:32:06,900 - INFO - Fetching Open-Meteo data from 2024-09-15 to 2024-09-18
2026-05-11 16:32:07,611 - INFO - Inserted 288 new rows into weather_data.
2026-05-11 16:32:12,613 - INFO - Fetching DA prices from 2024-09-18 00:00:00+02:00 to 2024-09-21 00:00:00+02:00
2026-05-11 16:32:17,885 - INFO - Inserted 288 new rows into day_ahead_prices.
2026-05-11 16:32:17,886 - INFO - Fetching actual load from 2024-09-18 00:00:00+02:00 to 2024-09-21 00:00:00+02:00
2026-05-11 16:32:20,831 - INFO - Inserted 288 new rows into actual_load.
2026-05-11 16:32:20,831 - INFO - Fetching generation mix from 2024-09-18 00:00:00+02:00 to 2024-09-21 00:00:00+02:00
2026-05-11 16:32:24,765 - INFO - Inserted 288 new rows into generation_mix.
2026-05-11 16:32:24,766 - INFO - Fetching Open-Meteo data from 2024-09-18 to 2024-09-21
2026-05-11 16:32:25,289 - INFO - Inserted 288 new rows into weather_data.
2026-05-11 16:32:30,292 - INFO - Fetching DA prices from 2024-09-21 00:00:00+02:00 to 2024-09-24 00:00:00+02:00
2026-05-11 16:32:34,509 - INFO - Inserted 288 new rows into day_ahead_prices.
2026-05-11 16:32:34,510 - INFO - Fetching actual load from 2024-09-21 00:00:00+02:00 to 2024-09-24 00:00:00+02:00
2026-05-11 16:32:36,121 - INFO - Inserted 288 new rows into actual_load.
2026-05-11 16:32:36,122 - INFO - Fetching generation mix from 2024-09-21 00:00:00+02:00 to 2024-09-24 00:00:00+02:00
2026-05-11 16:32:42,659 - INFO - Inserted 288 new rows into generation_mix.
2026-05-11 16:32:42,660 - INFO - Fetching Open-Meteo data from 2024-09-21 to 2024-09-24
2026-05-11 16:32:43,639 - INFO - Inserted 288 new rows into weather_data.
2026-05-11 16:32:48,641 - INFO - Fetching DA prices from 2024-09-24 00:00:00+02:00 to 2024-09-27 00:00:00+02:00
2026-05-11 16:32:51,305 - INFO - Inserted 288 new rows into day_ahead_prices.
2026-05-11 16:32:51,306 - INFO - Fetching actual load from 2024-09-24 00:00:00+02:00 to 2024-09-27 00:00:00+02:00
2026-05-11 16:32:52,662 - INFO - Inserted 288 new rows into actual_load.
2026-05-11 16:32:52,662 - INFO - Fetching generation mix from 2024-09-24 00:00:00+02:00 to 2024-09-27 00:00:00+02:00
2026-05-11 16:32:59,523 - INFO - Inserted 288 new rows into generation_mix.
2026-05-11 16:32:59,524 - INFO - Fetching Open-Meteo data from 2024-09-24 to 2024-09-27
2026-05-11 16:33:00,047 - INFO - Inserted 288 new rows into weather_data.
2026-05-11 16:33:05,049 - INFO - Fetching DA prices from 2024-09-27 00:00:00+02:00 to 2024-09-30 00:00:00+02:00
2026-05-11 16:33:12,052 - INFO - Inserted 288 new rows into day_ahead_prices.
2026-05-11 16:33:12,053 - INFO - Fetching actual load from 2024-09-27 00:00:00+02:00 to 2024-09-30 00:00:00+02:00
2026-05-11 16:33:15,511 - INFO - Inserted 288 new rows into actual_load.
2026-05-11 16:33:15,512 - INFO - Fetching generation mix from 2024-09-27 00:00:00+02:00 to 2024-09-30 00:00:00+02:00
2026-05-11 16:33:19,792 - INFO - Inserted 288 new rows into generation_mix.
2026-05-11 16:33:19,793 - INFO - Fetching Open-Meteo data from 2024-09-27 to 2024-09-30
2026-05-11 16:33:20,394 - INFO - Inserted 288 new rows into weather_data.
2026-05-11 16:33:25,397 - INFO - Fetching DA prices from 2024-09-30 00:00:00+02:00 to 2024-10-03 00:00:00+02:00
2026-05-11 16:33:29,863 - INFO - Inserted 288 new rows into day_ahead_prices.
2026-05-11 16:33:29,863 - INFO - Fetching actual load from 2024-09-30 00:00:00+02:00 to 2024-10-03 00:00:00+02:00
2026-05-11 16:33:31,275 - INFO - Inserted 288 new rows into actual_load.
2026-05-11 16:33:31,276 - INFO - Fetching generation mix from 2024-09-30 00:00:00+02:00 to 2024-10-03 00:00:00+02:00
2026-05-11 16:33:35,701 - INFO - Inserted 288 new rows into generation_mix.
2026-05-11 16:33:35,702 - INFO - Fetching Open-Meteo data from 2024-09-30 to 2024-10-03
2026-05-11 16:33:36,281 - INFO - Inserted 288 new rows into weather_data.
2026-05-11 16:33:41,284 - INFO - Fetching DA prices from 2024-10-03 00:00:00+02:00 to 2024-10-06 00:00:00+02:00
2026-05-11 16:33:44,152 - INFO - Inserted 288 new rows into day_ahead_prices.
2026-05-11 16:33:44,152 - INFO - Fetching actual load from 2024-10-03 00:00:00+02:00 to 2024-10-06 00:00:00+02:00
2026-05-11 16:33:48,902 - INFO - Inserted 288 new rows into actual_load.
2026-05-11 16:33:48,903 - INFO - Fetching generation mix from 2024-10-03 00:00:00+02:00 to 2024-10-06 00:00:00+02:00
2026-05-11 16:33:56,092 - INFO - Inserted 288 new rows into generation_mix.
2026-05-11 16:33:56,092 - INFO - Fetching Open-Meteo data from 2024-10-03 to 2024-10-06
2026-05-11 16:33:56,638 - INFO - Inserted 288 new rows into weather_data.
2026-05-11 16:34:01,640 - INFO - Fetching DA prices from 2024-10-06 00:00:00+02:00 to 2024-10-09 00:00:00+02:00
2026-05-11 16:34:04,168 - INFO - Inserted 288 new rows into day_ahead_prices.
2026-05-11 16:34:04,169 - INFO - Fetching actual load from 2024-10-06 00:00:00+02:00 to 2024-10-09 00:00:00+02:00
2026-05-11 16:34:07,430 - INFO - Inserted 288 new rows into actual_load.
2026-05-11 16:34:07,430 - INFO - Fetching generation mix from 2024-10-06 00:00:00+02:00 to 2024-10-09 00:00:00+02:00
2026-05-11 16:34:13,069 - INFO - Inserted 288 new rows into generation_mix.
2026-05-11 16:34:13,069 - INFO - Fetching Open-Meteo data from 2024-10-06 to 2024-10-09
2026-05-11 16:34:13,715 - INFO - Inserted 288 new rows into weather_data.
2026-05-11 16:34:18,717 - INFO - Fetching DA prices from 2024-10-09 00:00:00+02:00 to 2024-10-12 00:00:00+02:00
2026-05-11 16:34:20,465 - INFO - Inserted 288 new rows into day_ahead_prices.
2026-05-11 16:34:20,466 - INFO - Fetching actual load from 2024-10-09 00:00:00+02:00 to 2024-10-12 00:00:00+02:00
2026-05-11 16:34:22,118 - INFO - Inserted 288 new rows into actual_load.
2026-05-11 16:34:22,118 - INFO - Fetching generation mix from 2024-10-09 00:00:00+02:00 to 2024-10-12 00:00:00+02:00
2026-05-11 16:34:26,343 - INFO - Inserted 288 new rows into generation_mix.
2026-05-11 16:34:26,345 - INFO - Fetching Open-Meteo data from 2024-10-09 to 2024-10-12
2026-05-11 16:34:26,934 - INFO - Inserted 288 new rows into weather_data.
2026-05-11 16:34:31,936 - INFO - Fetching DA prices from 2024-10-12 00:00:00+02:00 to 2024-10-15 00:00:00+02:00
2026-05-11 16:34:42,774 - INFO - Inserted 288 new rows into day_ahead_prices.
2026-05-11 16:34:42,775 - INFO - Fetching actual load from 2024-10-12 00:00:00+02:00 to 2024-10-15 00:00:00+02:00
2026-05-11 16:34:44,500 - INFO - Inserted 288 new rows into actual_load.
2026-05-11 16:34:44,500 - INFO - Fetching generation mix from 2024-10-12 00:00:00+02:00 to 2024-10-15 00:00:00+02:00
2026-05-11 16:34:51,064 - INFO - Inserted 288 new rows into generation_mix.
2026-05-11 16:34:51,065 - INFO - Fetching Open-Meteo data from 2024-10-12 to 2024-10-15
2026-05-11 16:34:51,611 - INFO - Inserted 288 new rows into weather_data.
2026-05-11 16:34:56,613 - INFO - Fetching DA prices from 2024-10-15 00:00:00+02:00 to 2024-10-18 00:00:00+02:00
2026-05-11 16:35:08,271 - INFO - Inserted 288 new rows into day_ahead_prices.
2026-05-11 16:35:08,272 - INFO - Fetching actual load from 2024-10-15 00:00:00+02:00 to 2024-10-18 00:00:00+02:00
2026-05-11 16:35:18,802 - INFO - Inserted 288 new rows into actual_load.
2026-05-11 16:35:18,803 - INFO - Fetching generation mix from 2024-10-15 00:00:00+02:00 to 2024-10-18 00:00:00+02:00
2026-05-11 16:35:26,792 - INFO - Inserted 288 new rows into generation_mix.
2026-05-11 16:35:26,793 - INFO - Fetching Open-Meteo data from 2024-10-15 to 2024-10-18
2026-05-11 16:35:27,342 - INFO - Inserted 288 new rows into weather_data.
2026-05-11 16:35:32,344 - INFO - Fetching DA prices from 2024-10-18 00:00:00+02:00 to 2024-10-21 00:00:00+02:00
2026-05-11 16:35:37,048 - INFO - Inserted 288 new rows into day_ahead_prices.
2026-05-11 16:35:37,048 - INFO - Fetching actual load from 2024-10-18 00:00:00+02:00 to 2024-10-21 00:00:00+02:00
2026-05-11 16:35:40,104 - INFO - Inserted 288 new rows into actual_load.
2026-05-11 16:35:40,105 - INFO - Fetching generation mix from 2024-10-18 00:00:00+02:00 to 2024-10-21 00:00:00+02:00
2026-05-11 16:35:46,581 - INFO - Inserted 288 new rows into generation_mix.
2026-05-11 16:35:46,583 - INFO - Fetching Open-Meteo data from 2024-10-18 to 2024-10-21
2026-05-11 16:35:47,328 - INFO - Inserted 288 new rows into weather_data.
2026-05-11 16:35:52,330 - INFO - Fetching DA prices from 2024-10-21 00:00:00+02:00 to 2024-10-24 00:00:00+02:00
2026-05-11 16:36:07,146 - INFO - Inserted 288 new rows into day_ahead_prices.
2026-05-11 16:36:07,146 - INFO - Fetching actual load from 2024-10-21 00:00:00+02:00 to 2024-10-24 00:00:00+02:00
2026-05-11 16:36:13,885 - INFO - Inserted 288 new rows into actual_load.
2026-05-11 16:36:13,885 - INFO - Fetching generation mix from 2024-10-21 00:00:00+02:00 to 2024-10-24 00:00:00+02:00
2026-05-11 16:36:22,922 - INFO - Inserted 288 new rows into generation_mix.
2026-05-11 16:36:22,923 - INFO - Fetching Open-Meteo data from 2024-10-21 to 2024-10-24
2026-05-11 16:36:23,480 - INFO - Inserted 288 new rows into weather_data.
2026-05-11 16:36:28,482 - INFO - Fetching DA prices from 2024-10-24 00:00:00+02:00 to 2024-10-27 00:00:00+02:00
2026-05-11 16:36:36,499 - INFO - Inserted 288 new rows into day_ahead_prices.
2026-05-11 16:36:36,500 - INFO - Fetching actual load from 2024-10-24 00:00:00+02:00 to 2024-10-27 00:00:00+02:00
2026-05-11 16:36:37,134 - INFO - Inserted 288 new rows into actual_load.
2026-05-11 16:36:37,134 - INFO - Fetching generation mix from 2024-10-24 00:00:00+02:00 to 2024-10-27 00:00:00+02:00
2026-05-11 16:36:42,124 - INFO - Inserted 288 new rows into generation_mix.
2026-05-11 16:36:42,124 - INFO - Fetching Open-Meteo data from 2024-10-24 to 2024-10-27
2026-05-11 16:36:43,248 - ERROR - Weather Fetcher failed: Execution failed on sql 'INSERT INTO weather_data (timestamp, temperature_2m, wind_speed_10m, solar_irradiance) VALUES (:timestamp, :temperature_2m, :wind_speed_10m, :solar_irradiance)': (sqlite3.IntegrityError) UNIQUE constraint failed: weather_data.timestamp
[SQL: INSERT INTO weather_data (timestamp, temperature_2m, wind_speed_10m, solar_irradiance) VALUES (?, ?, ?, ?)]
[parameters: [('2024-10-25 00:00:00', 9.35200023651123, 8.89134407043457, 0.0), ('2024-10-25 00:15:00', 9.20199966430664, 8.55710220336914, 0.0), ('2024-10-25 00:30:00', 9.10200023651123, 8.37338638305664, 0.0), ('2024-10-25 00:45:00', 8.95199966430664, 8.21715259552002, 0.0), ('2024-10-25 01:00:00', 8.85200023651123, 7.903619289398193, 0.0), ('2024-10-25 01:15:00', 8.751999855041504, 7.594208240509033, 0.0), ('2024-10-25 01:30:00', 8.652000427246094, 6.792466163635254, 0.0), ('2024-10-25 01:45:00', 8.60200023651123, 6.489992141723633, 0.0)  ... displaying 10 of 288 total bound parameter sets ...  ('2024-10-27 22:30:00', 10.152000427246094, 5.447788238525391, 0.0), ('2024-10-27 22:45:00', 10.001999855041504, 5.241678714752197, 0.0)]]
(Background on this error at: https://sqlalche.me/e/20/gkpj)
2026-05-11 18:09:46,492 - INFO - Fetching DA prices from 2024-05-12 00:00:00+02:00 to 2024-05-15 00:00:00+02:00
2026-05-11 18:09:48,704 - INFO - Fetching actual load from 2024-05-12 00:00:00+02:00 to 2024-05-15 00:00:00+02:00
2026-05-11 18:09:51,027 - INFO - Fetching generation mix from 2024-05-12 00:00:00+02:00 to 2024-05-15 00:00:00+02:00
2026-05-11 18:09:54,054 - INFO - Fetching Open-Meteo data from 2024-05-12 to 2024-05-15
2026-05-11 18:10:01,000 - INFO - Fetching DA prices from 2024-05-15 00:00:00+02:00 to 2024-05-18 00:00:00+02:00
2026-05-11 18:10:22,873 - INFO - Fetching actual load from 2024-05-15 00:00:00+02:00 to 2024-05-18 00:00:00+02:00
2026-05-11 18:10:28,088 - INFO - Fetching generation mix from 2024-05-15 00:00:00+02:00 to 2024-05-18 00:00:00+02:00
2026-05-11 18:10:30,957 - INFO - Fetching Open-Meteo data from 2024-05-15 to 2024-05-18
2026-05-11 18:10:36,412 - INFO - Fetching DA prices from 2024-05-18 00:00:00+02:00 to 2024-05-21 00:00:00+02:00
2026-05-11 18:10:41,527 - INFO - Fetching actual load from 2024-05-18 00:00:00+02:00 to 2024-05-21 00:00:00+02:00
2026-05-11 18:10:45,492 - INFO - Fetching generation mix from 2024-05-18 00:00:00+02:00 to 2024-05-21 00:00:00+02:00
2026-05-11 18:10:48,339 - INFO - Fetching Open-Meteo data from 2024-05-18 to 2024-05-21
2026-05-11 18:10:53,822 - INFO - Fetching DA prices from 2024-05-21 00:00:00+02:00 to 2024-05-24 00:00:00+02:00
2026-05-11 18:10:55,521 - INFO - Fetching actual load from 2024-05-21 00:00:00+02:00 to 2024-05-24 00:00:00+02:00
2026-05-11 18:10:56,119 - INFO - Fetching generation mix from 2024-05-21 00:00:00+02:00 to 2024-05-24 00:00:00+02:00
2026-05-11 18:10:58,546 - INFO - Fetching Open-Meteo data from 2024-05-21 to 2024-05-24
2026-05-11 18:11:03,935 - INFO - Fetching DA prices from 2024-05-24 00:00:00+02:00 to 2024-05-27 00:00:00+02:00
2026-05-11 18:11:04,648 - INFO - Fetching actual load from 2024-05-24 00:00:00+02:00 to 2024-05-27 00:00:00+02:00
2026-05-11 18:11:06,378 - INFO - Fetching generation mix from 2024-05-24 00:00:00+02:00 to 2024-05-27 00:00:00+02:00
2026-05-11 18:11:10,505 - INFO - Fetching Open-Meteo data from 2024-05-24 to 2024-05-27
2026-05-11 18:11:15,904 - INFO - Fetching DA prices from 2024-05-27 00:00:00+02:00 to 2024-05-30 00:00:00+02:00
2026-05-11 18:11:16,637 - INFO - Fetching actual load from 2024-05-27 00:00:00+02:00 to 2024-05-30 00:00:00+02:00
2026-05-11 18:11:17,145 - INFO - Fetching generation mix from 2024-05-27 00:00:00+02:00 to 2024-05-30 00:00:00+02:00
2026-05-11 18:11:20,055 - INFO - Fetching Open-Meteo data from 2024-05-27 to 2024-05-30
2026-05-11 18:11:25,505 - INFO - Fetching DA prices from 2024-05-30 00:00:00+02:00 to 2024-06-02 00:00:00+02:00
2026-05-11 18:11:26,465 - INFO - Fetching actual load from 2024-05-30 00:00:00+02:00 to 2024-06-02 00:00:00+02:00
2026-05-11 18:11:26,909 - INFO - Fetching generation mix from 2024-05-30 00:00:00+02:00 to 2024-06-02 00:00:00+02:00
2026-05-11 18:11:29,551 - INFO - Fetching Open-Meteo data from 2024-05-30 to 2024-06-02
2026-05-11 18:11:34,960 - INFO - Fetching DA prices from 2024-06-02 00:00:00+02:00 to 2024-06-05 00:00:00+02:00
2026-05-11 18:11:35,752 - INFO - Fetching actual load from 2024-06-02 00:00:00+02:00 to 2024-06-05 00:00:00+02:00
2026-05-11 18:11:36,346 - INFO - Fetching generation mix from 2024-06-02 00:00:00+02:00 to 2024-06-05 00:00:00+02:00
2026-05-11 18:11:39,633 - INFO - Fetching Open-Meteo data from 2024-06-02 to 2024-06-05
2026-05-11 18:11:44,999 - INFO - Fetching DA prices from 2024-06-05 00:00:00+02:00 to 2024-06-08 00:00:00+02:00
2026-05-11 18:11:45,715 - INFO - Fetching actual load from 2024-06-05 00:00:00+02:00 to 2024-06-08 00:00:00+02:00
2026-05-11 18:11:46,155 - INFO - Fetching generation mix from 2024-06-05 00:00:00+02:00 to 2024-06-08 00:00:00+02:00
2026-05-11 18:11:48,693 - INFO - Fetching Open-Meteo data from 2024-06-05 to 2024-06-08
2026-05-11 18:11:54,037 - INFO - Fetching DA prices from 2024-06-08 00:00:00+02:00 to 2024-06-11 00:00:00+02:00
2026-05-11 18:11:54,724 - INFO - Fetching actual load from 2024-06-08 00:00:00+02:00 to 2024-06-11 00:00:00+02:00
2026-05-11 18:11:55,320 - INFO - Fetching generation mix from 2024-06-08 00:00:00+02:00 to 2024-06-11 00:00:00+02:00
2026-05-11 18:11:57,872 - INFO - Fetching Open-Meteo data from 2024-06-08 to 2024-06-11
2026-05-11 18:12:03,350 - INFO - Fetching DA prices from 2024-06-11 00:00:00+02:00 to 2024-06-14 00:00:00+02:00
2026-05-11 18:12:05,005 - INFO - Fetching actual load from 2024-06-11 00:00:00+02:00 to 2024-06-14 00:00:00+02:00
2026-05-11 18:12:05,559 - INFO - Fetching generation mix from 2024-06-11 00:00:00+02:00 to 2024-06-14 00:00:00+02:00
2026-05-11 18:12:08,712 - INFO - Fetching Open-Meteo data from 2024-06-11 to 2024-06-14
2026-05-11 18:12:14,087 - INFO - Fetching DA prices from 2024-06-14 00:00:00+02:00 to 2024-06-17 00:00:00+02:00
2026-05-11 18:12:15,304 - INFO - Fetching actual load from 2024-06-14 00:00:00+02:00 to 2024-06-17 00:00:00+02:00
2026-05-11 18:12:16,720 - INFO - Fetching generation mix from 2024-06-14 00:00:00+02:00 to 2024-06-17 00:00:00+02:00
2026-05-11 18:12:19,545 - INFO - Fetching Open-Meteo data from 2024-06-14 to 2024-06-17
2026-05-11 18:12:24,940 - INFO - Fetching DA prices from 2024-06-17 00:00:00+02:00 to 2024-06-20 00:00:00+02:00
2026-05-11 18:12:25,679 - INFO - Fetching actual load from 2024-06-17 00:00:00+02:00 to 2024-06-20 00:00:00+02:00
2026-05-11 18:12:26,139 - INFO - Fetching generation mix from 2024-06-17 00:00:00+02:00 to 2024-06-20 00:00:00+02:00
2026-05-11 18:12:28,900 - INFO - Fetching Open-Meteo data from 2024-06-17 to 2024-06-20
2026-05-11 18:12:34,471 - INFO - Fetching DA prices from 2024-06-20 00:00:00+02:00 to 2024-06-23 00:00:00+02:00
2026-05-11 18:12:35,207 - INFO - Fetching actual load from 2024-06-20 00:00:00+02:00 to 2024-06-23 00:00:00+02:00
2026-05-11 18:12:36,079 - INFO - Fetching generation mix from 2024-06-20 00:00:00+02:00 to 2024-06-23 00:00:00+02:00
2026-05-11 18:12:38,556 - INFO - Fetching Open-Meteo data from 2024-06-20 to 2024-06-23
2026-05-11 18:12:44,183 - INFO - Fetching DA prices from 2024-06-23 00:00:00+02:00 to 2024-06-26 00:00:00+02:00
2026-05-11 18:12:44,896 - INFO - Fetching actual load from 2024-06-23 00:00:00+02:00 to 2024-06-26 00:00:00+02:00
2026-05-11 18:12:45,330 - INFO - Fetching generation mix from 2024-06-23 00:00:00+02:00 to 2024-06-26 00:00:00+02:00
2026-05-11 18:12:48,030 - INFO - Fetching Open-Meteo data from 2024-06-23 to 2024-06-26
2026-05-11 18:12:53,408 - INFO - Fetching DA prices from 2024-06-26 00:00:00+02:00 to 2024-06-29 00:00:00+02:00
2026-05-11 18:12:54,111 - INFO - Fetching actual load from 2024-06-26 00:00:00+02:00 to 2024-06-29 00:00:00+02:00
2026-05-11 18:12:54,604 - INFO - Fetching generation mix from 2024-06-26 00:00:00+02:00 to 2024-06-29 00:00:00+02:00
2026-05-11 18:12:57,193 - INFO - Fetching Open-Meteo data from 2024-06-26 to 2024-06-29
2026-05-11 18:13:02,610 - INFO - Fetching DA prices from 2024-06-29 00:00:00+02:00 to 2024-07-02 00:00:00+02:00
2026-05-11 18:13:03,427 - INFO - Fetching actual load from 2024-06-29 00:00:00+02:00 to 2024-07-02 00:00:00+02:00
2026-05-11 18:13:03,844 - INFO - Fetching generation mix from 2024-06-29 00:00:00+02:00 to 2024-07-02 00:00:00+02:00
2026-05-11 18:13:06,472 - INFO - Fetching Open-Meteo data from 2024-06-29 to 2024-07-02
2026-05-11 18:13:11,917 - INFO - Fetching DA prices from 2024-07-02 00:00:00+02:00 to 2024-07-05 00:00:00+02:00
2026-05-11 18:13:12,644 - INFO - Fetching actual load from 2024-07-02 00:00:00+02:00 to 2024-07-05 00:00:00+02:00
2026-05-11 18:13:13,138 - INFO - Fetching generation mix from 2024-07-02 00:00:00+02:00 to 2024-07-05 00:00:00+02:00
2026-05-11 18:13:15,959 - INFO - Fetching Open-Meteo data from 2024-07-02 to 2024-07-05
2026-05-11 18:13:21,347 - INFO - Fetching DA prices from 2024-07-05 00:00:00+02:00 to 2024-07-08 00:00:00+02:00
2026-05-11 18:13:22,063 - INFO - Fetching actual load from 2024-07-05 00:00:00+02:00 to 2024-07-08 00:00:00+02:00
2026-05-11 18:13:22,556 - INFO - Fetching generation mix from 2024-07-05 00:00:00+02:00 to 2024-07-08 00:00:00+02:00
2026-05-11 18:13:24,874 - INFO - Fetching Open-Meteo data from 2024-07-05 to 2024-07-08
2026-05-11 18:13:30,248 - INFO - Fetching DA prices from 2024-07-08 00:00:00+02:00 to 2024-07-11 00:00:00+02:00
2026-05-11 18:13:30,971 - INFO - Fetching actual load from 2024-07-08 00:00:00+02:00 to 2024-07-11 00:00:00+02:00
2026-05-11 18:13:31,465 - INFO - Fetching generation mix from 2024-07-08 00:00:00+02:00 to 2024-07-11 00:00:00+02:00
2026-05-11 18:13:34,374 - INFO - Fetching Open-Meteo data from 2024-07-08 to 2024-07-11
2026-05-11 18:13:39,772 - INFO - Fetching DA prices from 2024-07-11 00:00:00+02:00 to 2024-07-14 00:00:00+02:00
2026-05-11 18:13:40,494 - INFO - Fetching actual load from 2024-07-11 00:00:00+02:00 to 2024-07-14 00:00:00+02:00
2026-05-11 18:13:41,088 - INFO - Fetching generation mix from 2024-07-11 00:00:00+02:00 to 2024-07-14 00:00:00+02:00
2026-05-11 18:13:43,445 - INFO - Fetching Open-Meteo data from 2024-07-11 to 2024-07-14
2026-05-11 18:13:48,890 - INFO - Fetching DA prices from 2024-07-14 00:00:00+02:00 to 2024-07-17 00:00:00+02:00
2026-05-11 18:13:49,606 - INFO - Fetching actual load from 2024-07-14 00:00:00+02:00 to 2024-07-17 00:00:00+02:00
2026-05-11 18:13:50,038 - INFO - Fetching generation mix from 2024-07-14 00:00:00+02:00 to 2024-07-17 00:00:00+02:00
2026-05-11 18:13:52,543 - INFO - Fetching Open-Meteo data from 2024-07-14 to 2024-07-17
2026-05-11 18:13:57,995 - INFO - Fetching DA prices from 2024-07-17 00:00:00+02:00 to 2024-07-20 00:00:00+02:00
2026-05-11 18:13:58,719 - INFO - Fetching actual load from 2024-07-17 00:00:00+02:00 to 2024-07-20 00:00:00+02:00
2026-05-11 18:13:59,153 - INFO - Fetching generation mix from 2024-07-17 00:00:00+02:00 to 2024-07-20 00:00:00+02:00
2026-05-11 18:14:01,861 - INFO - Fetching Open-Meteo data from 2024-07-17 to 2024-07-20
2026-05-11 18:14:07,320 - INFO - Fetching DA prices from 2024-07-20 00:00:00+02:00 to 2024-07-23 00:00:00+02:00
2026-05-11 18:14:08,040 - INFO - Fetching actual load from 2024-07-20 00:00:00+02:00 to 2024-07-23 00:00:00+02:00
2026-05-11 18:14:08,485 - INFO - Fetching generation mix from 2024-07-20 00:00:00+02:00 to 2024-07-23 00:00:00+02:00
2026-05-11 18:14:10,990 - INFO - Fetching Open-Meteo data from 2024-07-20 to 2024-07-23
2026-05-11 18:14:16,438 - INFO - Fetching DA prices from 2024-07-23 00:00:00+02:00 to 2024-07-26 00:00:00+02:00
2026-05-11 18:14:17,150 - INFO - Fetching actual load from 2024-07-23 00:00:00+02:00 to 2024-07-26 00:00:00+02:00
2026-05-11 18:14:17,570 - INFO - Fetching generation mix from 2024-07-23 00:00:00+02:00 to 2024-07-26 00:00:00+02:00
2026-05-11 18:14:20,092 - INFO - Fetching Open-Meteo data from 2024-07-23 to 2024-07-26
2026-05-11 18:14:25,472 - INFO - Fetching DA prices from 2024-07-26 00:00:00+02:00 to 2024-07-29 00:00:00+02:00
2026-05-11 18:14:26,170 - INFO - Fetching actual load from 2024-07-26 00:00:00+02:00 to 2024-07-29 00:00:00+02:00
2026-05-11 18:14:26,585 - INFO - Fetching generation mix from 2024-07-26 00:00:00+02:00 to 2024-07-29 00:00:00+02:00
2026-05-11 18:14:28,983 - INFO - Fetching Open-Meteo data from 2024-07-26 to 2024-07-29
2026-05-11 18:14:34,427 - INFO - Fetching DA prices from 2024-07-29 00:00:00+02:00 to 2024-08-01 00:00:00+02:00
2026-05-11 18:14:35,171 - INFO - Fetching actual load from 2024-07-29 00:00:00+02:00 to 2024-08-01 00:00:00+02:00
2026-05-11 18:14:35,764 - INFO - Fetching generation mix from 2024-07-29 00:00:00+02:00 to 2024-08-01 00:00:00+02:00
2026-05-11 18:14:38,439 - INFO - Fetching Open-Meteo data from 2024-07-29 to 2024-08-01
2026-05-11 18:14:43,867 - INFO - Fetching DA prices from 2024-08-01 00:00:00+02:00 to 2024-08-04 00:00:00+02:00
2026-05-11 18:14:44,591 - INFO - Fetching actual load from 2024-08-01 00:00:00+02:00 to 2024-08-04 00:00:00+02:00
2026-05-11 18:14:45,185 - INFO - Fetching generation mix from 2024-08-01 00:00:00+02:00 to 2024-08-04 00:00:00+02:00
2026-05-11 18:14:47,957 - INFO - Fetching Open-Meteo data from 2024-08-01 to 2024-08-04
2026-05-11 18:14:53,305 - INFO - Fetching DA prices from 2024-08-04 00:00:00+02:00 to 2024-08-07 00:00:00+02:00
2026-05-11 18:14:54,013 - INFO - Fetching actual load from 2024-08-04 00:00:00+02:00 to 2024-08-07 00:00:00+02:00
2026-05-11 18:14:54,453 - INFO - Fetching generation mix from 2024-08-04 00:00:00+02:00 to 2024-08-07 00:00:00+02:00
2026-05-11 18:14:56,849 - INFO - Fetching Open-Meteo data from 2024-08-04 to 2024-08-07
2026-05-11 18:15:02,314 - INFO - Fetching DA prices from 2024-08-07 00:00:00+02:00 to 2024-08-10 00:00:00+02:00
2026-05-11 18:15:16,558 - INFO - Fetching actual load from 2024-08-07 00:00:00+02:00 to 2024-08-10 00:00:00+02:00
2026-05-11 18:15:23,740 - INFO - Fetching generation mix from 2024-08-07 00:00:00+02:00 to 2024-08-10 00:00:00+02:00
2026-05-11 18:15:30,519 - INFO - Fetching Open-Meteo data from 2024-08-07 to 2024-08-10
2026-05-11 18:15:36,334 - INFO - Fetching DA prices from 2024-08-10 00:00:00+02:00 to 2024-08-13 00:00:00+02:00
2026-05-11 18:15:40,499 - INFO - Fetching actual load from 2024-08-10 00:00:00+02:00 to 2024-08-13 00:00:00+02:00
2026-05-11 18:15:47,850 - INFO - Fetching generation mix from 2024-08-10 00:00:00+02:00 to 2024-08-13 00:00:00+02:00
2026-05-11 18:15:50,744 - INFO - Fetching Open-Meteo data from 2024-08-10 to 2024-08-13
2026-05-11 18:15:56,079 - INFO - Fetching DA prices from 2024-08-13 00:00:00+02:00 to 2024-08-16 00:00:00+02:00
2026-05-11 18:16:07,224 - INFO - Fetching actual load from 2024-08-13 00:00:00+02:00 to 2024-08-16 00:00:00+02:00
2026-05-11 18:16:14,268 - INFO - Fetching generation mix from 2024-08-13 00:00:00+02:00 to 2024-08-16 00:00:00+02:00
2026-05-11 18:16:22,256 - INFO - Fetching Open-Meteo data from 2024-08-13 to 2024-08-16
2026-05-11 18:16:27,694 - INFO - Fetching DA prices from 2024-08-16 00:00:00+02:00 to 2024-08-19 00:00:00+02:00
2026-05-11 18:16:35,175 - INFO - Fetching actual load from 2024-08-16 00:00:00+02:00 to 2024-08-19 00:00:00+02:00
2026-05-11 18:16:36,384 - INFO - Fetching generation mix from 2024-08-16 00:00:00+02:00 to 2024-08-19 00:00:00+02:00
2026-05-11 18:16:39,487 - INFO - Fetching Open-Meteo data from 2024-08-16 to 2024-08-19
2026-05-11 18:16:44,904 - INFO - Fetching DA prices from 2024-08-19 00:00:00+02:00 to 2024-08-22 00:00:00+02:00
2026-05-11 18:16:49,318 - INFO - Fetching actual load from 2024-08-19 00:00:00+02:00 to 2024-08-22 00:00:00+02:00
2026-05-11 18:16:49,903 - INFO - Fetching generation mix from 2024-08-19 00:00:00+02:00 to 2024-08-22 00:00:00+02:00
2026-05-11 18:16:53,695 - INFO - Fetching Open-Meteo data from 2024-08-19 to 2024-08-22
2026-05-11 18:16:59,135 - INFO - Fetching DA prices from 2024-08-22 00:00:00+02:00 to 2024-08-25 00:00:00+02:00
2026-05-11 18:17:02,616 - INFO - Fetching actual load from 2024-08-22 00:00:00+02:00 to 2024-08-25 00:00:00+02:00
2026-05-11 18:17:04,471 - INFO - Fetching generation mix from 2024-08-22 00:00:00+02:00 to 2024-08-25 00:00:00+02:00
2026-05-11 18:17:09,123 - INFO - Fetching Open-Meteo data from 2024-08-22 to 2024-08-25
2026-05-11 18:17:14,592 - INFO - Fetching DA prices from 2024-08-25 00:00:00+02:00 to 2024-08-28 00:00:00+02:00
2026-05-11 18:17:16,545 - INFO - Fetching actual load from 2024-08-25 00:00:00+02:00 to 2024-08-28 00:00:00+02:00
2026-05-11 18:17:19,698 - INFO - Fetching generation mix from 2024-08-25 00:00:00+02:00 to 2024-08-28 00:00:00+02:00
2026-05-11 18:17:26,447 - INFO - Fetching Open-Meteo data from 2024-08-25 to 2024-08-28
2026-05-11 18:17:31,897 - INFO - Fetching DA prices from 2024-08-28 00:00:00+02:00 to 2024-08-31 00:00:00+02:00
2026-05-11 18:17:36,510 - INFO - Fetching actual load from 2024-08-28 00:00:00+02:00 to 2024-08-31 00:00:00+02:00
2026-05-11 18:17:37,207 - INFO - Fetching generation mix from 2024-08-28 00:00:00+02:00 to 2024-08-31 00:00:00+02:00
2026-05-11 18:17:40,693 - INFO - Fetching Open-Meteo data from 2024-08-28 to 2024-08-31
2026-05-11 18:17:46,209 - INFO - Fetching DA prices from 2024-08-31 00:00:00+02:00 to 2024-09-03 00:00:00+02:00
2026-05-11 18:17:47,714 - INFO - Fetching actual load from 2024-08-31 00:00:00+02:00 to 2024-09-03 00:00:00+02:00
2026-05-11 18:17:50,724 - INFO - Fetching generation mix from 2024-08-31 00:00:00+02:00 to 2024-09-03 00:00:00+02:00
2026-05-11 18:17:53,321 - INFO - Fetching Open-Meteo data from 2024-08-31 to 2024-09-03
2026-05-11 18:17:58,723 - INFO - Fetching DA prices from 2024-09-03 00:00:00+02:00 to 2024-09-06 00:00:00+02:00
2026-05-11 18:18:01,085 - INFO - Fetching actual load from 2024-09-03 00:00:00+02:00 to 2024-09-06 00:00:00+02:00
2026-05-11 18:18:03,742 - INFO - Fetching generation mix from 2024-09-03 00:00:00+02:00 to 2024-09-06 00:00:00+02:00
2026-05-11 18:18:07,299 - INFO - Fetching Open-Meteo data from 2024-09-03 to 2024-09-06
2026-05-11 18:18:12,754 - INFO - Fetching DA prices from 2024-09-06 00:00:00+02:00 to 2024-09-09 00:00:00+02:00
2026-05-11 18:18:15,217 - INFO - Fetching actual load from 2024-09-06 00:00:00+02:00 to 2024-09-09 00:00:00+02:00
2026-05-11 18:18:16,527 - INFO - Fetching generation mix from 2024-09-06 00:00:00+02:00 to 2024-09-09 00:00:00+02:00
2026-05-11 18:18:19,607 - INFO - Fetching Open-Meteo data from 2024-09-06 to 2024-09-09
2026-05-11 18:18:25,216 - INFO - Fetching DA prices from 2024-09-09 00:00:00+02:00 to 2024-09-12 00:00:00+02:00
2026-05-11 18:18:27,645 - INFO - Fetching actual load from 2024-09-09 00:00:00+02:00 to 2024-09-12 00:00:00+02:00
2026-05-11 18:18:28,078 - INFO - Fetching generation mix from 2024-09-09 00:00:00+02:00 to 2024-09-12 00:00:00+02:00
2026-05-11 18:18:30,518 - INFO - Fetching Open-Meteo data from 2024-09-09 to 2024-09-12
2026-05-11 18:18:36,148 - INFO - Fetching DA prices from 2024-09-12 00:00:00+02:00 to 2024-09-15 00:00:00+02:00
2026-05-11 18:18:37,275 - INFO - Fetching actual load from 2024-09-12 00:00:00+02:00 to 2024-09-15 00:00:00+02:00
2026-05-11 18:18:37,825 - INFO - Fetching generation mix from 2024-09-12 00:00:00+02:00 to 2024-09-15 00:00:00+02:00
2026-05-11 18:18:40,521 - INFO - Fetching Open-Meteo data from 2024-09-12 to 2024-09-15
2026-05-11 18:18:45,937 - INFO - Fetching DA prices from 2024-09-15 00:00:00+02:00 to 2024-09-18 00:00:00+02:00
2026-05-11 18:18:46,775 - INFO - Fetching actual load from 2024-09-15 00:00:00+02:00 to 2024-09-18 00:00:00+02:00
2026-05-11 18:18:47,245 - INFO - Fetching generation mix from 2024-09-15 00:00:00+02:00 to 2024-09-18 00:00:00+02:00
2026-05-11 18:18:49,889 - INFO - Fetching Open-Meteo data from 2024-09-15 to 2024-09-18
2026-05-11 18:18:55,268 - INFO - Fetching DA prices from 2024-09-18 00:00:00+02:00 to 2024-09-21 00:00:00+02:00
2026-05-11 18:18:55,969 - INFO - Fetching actual load from 2024-09-18 00:00:00+02:00 to 2024-09-21 00:00:00+02:00
2026-05-11 18:18:56,404 - INFO - Fetching generation mix from 2024-09-18 00:00:00+02:00 to 2024-09-21 00:00:00+02:00
2026-05-11 18:18:59,067 - INFO - Fetching Open-Meteo data from 2024-09-18 to 2024-09-21
2026-05-11 18:19:04,665 - INFO - Fetching DA prices from 2024-09-21 00:00:00+02:00 to 2024-09-24 00:00:00+02:00
2026-05-11 18:19:05,394 - INFO - Fetching actual load from 2024-09-21 00:00:00+02:00 to 2024-09-24 00:00:00+02:00
2026-05-11 18:19:05,894 - INFO - Fetching generation mix from 2024-09-21 00:00:00+02:00 to 2024-09-24 00:00:00+02:00
2026-05-11 18:19:09,079 - INFO - Fetching Open-Meteo data from 2024-09-21 to 2024-09-24
2026-05-11 18:19:14,502 - INFO - Fetching DA prices from 2024-09-24 00:00:00+02:00 to 2024-09-27 00:00:00+02:00
2026-05-11 18:19:15,219 - INFO - Fetching actual load from 2024-09-24 00:00:00+02:00 to 2024-09-27 00:00:00+02:00
2026-05-11 18:19:16,018 - INFO - Fetching generation mix from 2024-09-24 00:00:00+02:00 to 2024-09-27 00:00:00+02:00
2026-05-11 18:19:19,176 - INFO - Fetching Open-Meteo data from 2024-09-24 to 2024-09-27
2026-05-11 18:19:24,526 - INFO - Fetching DA prices from 2024-09-27 00:00:00+02:00 to 2024-09-30 00:00:00+02:00
2026-05-11 18:19:25,254 - INFO - Fetching actual load from 2024-09-27 00:00:00+02:00 to 2024-09-30 00:00:00+02:00
2026-05-11 18:19:25,969 - INFO - Fetching generation mix from 2024-09-27 00:00:00+02:00 to 2024-09-30 00:00:00+02:00
2026-05-11 18:19:28,864 - INFO - Fetching Open-Meteo data from 2024-09-27 to 2024-09-30
2026-05-11 18:19:34,289 - INFO - Fetching DA prices from 2024-09-30 00:00:00+02:00 to 2024-10-03 00:00:00+02:00
2026-05-11 18:19:35,084 - INFO - Fetching actual load from 2024-09-30 00:00:00+02:00 to 2024-10-03 00:00:00+02:00
2026-05-11 18:19:35,598 - INFO - Fetching generation mix from 2024-09-30 00:00:00+02:00 to 2024-10-03 00:00:00+02:00
2026-05-11 18:19:39,435 - INFO - Fetching Open-Meteo data from 2024-09-30 to 2024-10-03
2026-05-11 18:19:44,789 - INFO - Fetching DA prices from 2024-10-03 00:00:00+02:00 to 2024-10-06 00:00:00+02:00
2026-05-11 18:19:45,657 - INFO - Fetching actual load from 2024-10-03 00:00:00+02:00 to 2024-10-06 00:00:00+02:00
2026-05-11 18:19:46,093 - INFO - Fetching generation mix from 2024-10-03 00:00:00+02:00 to 2024-10-06 00:00:00+02:00
2026-05-11 18:19:48,950 - INFO - Fetching Open-Meteo data from 2024-10-03 to 2024-10-06
2026-05-11 18:19:54,347 - INFO - Fetching DA prices from 2024-10-06 00:00:00+02:00 to 2024-10-09 00:00:00+02:00
2026-05-11 18:19:56,098 - INFO - Fetching actual load from 2024-10-06 00:00:00+02:00 to 2024-10-09 00:00:00+02:00
2026-05-11 18:19:56,566 - INFO - Fetching generation mix from 2024-10-06 00:00:00+02:00 to 2024-10-09 00:00:00+02:00
2026-05-11 18:19:59,079 - INFO - Fetching Open-Meteo data from 2024-10-06 to 2024-10-09
2026-05-11 18:20:05,608 - INFO - Fetching DA prices from 2024-10-09 00:00:00+02:00 to 2024-10-12 00:00:00+02:00
2026-05-11 18:20:07,646 - INFO - Fetching actual load from 2024-10-09 00:00:00+02:00 to 2024-10-12 00:00:00+02:00
2026-05-11 18:20:09,186 - INFO - Fetching generation mix from 2024-10-09 00:00:00+02:00 to 2024-10-12 00:00:00+02:00
2026-05-11 18:20:12,991 - INFO - Fetching Open-Meteo data from 2024-10-09 to 2024-10-12
2026-05-11 18:20:18,390 - INFO - Fetching DA prices from 2024-10-12 00:00:00+02:00 to 2024-10-15 00:00:00+02:00
2026-05-11 18:20:21,302 - INFO - Fetching actual load from 2024-10-12 00:00:00+02:00 to 2024-10-15 00:00:00+02:00
2026-05-11 18:20:21,725 - INFO - Fetching generation mix from 2024-10-12 00:00:00+02:00 to 2024-10-15 00:00:00+02:00
2026-05-11 18:20:24,319 - INFO - Fetching Open-Meteo data from 2024-10-12 to 2024-10-15
2026-05-11 18:20:29,768 - INFO - Fetching DA prices from 2024-10-15 00:00:00+02:00 to 2024-10-18 00:00:00+02:00
2026-05-11 18:20:30,892 - INFO - Fetching actual load from 2024-10-15 00:00:00+02:00 to 2024-10-18 00:00:00+02:00
2026-05-11 18:20:31,688 - INFO - Fetching generation mix from 2024-10-15 00:00:00+02:00 to 2024-10-18 00:00:00+02:00
2026-05-11 18:20:34,388 - INFO - Fetching Open-Meteo data from 2024-10-15 to 2024-10-18
2026-05-11 18:20:39,802 - INFO - Fetching DA prices from 2024-10-18 00:00:00+02:00 to 2024-10-21 00:00:00+02:00
2026-05-11 18:20:41,475 - INFO - Fetching actual load from 2024-10-18 00:00:00+02:00 to 2024-10-21 00:00:00+02:00
2026-05-11 18:20:42,755 - INFO - Fetching generation mix from 2024-10-18 00:00:00+02:00 to 2024-10-21 00:00:00+02:00
2026-05-11 18:20:46,437 - INFO - Fetching Open-Meteo data from 2024-10-18 to 2024-10-21
2026-05-11 18:20:51,896 - INFO - Fetching DA prices from 2024-10-21 00:00:00+02:00 to 2024-10-24 00:00:00+02:00
2026-05-11 18:20:52,804 - INFO - Fetching actual load from 2024-10-21 00:00:00+02:00 to 2024-10-24 00:00:00+02:00
2026-05-11 18:20:53,325 - INFO - Fetching generation mix from 2024-10-21 00:00:00+02:00 to 2024-10-24 00:00:00+02:00
2026-05-11 18:20:56,689 - INFO - Fetching Open-Meteo data from 2024-10-21 to 2024-10-24
2026-05-11 18:21:02,272 - INFO - Fetching DA prices from 2024-10-24 00:00:00+02:00 to 2024-10-27 00:00:00+02:00
2026-05-11 18:21:03,879 - INFO - Fetching actual load from 2024-10-24 00:00:00+02:00 to 2024-10-27 00:00:00+02:00
2026-05-11 18:21:04,662 - INFO - Fetching generation mix from 2024-10-24 00:00:00+02:00 to 2024-10-27 00:00:00+02:00
2026-05-11 18:21:07,458 - INFO - Fetching Open-Meteo data from 2024-10-24 to 2024-10-27
2026-05-11 18:21:08,065 - INFO - Inserted 80 new rows into weather_data.
2026-05-11 18:21:13,068 - INFO - Fetching DA prices from 2024-10-27 00:00:00+02:00 to 2024-10-29 00:00:00+01:00
2026-05-11 18:21:13,960 - INFO - Inserted 192 new rows into day_ahead_prices.
2026-05-11 18:21:13,960 - INFO - Fetching actual load from 2024-10-27 00:00:00+02:00 to 2024-10-29 00:00:00+01:00
2026-05-11 18:21:14,561 - INFO - Inserted 192 new rows into actual_load.
2026-05-11 18:21:14,561 - INFO - Fetching generation mix from 2024-10-27 00:00:00+02:00 to 2024-10-29 00:00:00+01:00
2026-05-11 18:21:16,639 - INFO - Inserted 192 new rows into generation_mix.
2026-05-11 18:21:16,640 - INFO - Fetching Open-Meteo data from 2024-10-27 to 2024-10-29
2026-05-11 18:21:17,253 - INFO - Inserted 192 new rows into weather_data.
2026-05-11 18:21:22,255 - INFO - Fetching DA prices from 2024-10-29 00:00:00+01:00 to 2024-11-01 00:00:00+01:00
2026-05-11 18:21:23,248 - INFO - Inserted 288 new rows into day_ahead_prices.
2026-05-11 18:21:23,249 - INFO - Fetching actual load from 2024-10-29 00:00:00+01:00 to 2024-11-01 00:00:00+01:00
2026-05-11 18:21:23,938 - INFO - Inserted 288 new rows into actual_load.
2026-05-11 18:21:23,938 - INFO - Fetching generation mix from 2024-10-29 00:00:00+01:00 to 2024-11-01 00:00:00+01:00
2026-05-11 18:21:27,632 - INFO - Inserted 288 new rows into generation_mix.
2026-05-11 18:21:27,633 - INFO - Fetching Open-Meteo data from 2024-10-29 to 2024-11-01
2026-05-11 18:21:28,239 - INFO - Inserted 288 new rows into weather_data.
2026-05-11 18:21:33,241 - INFO - Fetching DA prices from 2024-11-01 00:00:00+01:00 to 2024-11-04 00:00:00+01:00
2026-05-11 18:21:34,268 - INFO - Inserted 288 new rows into day_ahead_prices.
2026-05-11 18:21:34,269 - INFO - Fetching actual load from 2024-11-01 00:00:00+01:00 to 2024-11-04 00:00:00+01:00
2026-05-11 18:21:35,036 - INFO - Inserted 288 new rows into actual_load.
2026-05-11 18:21:35,037 - INFO - Fetching generation mix from 2024-11-01 00:00:00+01:00 to 2024-11-04 00:00:00+01:00
2026-05-11 18:21:37,973 - INFO - Inserted 288 new rows into generation_mix.
2026-05-11 18:21:37,973 - INFO - Fetching Open-Meteo data from 2024-11-01 to 2024-11-04
2026-05-11 18:21:38,486 - INFO - Inserted 288 new rows into weather_data.
2026-05-11 18:21:43,488 - INFO - Fetching DA prices from 2024-11-04 00:00:00+01:00 to 2024-11-07 00:00:00+01:00
2026-05-11 18:21:44,347 - INFO - Inserted 288 new rows into day_ahead_prices.
2026-05-11 18:21:44,348 - INFO - Fetching actual load from 2024-11-04 00:00:00+01:00 to 2024-11-07 00:00:00+01:00
2026-05-11 18:21:44,937 - INFO - Inserted 288 new rows into actual_load.
2026-05-11 18:21:44,937 - INFO - Fetching generation mix from 2024-11-04 00:00:00+01:00 to 2024-11-07 00:00:00+01:00
2026-05-11 18:21:47,787 - INFO - Inserted 288 new rows into generation_mix.
2026-05-11 18:21:47,788 - INFO - Fetching Open-Meteo data from 2024-11-04 to 2024-11-07
2026-05-11 18:21:48,406 - INFO - Inserted 288 new rows into weather_data.
2026-05-11 18:21:53,408 - INFO - Fetching DA prices from 2024-11-07 00:00:00+01:00 to 2024-11-10 00:00:00+01:00
2026-05-11 18:21:54,265 - INFO - Inserted 288 new rows into day_ahead_prices.
2026-05-11 18:21:54,266 - INFO - Fetching actual load from 2024-11-07 00:00:00+01:00 to 2024-11-10 00:00:00+01:00
2026-05-11 18:21:54,966 - INFO - Inserted 288 new rows into actual_load.
2026-05-11 18:21:54,967 - INFO - Fetching generation mix from 2024-11-07 00:00:00+01:00 to 2024-11-10 00:00:00+01:00
2026-05-11 18:21:57,925 - INFO - Inserted 288 new rows into generation_mix.
2026-05-11 18:21:57,926 - INFO - Fetching Open-Meteo data from 2024-11-07 to 2024-11-10
2026-05-11 18:21:58,505 - INFO - Inserted 288 new rows into weather_data.
2026-05-11 18:22:03,507 - INFO - Fetching DA prices from 2024-11-10 00:00:00+01:00 to 2024-11-13 00:00:00+01:00
2026-05-11 18:22:04,921 - INFO - Inserted 288 new rows into day_ahead_prices.
2026-05-11 18:22:04,922 - INFO - Fetching actual load from 2024-11-10 00:00:00+01:00 to 2024-11-13 00:00:00+01:00
2026-05-11 18:22:07,260 - INFO - Inserted 288 new rows into actual_load.
2026-05-11 18:22:07,261 - INFO - Fetching generation mix from 2024-11-10 00:00:00+01:00 to 2024-11-13 00:00:00+01:00
2026-05-11 18:22:10,030 - INFO - Inserted 288 new rows into generation_mix.
2026-05-11 18:22:10,031 - INFO - Fetching Open-Meteo data from 2024-11-10 to 2024-11-13
2026-05-11 18:22:10,588 - INFO - Inserted 288 new rows into weather_data.
2026-05-11 18:22:15,590 - INFO - Fetching DA prices from 2024-11-13 00:00:00+01:00 to 2024-11-16 00:00:00+01:00
2026-05-11 18:22:18,843 - INFO - Inserted 288 new rows into day_ahead_prices.
2026-05-11 18:22:18,843 - INFO - Fetching actual load from 2024-11-13 00:00:00+01:00 to 2024-11-16 00:00:00+01:00
2026-05-11 18:22:19,443 - INFO - Inserted 288 new rows into actual_load.
2026-05-11 18:22:19,444 - INFO - Fetching generation mix from 2024-11-13 00:00:00+01:00 to 2024-11-16 00:00:00+01:00
2026-05-11 18:22:23,333 - INFO - Inserted 288 new rows into generation_mix.
2026-05-11 18:22:23,334 - INFO - Fetching Open-Meteo data from 2024-11-13 to 2024-11-16
2026-05-11 18:22:23,913 - INFO - Inserted 288 new rows into weather_data.
2026-05-11 18:22:28,915 - INFO - Fetching DA prices from 2024-11-16 00:00:00+01:00 to 2024-11-19 00:00:00+01:00
2026-05-11 18:22:29,853 - INFO - Inserted 288 new rows into day_ahead_prices.
2026-05-11 18:22:29,854 - INFO - Fetching actual load from 2024-11-16 00:00:00+01:00 to 2024-11-19 00:00:00+01:00
2026-05-11 18:22:30,403 - INFO - Inserted 288 new rows into actual_load.
2026-05-11 18:22:30,404 - INFO - Fetching generation mix from 2024-11-16 00:00:00+01:00 to 2024-11-19 00:00:00+01:00
2026-05-11 18:22:33,170 - INFO - Inserted 288 new rows into generation_mix.
2026-05-11 18:22:33,171 - INFO - Fetching Open-Meteo data from 2024-11-16 to 2024-11-19
2026-05-11 18:22:34,083 - INFO - Inserted 288 new rows into weather_data.
2026-05-11 18:22:39,086 - INFO - Fetching DA prices from 2024-11-19 00:00:00+01:00 to 2024-11-22 00:00:00+01:00
2026-05-11 18:22:39,978 - INFO - Inserted 288 new rows into day_ahead_prices.
2026-05-11 18:22:39,978 - INFO - Fetching actual load from 2024-11-19 00:00:00+01:00 to 2024-11-22 00:00:00+01:00
2026-05-11 18:22:40,523 - INFO - Inserted 288 new rows into actual_load.
2026-05-11 18:22:40,524 - INFO - Fetching generation mix from 2024-11-19 00:00:00+01:00 to 2024-11-22 00:00:00+01:00
2026-05-11 18:22:43,514 - INFO - Inserted 288 new rows into generation_mix.
2026-05-11 18:22:43,515 - INFO - Fetching Open-Meteo data from 2024-11-19 to 2024-11-22
2026-05-11 18:22:44,143 - INFO - Inserted 288 new rows into weather_data.
2026-05-11 18:22:49,145 - INFO - Fetching DA prices from 2024-11-22 00:00:00+01:00 to 2024-11-25 00:00:00+01:00
2026-05-11 18:22:50,221 - INFO - Inserted 288 new rows into day_ahead_prices.
2026-05-11 18:22:50,221 - INFO - Fetching actual load from 2024-11-22 00:00:00+01:00 to 2024-11-25 00:00:00+01:00
2026-05-11 18:22:50,877 - INFO - Inserted 288 new rows into actual_load.
2026-05-11 18:22:50,878 - INFO - Fetching generation mix from 2024-11-22 00:00:00+01:00 to 2024-11-25 00:00:00+01:00
2026-05-11 18:22:53,556 - INFO - Inserted 288 new rows into generation_mix.
2026-05-11 18:22:53,557 - INFO - Fetching Open-Meteo data from 2024-11-22 to 2024-11-25
2026-05-11 18:22:54,125 - INFO - Inserted 288 new rows into weather_data.
2026-05-11 18:22:59,127 - INFO - Fetching DA prices from 2024-11-25 00:00:00+01:00 to 2024-11-28 00:00:00+01:00
2026-05-11 18:22:59,963 - INFO - Inserted 288 new rows into day_ahead_prices.
2026-05-11 18:22:59,964 - INFO - Fetching actual load from 2024-11-25 00:00:00+01:00 to 2024-11-28 00:00:00+01:00
2026-05-11 18:23:01,214 - INFO - Inserted 288 new rows into actual_load.
2026-05-11 18:23:01,214 - INFO - Fetching generation mix from 2024-11-25 00:00:00+01:00 to 2024-11-28 00:00:00+01:00
2026-05-11 18:23:04,292 - INFO - Inserted 288 new rows into generation_mix.
2026-05-11 18:23:04,293 - INFO - Fetching Open-Meteo data from 2024-11-25 to 2024-11-28
2026-05-11 18:23:04,872 - INFO - Inserted 288 new rows into weather_data.
2026-05-11 18:23:09,875 - INFO - Fetching DA prices from 2024-11-28 00:00:00+01:00 to 2024-12-01 00:00:00+01:00
2026-05-11 18:23:10,669 - INFO - Inserted 288 new rows into day_ahead_prices.
2026-05-11 18:23:10,670 - INFO - Fetching actual load from 2024-11-28 00:00:00+01:00 to 2024-12-01 00:00:00+01:00
2026-05-11 18:23:11,359 - INFO - Inserted 288 new rows into actual_load.
2026-05-11 18:23:11,359 - INFO - Fetching generation mix from 2024-11-28 00:00:00+01:00 to 2024-12-01 00:00:00+01:00
2026-05-11 18:23:14,193 - INFO - Inserted 288 new rows into generation_mix.
2026-05-11 18:23:14,194 - INFO - Fetching Open-Meteo data from 2024-11-28 to 2024-12-01
2026-05-11 18:23:14,862 - INFO - Inserted 288 new rows into weather_data.
2026-05-11 18:23:19,864 - INFO - Fetching DA prices from 2024-12-01 00:00:00+01:00 to 2024-12-04 00:00:00+01:00
2026-05-11 18:23:20,712 - INFO - Inserted 288 new rows into day_ahead_prices.
2026-05-11 18:23:20,712 - INFO - Fetching actual load from 2024-12-01 00:00:00+01:00 to 2024-12-04 00:00:00+01:00
2026-05-11 18:23:21,491 - INFO - Inserted 288 new rows into actual_load.
2026-05-11 18:23:21,491 - INFO - Fetching generation mix from 2024-12-01 00:00:00+01:00 to 2024-12-04 00:00:00+01:00
2026-05-11 18:23:24,247 - INFO - Inserted 288 new rows into generation_mix.
2026-05-11 18:23:24,248 - INFO - Fetching Open-Meteo data from 2024-12-01 to 2024-12-04
2026-05-11 18:23:24,938 - INFO - Inserted 288 new rows into weather_data.
2026-05-11 18:23:29,940 - INFO - Fetching DA prices from 2024-12-04 00:00:00+01:00 to 2024-12-07 00:00:00+01:00
2026-05-11 18:23:30,893 - INFO - Inserted 288 new rows into day_ahead_prices.
2026-05-11 18:23:30,893 - INFO - Fetching actual load from 2024-12-04 00:00:00+01:00 to 2024-12-07 00:00:00+01:00
2026-05-11 18:23:31,732 - INFO - Inserted 288 new rows into actual_load.
2026-05-11 18:23:31,732 - INFO - Fetching generation mix from 2024-12-04 00:00:00+01:00 to 2024-12-07 00:00:00+01:00
2026-05-11 18:23:35,054 - INFO - Inserted 288 new rows into generation_mix.
2026-05-11 18:23:35,055 - INFO - Fetching Open-Meteo data from 2024-12-04 to 2024-12-07
2026-05-11 18:23:35,590 - INFO - Inserted 288 new rows into weather_data.
2026-05-11 18:23:40,592 - INFO - Fetching DA prices from 2024-12-07 00:00:00+01:00 to 2024-12-10 00:00:00+01:00
2026-05-11 18:23:41,529 - INFO - Inserted 288 new rows into day_ahead_prices.
2026-05-11 18:23:41,529 - INFO - Fetching actual load from 2024-12-07 00:00:00+01:00 to 2024-12-10 00:00:00+01:00
2026-05-11 18:23:42,207 - INFO - Inserted 288 new rows into actual_load.
2026-05-11 18:23:42,208 - INFO - Fetching generation mix from 2024-12-07 00:00:00+01:00 to 2024-12-10 00:00:00+01:00
2026-05-11 18:23:45,030 - INFO - Inserted 288 new rows into generation_mix.
2026-05-11 18:23:45,031 - INFO - Fetching Open-Meteo data from 2024-12-07 to 2024-12-10
2026-05-11 18:23:45,654 - INFO - Inserted 288 new rows into weather_data.
2026-05-11 18:23:50,656 - INFO - Fetching DA prices from 2024-12-10 00:00:00+01:00 to 2024-12-13 00:00:00+01:00
2026-05-11 18:23:51,445 - INFO - Inserted 288 new rows into day_ahead_prices.
2026-05-11 18:23:51,445 - INFO - Fetching actual load from 2024-12-10 00:00:00+01:00 to 2024-12-13 00:00:00+01:00
2026-05-11 18:23:52,245 - INFO - Inserted 288 new rows into actual_load.
2026-05-11 18:23:52,246 - INFO - Fetching generation mix from 2024-12-10 00:00:00+01:00 to 2024-12-13 00:00:00+01:00
2026-05-11 18:23:54,957 - INFO - Inserted 288 new rows into generation_mix.
2026-05-11 18:23:54,958 - INFO - Fetching Open-Meteo data from 2024-12-10 to 2024-12-13
2026-05-11 18:23:55,626 - INFO - Inserted 288 new rows into weather_data.
2026-05-11 18:24:00,628 - INFO - Fetching DA prices from 2024-12-13 00:00:00+01:00 to 2024-12-16 00:00:00+01:00
2026-05-11 18:24:02,498 - INFO - Inserted 288 new rows into day_ahead_prices.
2026-05-11 18:24:02,499 - INFO - Fetching actual load from 2024-12-13 00:00:00+01:00 to 2024-12-16 00:00:00+01:00
2026-05-11 18:24:03,939 - INFO - Inserted 288 new rows into actual_load.
2026-05-11 18:24:03,939 - INFO - Fetching generation mix from 2024-12-13 00:00:00+01:00 to 2024-12-16 00:00:00+01:00
2026-05-11 18:24:06,748 - INFO - Inserted 288 new rows into generation_mix.
2026-05-11 18:24:06,749 - INFO - Fetching Open-Meteo data from 2024-12-13 to 2024-12-16
2026-05-11 18:24:07,339 - INFO - Inserted 288 new rows into weather_data.
2026-05-11 18:24:12,341 - INFO - Fetching DA prices from 2024-12-16 00:00:00+01:00 to 2024-12-19 00:00:00+01:00
2026-05-11 18:24:13,167 - INFO - Inserted 288 new rows into day_ahead_prices.
2026-05-11 18:24:13,167 - INFO - Fetching actual load from 2024-12-16 00:00:00+01:00 to 2024-12-19 00:00:00+01:00
2026-05-11 18:24:13,935 - INFO - Inserted 288 new rows into actual_load.
2026-05-11 18:24:13,935 - INFO - Fetching generation mix from 2024-12-16 00:00:00+01:00 to 2024-12-19 00:00:00+01:00
2026-05-11 18:24:16,638 - INFO - Inserted 288 new rows into generation_mix.
2026-05-11 18:24:16,639 - INFO - Fetching Open-Meteo data from 2024-12-16 to 2024-12-19
2026-05-11 18:24:17,273 - INFO - Inserted 288 new rows into weather_data.
2026-05-11 18:24:22,275 - INFO - Fetching DA prices from 2024-12-19 00:00:00+01:00 to 2024-12-22 00:00:00+01:00
2026-05-11 18:24:23,219 - INFO - Inserted 288 new rows into day_ahead_prices.
2026-05-11 18:24:23,220 - INFO - Fetching actual load from 2024-12-19 00:00:00+01:00 to 2024-12-22 00:00:00+01:00
2026-05-11 18:24:23,765 - INFO - Inserted 288 new rows into actual_load.
2026-05-11 18:24:23,765 - INFO - Fetching generation mix from 2024-12-19 00:00:00+01:00 to 2024-12-22 00:00:00+01:00
2026-05-11 18:24:26,580 - INFO - Inserted 288 new rows into generation_mix.
2026-05-11 18:24:26,581 - INFO - Fetching Open-Meteo data from 2024-12-19 to 2024-12-22
2026-05-11 18:24:27,215 - INFO - Inserted 288 new rows into weather_data.
2026-05-11 18:24:32,218 - INFO - Fetching DA prices from 2024-12-22 00:00:00+01:00 to 2024-12-25 00:00:00+01:00
2026-05-11 18:24:33,297 - INFO - Inserted 288 new rows into day_ahead_prices.
2026-05-11 18:24:33,298 - INFO - Fetching actual load from 2024-12-22 00:00:00+01:00 to 2024-12-25 00:00:00+01:00
2026-05-11 18:24:34,121 - INFO - Inserted 288 new rows into actual_load.
2026-05-11 18:24:34,121 - INFO - Fetching generation mix from 2024-12-22 00:00:00+01:00 to 2024-12-25 00:00:00+01:00
2026-05-11 18:24:36,864 - INFO - Inserted 288 new rows into generation_mix.
2026-05-11 18:24:36,865 - INFO - Fetching Open-Meteo data from 2024-12-22 to 2024-12-25
2026-05-11 18:24:37,399 - INFO - Inserted 288 new rows into weather_data.
2026-05-11 18:24:42,402 - INFO - Fetching DA prices from 2024-12-25 00:00:00+01:00 to 2024-12-28 00:00:00+01:00
2026-05-11 18:24:43,243 - INFO - Inserted 288 new rows into day_ahead_prices.
2026-05-11 18:24:43,244 - INFO - Fetching actual load from 2024-12-25 00:00:00+01:00 to 2024-12-28 00:00:00+01:00
2026-05-11 18:24:43,822 - INFO - Inserted 288 new rows into actual_load.
2026-05-11 18:24:43,822 - INFO - Fetching generation mix from 2024-12-25 00:00:00+01:00 to 2024-12-28 00:00:00+01:00
2026-05-11 18:24:46,583 - INFO - Inserted 288 new rows into generation_mix.
2026-05-11 18:24:46,584 - INFO - Fetching Open-Meteo data from 2024-12-25 to 2024-12-28
2026-05-11 18:24:47,212 - INFO - Inserted 288 new rows into weather_data.
2026-05-11 18:24:52,214 - INFO - Fetching DA prices from 2024-12-28 00:00:00+01:00 to 2024-12-31 00:00:00+01:00
2026-05-11 18:24:53,008 - INFO - Inserted 288 new rows into day_ahead_prices.
2026-05-11 18:24:53,008 - INFO - Fetching actual load from 2024-12-28 00:00:00+01:00 to 2024-12-31 00:00:00+01:00
2026-05-11 18:24:53,657 - INFO - Inserted 288 new rows into actual_load.
2026-05-11 18:24:53,657 - INFO - Fetching generation mix from 2024-12-28 00:00:00+01:00 to 2024-12-31 00:00:00+01:00
2026-05-11 18:24:56,405 - INFO - Inserted 288 new rows into generation_mix.
2026-05-11 18:24:56,406 - INFO - Fetching Open-Meteo data from 2024-12-28 to 2024-12-31
2026-05-11 18:24:57,023 - INFO - Inserted 288 new rows into weather_data.
2026-05-11 18:25:02,025 - INFO - Fetching DA prices from 2024-12-31 00:00:00+01:00 to 2025-01-03 00:00:00+01:00
2026-05-11 18:25:03,920 - INFO - Inserted 288 new rows into day_ahead_prices.
2026-05-11 18:25:03,921 - INFO - Fetching actual load from 2024-12-31 00:00:00+01:00 to 2025-01-03 00:00:00+01:00
2026-05-11 18:25:04,607 - INFO - Inserted 288 new rows into actual_load.
2026-05-11 18:25:04,607 - INFO - Fetching generation mix from 2024-12-31 00:00:00+01:00 to 2025-01-03 00:00:00+01:00
2026-05-11 18:25:07,895 - INFO - Inserted 288 new rows into generation_mix.
2026-05-11 18:25:07,896 - INFO - Fetching Open-Meteo data from 2024-12-31 to 2025-01-03
2026-05-11 18:25:08,619 - INFO - Inserted 288 new rows into weather_data.
2026-05-11 18:25:13,622 - INFO - Fetching DA prices from 2025-01-03 00:00:00+01:00 to 2025-01-06 00:00:00+01:00
2026-05-11 18:25:14,717 - INFO - Inserted 288 new rows into day_ahead_prices.
2026-05-11 18:25:14,718 - INFO - Fetching actual load from 2025-01-03 00:00:00+01:00 to 2025-01-06 00:00:00+01:00
2026-05-11 18:25:15,491 - INFO - Inserted 288 new rows into actual_load.
2026-05-11 18:25:15,491 - INFO - Fetching generation mix from 2025-01-03 00:00:00+01:00 to 2025-01-06 00:00:00+01:00
2026-05-11 18:25:18,598 - INFO - Inserted 288 new rows into generation_mix.
2026-05-11 18:25:18,599 - INFO - Fetching Open-Meteo data from 2025-01-03 to 2025-01-06
2026-05-11 18:25:19,222 - INFO - Inserted 288 new rows into weather_data.
2026-05-11 18:25:24,224 - INFO - Fetching DA prices from 2025-01-06 00:00:00+01:00 to 2025-01-09 00:00:00+01:00
2026-05-11 18:25:25,050 - INFO - Inserted 288 new rows into day_ahead_prices.
2026-05-11 18:25:25,050 - INFO - Fetching actual load from 2025-01-06 00:00:00+01:00 to 2025-01-09 00:00:00+01:00
2026-05-11 18:25:25,916 - INFO - Inserted 288 new rows into actual_load.
2026-05-11 18:25:25,917 - INFO - Fetching generation mix from 2025-01-06 00:00:00+01:00 to 2025-01-09 00:00:00+01:00
2026-05-11 18:25:30,667 - INFO - Inserted 288 new rows into generation_mix.
2026-05-11 18:25:30,668 - INFO - Fetching Open-Meteo data from 2025-01-06 to 2025-01-09
2026-05-11 18:25:31,403 - INFO - Inserted 288 new rows into weather_data.
2026-05-11 18:25:36,405 - INFO - Fetching DA prices from 2025-01-09 00:00:00+01:00 to 2025-01-12 00:00:00+01:00
2026-05-11 18:25:37,555 - INFO - Inserted 288 new rows into day_ahead_prices.
2026-05-11 18:25:37,556 - INFO - Fetching actual load from 2025-01-09 00:00:00+01:00 to 2025-01-12 00:00:00+01:00
2026-05-11 18:25:38,301 - INFO - Inserted 288 new rows into actual_load.
2026-05-11 18:25:38,301 - INFO - Fetching generation mix from 2025-01-09 00:00:00+01:00 to 2025-01-12 00:00:00+01:00
2026-05-11 18:25:42,290 - INFO - Inserted 288 new rows into generation_mix.
2026-05-11 18:25:42,291 - INFO - Fetching Open-Meteo data from 2025-01-09 to 2025-01-12
2026-05-11 18:25:42,881 - INFO - Inserted 288 new rows into weather_data.
2026-05-11 18:25:47,883 - INFO - Fetching DA prices from 2025-01-12 00:00:00+01:00 to 2025-01-15 00:00:00+01:00
2026-05-11 18:25:48,698 - INFO - Inserted 288 new rows into day_ahead_prices.
2026-05-11 18:25:48,699 - INFO - Fetching actual load from 2025-01-12 00:00:00+01:00 to 2025-01-15 00:00:00+01:00
2026-05-11 18:25:49,365 - INFO - Inserted 288 new rows into actual_load.
2026-05-11 18:25:49,366 - INFO - Fetching generation mix from 2025-01-12 00:00:00+01:00 to 2025-01-15 00:00:00+01:00
2026-05-11 18:25:52,249 - INFO - Inserted 288 new rows into generation_mix.
2026-05-11 18:25:52,250 - INFO - Fetching Open-Meteo data from 2025-01-12 to 2025-01-15
2026-05-11 18:25:52,862 - INFO - Inserted 288 new rows into weather_data.
2026-05-11 18:25:57,865 - INFO - Fetching DA prices from 2025-01-15 00:00:00+01:00 to 2025-01-18 00:00:00+01:00
2026-05-11 18:25:58,695 - INFO - Inserted 288 new rows into day_ahead_prices.
2026-05-11 18:25:58,695 - INFO - Fetching actual load from 2025-01-15 00:00:00+01:00 to 2025-01-18 00:00:00+01:00
2026-05-11 18:25:59,296 - INFO - Inserted 288 new rows into actual_load.
2026-05-11 18:25:59,296 - INFO - Fetching generation mix from 2025-01-15 00:00:00+01:00 to 2025-01-18 00:00:00+01:00
2026-05-11 18:26:02,063 - INFO - Inserted 288 new rows into generation_mix.
2026-05-11 18:26:02,064 - INFO - Fetching Open-Meteo data from 2025-01-15 to 2025-01-18
2026-05-11 18:26:02,643 - INFO - Inserted 288 new rows into weather_data.
2026-05-11 18:26:07,646 - INFO - Fetching DA prices from 2025-01-18 00:00:00+01:00 to 2025-01-21 00:00:00+01:00
2026-05-11 18:26:08,477 - INFO - Inserted 288 new rows into day_ahead_prices.
2026-05-11 18:26:08,478 - INFO - Fetching actual load from 2025-01-18 00:00:00+01:00 to 2025-01-21 00:00:00+01:00
2026-05-11 18:26:09,151 - INFO - Inserted 288 new rows into actual_load.
2026-05-11 18:26:09,151 - INFO - Fetching generation mix from 2025-01-18 00:00:00+01:00 to 2025-01-21 00:00:00+01:00
2026-05-11 18:26:11,885 - INFO - Inserted 288 new rows into generation_mix.
2026-05-11 18:26:11,886 - INFO - Fetching Open-Meteo data from 2025-01-18 to 2025-01-21
2026-05-11 18:26:12,465 - INFO - Inserted 288 new rows into weather_data.
2026-05-11 18:26:17,467 - INFO - Fetching DA prices from 2025-01-21 00:00:00+01:00 to 2025-01-24 00:00:00+01:00
2026-05-11 18:26:18,304 - INFO - Inserted 288 new rows into day_ahead_prices.
2026-05-11 18:26:18,304 - INFO - Fetching actual load from 2025-01-21 00:00:00+01:00 to 2025-01-24 00:00:00+01:00
2026-05-11 18:26:18,949 - INFO - Inserted 288 new rows into actual_load.
2026-05-11 18:26:18,950 - INFO - Fetching generation mix from 2025-01-21 00:00:00+01:00 to 2025-01-24 00:00:00+01:00
2026-05-11 18:26:22,698 - INFO - Inserted 288 new rows into generation_mix.
2026-05-11 18:26:22,699 - INFO - Fetching Open-Meteo data from 2025-01-21 to 2025-01-24
2026-05-11 18:26:23,833 - INFO - Inserted 288 new rows into weather_data.
2026-05-11 18:26:28,836 - INFO - Fetching DA prices from 2025-01-24 00:00:00+01:00 to 2025-01-27 00:00:00+01:00
2026-05-11 18:26:29,724 - INFO - Inserted 288 new rows into day_ahead_prices.
2026-05-11 18:26:29,725 - INFO - Fetching actual load from 2025-01-24 00:00:00+01:00 to 2025-01-27 00:00:00+01:00
2026-05-11 18:26:30,325 - INFO - Inserted 288 new rows into actual_load.
2026-05-11 18:26:30,325 - INFO - Fetching generation mix from 2025-01-24 00:00:00+01:00 to 2025-01-27 00:00:00+01:00
2026-05-11 18:26:33,115 - INFO - Inserted 288 new rows into generation_mix.
2026-05-11 18:26:33,115 - INFO - Fetching Open-Meteo data from 2025-01-24 to 2025-01-27
2026-05-11 18:26:33,748 - INFO - Inserted 288 new rows into weather_data.
2026-05-11 18:26:38,751 - INFO - Fetching DA prices from 2025-01-27 00:00:00+01:00 to 2025-01-30 00:00:00+01:00
2026-05-11 18:26:39,548 - INFO - Inserted 288 new rows into day_ahead_prices.
2026-05-11 18:26:39,548 - INFO - Fetching actual load from 2025-01-27 00:00:00+01:00 to 2025-01-30 00:00:00+01:00
2026-05-11 18:26:40,349 - INFO - Inserted 288 new rows into actual_load.
2026-05-11 18:26:40,349 - INFO - Fetching generation mix from 2025-01-27 00:00:00+01:00 to 2025-01-30 00:00:00+01:00
2026-05-11 18:26:43,716 - INFO - Inserted 288 new rows into generation_mix.
2026-05-11 18:26:43,717 - INFO - Fetching Open-Meteo data from 2025-01-27 to 2025-01-30
2026-05-11 18:26:44,318 - INFO - Inserted 288 new rows into weather_data.
2026-05-11 18:26:49,320 - INFO - Fetching DA prices from 2025-01-30 00:00:00+01:00 to 2025-02-02 00:00:00+01:00
2026-05-11 18:26:50,205 - INFO - Inserted 288 new rows into day_ahead_prices.
2026-05-11 18:26:50,206 - INFO - Fetching actual load from 2025-01-30 00:00:00+01:00 to 2025-02-02 00:00:00+01:00
2026-05-11 18:26:50,728 - INFO - Inserted 288 new rows into actual_load.
2026-05-11 18:26:50,729 - INFO - Fetching generation mix from 2025-01-30 00:00:00+01:00 to 2025-02-02 00:00:00+01:00
2026-05-11 18:26:53,485 - INFO - Inserted 288 new rows into generation_mix.
2026-05-11 18:26:53,485 - INFO - Fetching Open-Meteo data from 2025-01-30 to 2025-02-02
2026-05-11 18:26:54,120 - INFO - Inserted 288 new rows into weather_data.
2026-05-11 18:26:59,122 - INFO - Fetching DA prices from 2025-02-02 00:00:00+01:00 to 2025-02-05 00:00:00+01:00
2026-05-11 18:26:59,948 - INFO - Inserted 288 new rows into day_ahead_prices.
2026-05-11 18:26:59,948 - INFO - Fetching actual load from 2025-02-02 00:00:00+01:00 to 2025-02-05 00:00:00+01:00
2026-05-11 18:27:00,940 - INFO - Inserted 288 new rows into actual_load.
2026-05-11 18:27:00,941 - INFO - Fetching generation mix from 2025-02-02 00:00:00+01:00 to 2025-02-05 00:00:00+01:00
2026-05-11 18:27:04,896 - INFO - Inserted 288 new rows into generation_mix.
2026-05-11 18:27:04,896 - INFO - Fetching Open-Meteo data from 2025-02-02 to 2025-02-05
2026-05-11 18:27:05,520 - INFO - Inserted 288 new rows into weather_data.
2026-05-11 18:27:10,522 - INFO - Fetching DA prices from 2025-02-05 00:00:00+01:00 to 2025-02-08 00:00:00+01:00
2026-05-11 18:27:11,466 - INFO - Inserted 288 new rows into day_ahead_prices.
2026-05-11 18:27:11,466 - INFO - Fetching actual load from 2025-02-05 00:00:00+01:00 to 2025-02-08 00:00:00+01:00
2026-05-11 18:27:12,044 - INFO - Inserted 288 new rows into actual_load.
2026-05-11 18:27:12,045 - INFO - Fetching generation mix from 2025-02-05 00:00:00+01:00 to 2025-02-08 00:00:00+01:00
2026-05-11 18:27:14,838 - INFO - Inserted 288 new rows into generation_mix.
2026-05-11 18:27:14,838 - INFO - Fetching Open-Meteo data from 2025-02-05 to 2025-02-08
2026-05-11 18:27:15,944 - INFO - Inserted 288 new rows into weather_data.
2026-05-11 18:27:20,947 - INFO - Fetching DA prices from 2025-02-08 00:00:00+01:00 to 2025-02-11 00:00:00+01:00
2026-05-11 18:27:21,841 - INFO - Inserted 288 new rows into day_ahead_prices.
2026-05-11 18:27:21,842 - INFO - Fetching actual load from 2025-02-08 00:00:00+01:00 to 2025-02-11 00:00:00+01:00
2026-05-11 18:27:22,442 - INFO - Inserted 288 new rows into actual_load.
2026-05-11 18:27:22,443 - INFO - Fetching generation mix from 2025-02-08 00:00:00+01:00 to 2025-02-11 00:00:00+01:00
2026-05-11 18:27:25,421 - INFO - Inserted 288 new rows into generation_mix.
2026-05-11 18:27:25,422 - INFO - Fetching Open-Meteo data from 2025-02-08 to 2025-02-11
2026-05-11 18:27:26,550 - INFO - Inserted 288 new rows into weather_data.
2026-05-11 18:27:31,553 - INFO - Fetching DA prices from 2025-02-11 00:00:00+01:00 to 2025-02-14 00:00:00+01:00
2026-05-11 18:27:32,334 - INFO - Inserted 288 new rows into day_ahead_prices.
2026-05-11 18:27:32,335 - INFO - Fetching actual load from 2025-02-11 00:00:00+01:00 to 2025-02-14 00:00:00+01:00
2026-05-11 18:27:33,184 - INFO - Inserted 288 new rows into actual_load.
2026-05-11 18:27:33,185 - INFO - Fetching generation mix from 2025-02-11 00:00:00+01:00 to 2025-02-14 00:00:00+01:00
2026-05-11 18:27:35,990 - INFO - Inserted 288 new rows into generation_mix.
2026-05-11 18:27:35,991 - INFO - Fetching Open-Meteo data from 2025-02-11 to 2025-02-14
2026-05-11 18:27:36,514 - INFO - Inserted 288 new rows into weather_data.
2026-05-11 18:27:41,516 - INFO - Fetching DA prices from 2025-02-14 00:00:00+01:00 to 2025-02-17 00:00:00+01:00
2026-05-11 18:27:42,431 - INFO - Inserted 288 new rows into day_ahead_prices.
2026-05-11 18:27:42,431 - INFO - Fetching actual load from 2025-02-14 00:00:00+01:00 to 2025-02-17 00:00:00+01:00
2026-05-11 18:27:43,021 - INFO - Inserted 288 new rows into actual_load.
2026-05-11 18:27:43,021 - INFO - Fetching generation mix from 2025-02-14 00:00:00+01:00 to 2025-02-17 00:00:00+01:00
2026-05-11 18:27:45,855 - INFO - Inserted 288 new rows into generation_mix.
2026-05-11 18:27:45,856 - INFO - Fetching Open-Meteo data from 2025-02-14 to 2025-02-17
2026-05-11 18:27:46,473 - INFO - Inserted 288 new rows into weather_data.
2026-05-11 18:27:51,475 - INFO - Fetching DA prices from 2025-02-17 00:00:00+01:00 to 2025-02-20 00:00:00+01:00
2026-05-11 18:27:52,359 - INFO - Inserted 288 new rows into day_ahead_prices.
2026-05-11 18:27:52,359 - INFO - Fetching actual load from 2025-02-17 00:00:00+01:00 to 2025-02-20 00:00:00+01:00
2026-05-11 18:27:53,004 - INFO - Inserted 288 new rows into actual_load.
2026-05-11 18:27:53,005 - INFO - Fetching generation mix from 2025-02-17 00:00:00+01:00 to 2025-02-20 00:00:00+01:00
2026-05-11 18:27:55,571 - INFO - Inserted 288 new rows into generation_mix.
2026-05-11 18:27:55,572 - INFO - Fetching Open-Meteo data from 2025-02-17 to 2025-02-20
2026-05-11 18:27:56,174 - INFO - Inserted 288 new rows into weather_data.
2026-05-11 18:28:01,176 - INFO - Fetching DA prices from 2025-02-20 00:00:00+01:00 to 2025-02-23 00:00:00+01:00
2026-05-11 18:28:03,118 - INFO - Inserted 288 new rows into day_ahead_prices.
2026-05-11 18:28:03,119 - INFO - Fetching actual load from 2025-02-20 00:00:00+01:00 to 2025-02-23 00:00:00+01:00
2026-05-11 18:28:03,752 - INFO - Inserted 288 new rows into actual_load.
2026-05-11 18:28:03,753 - INFO - Fetching generation mix from 2025-02-20 00:00:00+01:00 to 2025-02-23 00:00:00+01:00
2026-05-11 18:28:06,742 - INFO - Inserted 288 new rows into generation_mix.
2026-05-11 18:28:06,743 - INFO - Fetching Open-Meteo data from 2025-02-20 to 2025-02-23
2026-05-11 18:28:07,255 - INFO - Inserted 288 new rows into weather_data.
2026-05-11 18:28:12,258 - INFO - Fetching DA prices from 2025-02-23 00:00:00+01:00 to 2025-02-26 00:00:00+01:00
2026-05-11 18:28:13,483 - INFO - Inserted 288 new rows into day_ahead_prices.
2026-05-11 18:28:13,483 - INFO - Fetching actual load from 2025-02-23 00:00:00+01:00 to 2025-02-26 00:00:00+01:00
2026-05-11 18:28:14,061 - INFO - Inserted 288 new rows into actual_load.
2026-05-11 18:28:14,062 - INFO - Fetching generation mix from 2025-02-23 00:00:00+01:00 to 2025-02-26 00:00:00+01:00
2026-05-11 18:28:16,942 - INFO - Inserted 288 new rows into generation_mix.
2026-05-11 18:28:16,943 - INFO - Fetching Open-Meteo data from 2025-02-23 to 2025-02-26
2026-05-11 18:28:17,891 - INFO - Inserted 288 new rows into weather_data.
2026-05-11 18:28:22,894 - INFO - Fetching DA prices from 2025-02-26 00:00:00+01:00 to 2025-03-01 00:00:00+01:00
2026-05-11 18:28:23,823 - INFO - Inserted 288 new rows into day_ahead_prices.
2026-05-11 18:28:23,823 - INFO - Fetching actual load from 2025-02-26 00:00:00+01:00 to 2025-03-01 00:00:00+01:00
2026-05-11 18:28:24,435 - INFO - Inserted 288 new rows into actual_load.
2026-05-11 18:28:24,435 - INFO - Fetching generation mix from 2025-02-26 00:00:00+01:00 to 2025-03-01 00:00:00+01:00
2026-05-11 18:28:27,087 - INFO - Inserted 288 new rows into generation_mix.
2026-05-11 18:28:27,088 - INFO - Fetching Open-Meteo data from 2025-02-26 to 2025-03-01
2026-05-11 18:28:27,611 - INFO - Inserted 288 new rows into weather_data.
2026-05-11 18:28:32,613 - INFO - Fetching DA prices from 2025-03-01 00:00:00+01:00 to 2025-03-04 00:00:00+01:00
2026-05-11 18:28:33,536 - INFO - Inserted 288 new rows into day_ahead_prices.
2026-05-11 18:28:33,537 - INFO - Fetching actual load from 2025-03-01 00:00:00+01:00 to 2025-03-04 00:00:00+01:00
2026-05-11 18:28:34,115 - INFO - Inserted 288 new rows into actual_load.
2026-05-11 18:28:34,116 - INFO - Fetching generation mix from 2025-03-01 00:00:00+01:00 to 2025-03-04 00:00:00+01:00
2026-05-11 18:28:36,749 - INFO - Inserted 288 new rows into generation_mix.
2026-05-11 18:28:36,750 - INFO - Fetching Open-Meteo data from 2025-03-01 to 2025-03-04
2026-05-11 18:28:37,363 - INFO - Inserted 288 new rows into weather_data.
2026-05-11 18:28:42,365 - INFO - Fetching DA prices from 2025-03-04 00:00:00+01:00 to 2025-03-07 00:00:00+01:00
2026-05-11 18:28:43,190 - INFO - Inserted 288 new rows into day_ahead_prices.
2026-05-11 18:28:43,191 - INFO - Fetching actual load from 2025-03-04 00:00:00+01:00 to 2025-03-07 00:00:00+01:00
2026-05-11 18:28:43,758 - INFO - Inserted 288 new rows into actual_load.
2026-05-11 18:28:43,759 - INFO - Fetching generation mix from 2025-03-04 00:00:00+01:00 to 2025-03-07 00:00:00+01:00
2026-05-11 18:28:46,864 - INFO - Inserted 288 new rows into generation_mix.
2026-05-11 18:28:46,865 - INFO - Fetching Open-Meteo data from 2025-03-04 to 2025-03-07
2026-05-11 18:28:47,499 - INFO - Inserted 288 new rows into weather_data.
2026-05-11 18:28:52,501 - INFO - Fetching DA prices from 2025-03-07 00:00:00+01:00 to 2025-03-10 00:00:00+01:00
2026-05-11 18:28:53,386 - INFO - Inserted 288 new rows into day_ahead_prices.
2026-05-11 18:28:53,387 - INFO - Fetching actual load from 2025-03-07 00:00:00+01:00 to 2025-03-10 00:00:00+01:00
2026-05-11 18:28:53,931 - INFO - Inserted 288 new rows into actual_load.
2026-05-11 18:28:53,932 - INFO - Fetching generation mix from 2025-03-07 00:00:00+01:00 to 2025-03-10 00:00:00+01:00
2026-05-11 18:28:56,577 - INFO - Inserted 288 new rows into generation_mix.
2026-05-11 18:28:56,578 - INFO - Fetching Open-Meteo data from 2025-03-07 to 2025-03-10
2026-05-11 18:28:57,101 - INFO - Inserted 288 new rows into weather_data.
2026-05-11 18:29:02,103 - INFO - Fetching DA prices from 2025-03-10 00:00:00+01:00 to 2025-03-13 00:00:00+01:00
2026-05-11 18:29:02,920 - INFO - Inserted 288 new rows into day_ahead_prices.
2026-05-11 18:29:02,921 - INFO - Fetching actual load from 2025-03-10 00:00:00+01:00 to 2025-03-13 00:00:00+01:00
2026-05-11 18:29:03,510 - INFO - Inserted 288 new rows into actual_load.
2026-05-11 18:29:03,510 - INFO - Fetching generation mix from 2025-03-10 00:00:00+01:00 to 2025-03-13 00:00:00+01:00
2026-05-11 18:29:06,616 - INFO - Inserted 288 new rows into generation_mix.
2026-05-11 18:29:06,617 - INFO - Fetching Open-Meteo data from 2025-03-10 to 2025-03-13
2026-05-11 18:29:07,260 - INFO - Inserted 288 new rows into weather_data.
2026-05-11 18:29:12,263 - INFO - Fetching DA prices from 2025-03-13 00:00:00+01:00 to 2025-03-16 00:00:00+01:00
2026-05-11 18:29:13,146 - INFO - Inserted 288 new rows into day_ahead_prices.
2026-05-11 18:29:13,147 - INFO - Fetching actual load from 2025-03-13 00:00:00+01:00 to 2025-03-16 00:00:00+01:00
2026-05-11 18:29:13,747 - INFO - Inserted 288 new rows into actual_load.
2026-05-11 18:29:13,748 - INFO - Fetching generation mix from 2025-03-13 00:00:00+01:00 to 2025-03-16 00:00:00+01:00
2026-05-11 18:29:16,770 - INFO - Inserted 288 new rows into generation_mix.
2026-05-11 18:29:16,771 - INFO - Fetching Open-Meteo data from 2025-03-13 to 2025-03-16
2026-05-11 18:29:17,283 - INFO - Inserted 288 new rows into weather_data.
2026-05-11 18:29:22,286 - INFO - Fetching DA prices from 2025-03-16 00:00:00+01:00 to 2025-03-19 00:00:00+01:00
2026-05-11 18:29:23,241 - INFO - Inserted 288 new rows into day_ahead_prices.
2026-05-11 18:29:23,241 - INFO - Fetching actual load from 2025-03-16 00:00:00+01:00 to 2025-03-19 00:00:00+01:00
2026-05-11 18:29:23,786 - INFO - Inserted 288 new rows into actual_load.
2026-05-11 18:29:23,787 - INFO - Fetching generation mix from 2025-03-16 00:00:00+01:00 to 2025-03-19 00:00:00+01:00
2026-05-11 18:29:26,599 - INFO - Inserted 288 new rows into generation_mix.
2026-05-11 18:29:26,600 - INFO - Fetching Open-Meteo data from 2025-03-16 to 2025-03-19
2026-05-11 18:29:27,112 - INFO - Inserted 288 new rows into weather_data.
2026-05-11 18:29:32,115 - INFO - Fetching DA prices from 2025-03-19 00:00:00+01:00 to 2025-03-22 00:00:00+01:00
2026-05-11 18:29:32,907 - INFO - Inserted 288 new rows into day_ahead_prices.
2026-05-11 18:29:32,908 - INFO - Fetching actual load from 2025-03-19 00:00:00+01:00 to 2025-03-22 00:00:00+01:00
2026-05-11 18:29:34,035 - INFO - Inserted 288 new rows into actual_load.
2026-05-11 18:29:34,035 - INFO - Fetching generation mix from 2025-03-19 00:00:00+01:00 to 2025-03-22 00:00:00+01:00
2026-05-11 18:29:37,569 - INFO - Inserted 288 new rows into generation_mix.
2026-05-11 18:29:37,570 - INFO - Fetching Open-Meteo data from 2025-03-19 to 2025-03-22
2026-05-11 18:29:38,384 - INFO - Inserted 288 new rows into weather_data.
2026-05-11 18:29:43,386 - INFO - Fetching DA prices from 2025-03-22 00:00:00+01:00 to 2025-03-25 00:00:00+01:00
2026-05-11 18:29:44,181 - INFO - Inserted 288 new rows into day_ahead_prices.
2026-05-11 18:29:44,181 - INFO - Fetching actual load from 2025-03-22 00:00:00+01:00 to 2025-03-25 00:00:00+01:00
2026-05-11 18:29:44,926 - INFO - Inserted 288 new rows into actual_load.
2026-05-11 18:29:44,927 - INFO - Fetching generation mix from 2025-03-22 00:00:00+01:00 to 2025-03-25 00:00:00+01:00
2026-05-11 18:29:47,865 - INFO - Inserted 288 new rows into generation_mix.
2026-05-11 18:29:47,866 - INFO - Fetching Open-Meteo data from 2025-03-22 to 2025-03-25
2026-05-11 18:29:48,527 - INFO - Inserted 288 new rows into weather_data.
2026-05-11 18:29:53,530 - INFO - Fetching DA prices from 2025-03-25 00:00:00+01:00 to 2025-03-28 00:00:00+01:00
2026-05-11 18:29:54,348 - INFO - Inserted 288 new rows into day_ahead_prices.
2026-05-11 18:29:54,349 - INFO - Fetching actual load from 2025-03-25 00:00:00+01:00 to 2025-03-28 00:00:00+01:00
2026-05-11 18:29:55,016 - INFO - Inserted 288 new rows into actual_load.
2026-05-11 18:29:55,017 - INFO - Fetching generation mix from 2025-03-25 00:00:00+01:00 to 2025-03-28 00:00:00+01:00
2026-05-11 18:29:58,214 - INFO - Inserted 288 new rows into generation_mix.
2026-05-11 18:29:58,215 - INFO - Fetching Open-Meteo data from 2025-03-25 to 2025-03-28
2026-05-11 18:29:59,312 - INFO - Inserted 288 new rows into weather_data.
2026-05-11 18:30:04,314 - INFO - Fetching DA prices from 2025-03-28 00:00:00+01:00 to 2025-04-01 00:00:00+02:00
2026-05-11 18:31:26,542 - INFO - Inserted 380 new rows into day_ahead_prices.
2026-05-11 18:31:26,543 - INFO - Fetching actual load from 2025-03-28 00:00:00+01:00 to 2025-04-01 00:00:00+02:00
2026-05-11 18:31:28,432 - INFO - Inserted 380 new rows into actual_load.
2026-05-11 18:31:28,433 - INFO - Fetching generation mix from 2025-03-28 00:00:00+01:00 to 2025-04-01 00:00:00+02:00
2026-05-11 18:31:53,688 - INFO - Inserted 380 new rows into generation_mix.
2026-05-11 18:31:53,689 - INFO - Fetching Open-Meteo data from 2025-03-28 to 2025-04-01
2026-05-11 18:31:55,172 - INFO - Inserted 384 new rows into weather_data.
2026-05-11 18:32:00,175 - INFO - Fetching DA prices from 2025-04-01 00:00:00+02:00 to 2025-04-04 00:00:00+02:00
2026-05-11 18:32:16,040 - INFO - Inserted 288 new rows into day_ahead_prices.
2026-05-11 18:32:16,041 - INFO - Fetching actual load from 2025-04-01 00:00:00+02:00 to 2025-04-04 00:00:00+02:00
2026-05-11 18:32:23,492 - INFO - Inserted 288 new rows into actual_load.
2026-05-11 18:32:23,492 - INFO - Fetching generation mix from 2025-04-01 00:00:00+02:00 to 2025-04-04 00:00:00+02:00
2026-05-11 18:32:30,711 - INFO - Inserted 288 new rows into generation_mix.
2026-05-11 18:32:30,712 - INFO - Fetching Open-Meteo data from 2025-04-01 to 2025-04-04
2026-05-11 18:32:31,416 - INFO - Inserted 288 new rows into weather_data.
2026-05-11 18:32:36,419 - INFO - Fetching DA prices from 2025-04-04 00:00:00+02:00 to 2025-04-07 00:00:00+02:00
2026-05-11 18:32:42,678 - INFO - Inserted 288 new rows into day_ahead_prices.
2026-05-11 18:32:42,679 - INFO - Fetching actual load from 2025-04-04 00:00:00+02:00 to 2025-04-07 00:00:00+02:00
2026-05-11 18:32:48,362 - INFO - Inserted 288 new rows into actual_load.
2026-05-11 18:32:48,363 - INFO - Fetching generation mix from 2025-04-04 00:00:00+02:00 to 2025-04-07 00:00:00+02:00
2026-05-11 18:32:51,462 - INFO - Inserted 288 new rows into generation_mix.
2026-05-11 18:32:51,463 - INFO - Fetching Open-Meteo data from 2025-04-04 to 2025-04-07
2026-05-11 18:32:51,980 - INFO - Inserted 288 new rows into weather_data.
2026-05-11 18:32:56,982 - INFO - Fetching DA prices from 2025-04-07 00:00:00+02:00 to 2025-04-10 00:00:00+02:00
2026-05-11 18:33:03,342 - INFO - Inserted 288 new rows into day_ahead_prices.
2026-05-11 18:33:03,343 - INFO - Fetching actual load from 2025-04-07 00:00:00+02:00 to 2025-04-10 00:00:00+02:00
2026-05-11 18:33:04,765 - INFO - Inserted 288 new rows into actual_load.
2026-05-11 18:33:04,766 - INFO - Fetching generation mix from 2025-04-07 00:00:00+02:00 to 2025-04-10 00:00:00+02:00
2026-05-11 18:33:09,602 - INFO - Inserted 288 new rows into generation_mix.
2026-05-11 18:33:09,603 - INFO - Fetching Open-Meteo data from 2025-04-07 to 2025-04-10
2026-05-11 18:33:10,448 - INFO - Inserted 288 new rows into weather_data.
2026-05-11 18:33:15,451 - INFO - Fetching DA prices from 2025-04-10 00:00:00+02:00 to 2025-04-13 00:00:00+02:00
2026-05-11 18:33:22,505 - INFO - Inserted 288 new rows into day_ahead_prices.
2026-05-11 18:33:22,506 - INFO - Fetching actual load from 2025-04-10 00:00:00+02:00 to 2025-04-13 00:00:00+02:00
2026-05-11 18:33:26,022 - INFO - Inserted 288 new rows into actual_load.
2026-05-11 18:33:26,023 - INFO - Fetching generation mix from 2025-04-10 00:00:00+02:00 to 2025-04-13 00:00:00+02:00
2026-05-11 18:33:32,886 - INFO - Inserted 288 new rows into generation_mix.
2026-05-11 18:33:32,887 - INFO - Fetching Open-Meteo data from 2025-04-10 to 2025-04-13
2026-05-11 18:33:33,388 - INFO - Inserted 288 new rows into weather_data.
2026-05-11 18:33:38,391 - INFO - Fetching DA prices from 2025-04-13 00:00:00+02:00 to 2025-04-16 00:00:00+02:00
2026-05-11 18:33:41,539 - INFO - Inserted 288 new rows into day_ahead_prices.
2026-05-11 18:33:41,540 - INFO - Fetching actual load from 2025-04-13 00:00:00+02:00 to 2025-04-16 00:00:00+02:00
2026-05-11 18:33:44,387 - INFO - Inserted 288 new rows into actual_load.
2026-05-11 18:33:44,387 - INFO - Fetching generation mix from 2025-04-13 00:00:00+02:00 to 2025-04-16 00:00:00+02:00
2026-05-11 18:33:48,282 - INFO - Inserted 288 new rows into generation_mix.
2026-05-11 18:33:48,283 - INFO - Fetching Open-Meteo data from 2025-04-13 to 2025-04-16
2026-05-11 18:33:49,865 - INFO - Inserted 288 new rows into weather_data.
2026-05-11 18:33:54,867 - INFO - Fetching DA prices from 2025-04-16 00:00:00+02:00 to 2025-04-19 00:00:00+02:00
2026-05-11 18:33:59,019 - INFO - Inserted 288 new rows into day_ahead_prices.
2026-05-11 18:33:59,020 - INFO - Fetching actual load from 2025-04-16 00:00:00+02:00 to 2025-04-19 00:00:00+02:00
2026-05-11 18:34:03,165 - INFO - Inserted 288 new rows into actual_load.
2026-05-11 18:34:03,165 - INFO - Fetching generation mix from 2025-04-16 00:00:00+02:00 to 2025-04-19 00:00:00+02:00
2026-05-11 18:34:07,928 - INFO - Inserted 288 new rows into generation_mix.
2026-05-11 18:34:07,929 - INFO - Fetching Open-Meteo data from 2025-04-16 to 2025-04-19
2026-05-11 18:34:08,441 - INFO - Inserted 288 new rows into weather_data.
2026-05-11 18:34:13,444 - INFO - Fetching DA prices from 2025-04-19 00:00:00+02:00 to 2025-04-22 00:00:00+02:00
2026-05-11 18:34:14,647 - INFO - Inserted 288 new rows into day_ahead_prices.
2026-05-11 18:34:14,648 - INFO - Fetching actual load from 2025-04-19 00:00:00+02:00 to 2025-04-22 00:00:00+02:00
2026-05-11 18:34:19,969 - INFO - Inserted 288 new rows into actual_load.
2026-05-11 18:34:19,969 - INFO - Fetching generation mix from 2025-04-19 00:00:00+02:00 to 2025-04-22 00:00:00+02:00
2026-05-11 18:34:23,514 - INFO - Inserted 288 new rows into generation_mix.
2026-05-11 18:34:23,515 - INFO - Fetching Open-Meteo data from 2025-04-19 to 2025-04-22
2026-05-11 18:34:24,072 - INFO - Inserted 288 new rows into weather_data.
2026-05-11 18:34:29,074 - INFO - Fetching DA prices from 2025-04-22 00:00:00+02:00 to 2025-04-25 00:00:00+02:00
2026-05-11 18:34:31,245 - INFO - Inserted 288 new rows into day_ahead_prices.
2026-05-11 18:34:31,246 - INFO - Fetching actual load from 2025-04-22 00:00:00+02:00 to 2025-04-25 00:00:00+02:00
2026-05-11 18:34:39,476 - INFO - Inserted 288 new rows into actual_load.
2026-05-11 18:34:39,477 - INFO - Fetching generation mix from 2025-04-22 00:00:00+02:00 to 2025-04-25 00:00:00+02:00
2026-05-11 18:34:45,609 - INFO - Inserted 288 new rows into generation_mix.
2026-05-11 18:34:45,610 - INFO - Fetching Open-Meteo data from 2025-04-22 to 2025-04-25
2026-05-11 18:34:46,183 - INFO - Inserted 288 new rows into weather_data.
2026-05-11 18:34:51,185 - INFO - Fetching DA prices from 2025-04-25 00:00:00+02:00 to 2025-04-28 00:00:00+02:00
2026-05-11 18:34:59,068 - INFO - Inserted 288 new rows into day_ahead_prices.
2026-05-11 18:34:59,068 - INFO - Fetching actual load from 2025-04-25 00:00:00+02:00 to 2025-04-28 00:00:00+02:00
2026-05-11 18:34:59,658 - INFO - Inserted 288 new rows into actual_load.
2026-05-11 18:34:59,658 - INFO - Fetching generation mix from 2025-04-25 00:00:00+02:00 to 2025-04-28 00:00:00+02:00
2026-05-11 18:35:06,684 - INFO - Inserted 288 new rows into generation_mix.
2026-05-11 18:35:06,685 - INFO - Fetching Open-Meteo data from 2025-04-25 to 2025-04-28
2026-05-11 18:35:07,308 - INFO - Inserted 288 new rows into weather_data.
2026-05-11 18:35:12,311 - INFO - Fetching DA prices from 2025-04-28 00:00:00+02:00 to 2025-05-01 00:00:00+02:00
2026-05-11 18:35:13,505 - INFO - Inserted 288 new rows into day_ahead_prices.
2026-05-11 18:35:13,506 - INFO - Fetching actual load from 2025-04-28 00:00:00+02:00 to 2025-05-01 00:00:00+02:00
2026-05-11 18:35:17,764 - INFO - Inserted 288 new rows into actual_load.
2026-05-11 18:35:17,765 - INFO - Fetching generation mix from 2025-04-28 00:00:00+02:00 to 2025-05-01 00:00:00+02:00
2026-05-11 18:35:22,731 - INFO - Inserted 288 new rows into generation_mix.
2026-05-11 18:35:22,732 - INFO - Fetching Open-Meteo data from 2025-04-28 to 2025-05-01
2026-05-11 18:35:23,433 - INFO - Inserted 288 new rows into weather_data.
2026-05-11 18:35:28,436 - INFO - Fetching DA prices from 2025-05-01 00:00:00+02:00 to 2025-05-04 00:00:00+02:00
2026-05-11 18:35:33,618 - INFO - Inserted 288 new rows into day_ahead_prices.
2026-05-11 18:35:33,619 - INFO - Fetching actual load from 2025-05-01 00:00:00+02:00 to 2025-05-04 00:00:00+02:00
2026-05-11 18:35:38,004 - INFO - Inserted 288 new rows into actual_load.
2026-05-11 18:35:38,005 - INFO - Fetching generation mix from 2025-05-01 00:00:00+02:00 to 2025-05-04 00:00:00+02:00
2026-05-11 18:35:44,576 - INFO - Inserted 288 new rows into generation_mix.
2026-05-11 18:35:44,577 - INFO - Fetching Open-Meteo data from 2025-05-01 to 2025-05-04
2026-05-11 18:35:45,189 - INFO - Inserted 288 new rows into weather_data.
2026-05-11 18:35:50,192 - INFO - Fetching DA prices from 2025-05-04 00:00:00+02:00 to 2025-05-07 00:00:00+02:00
2026-05-11 18:35:51,380 - INFO - Inserted 288 new rows into day_ahead_prices.
2026-05-11 18:35:51,380 - INFO - Fetching actual load from 2025-05-04 00:00:00+02:00 to 2025-05-07 00:00:00+02:00
2026-05-11 18:35:52,103 - INFO - Inserted 288 new rows into actual_load.
2026-05-11 18:35:52,103 - INFO - Fetching generation mix from 2025-05-04 00:00:00+02:00 to 2025-05-07 00:00:00+02:00
2026-05-11 18:35:56,228 - INFO - Inserted 288 new rows into generation_mix.
2026-05-11 18:35:56,229 - INFO - Fetching Open-Meteo data from 2025-05-04 to 2025-05-07
2026-05-11 18:35:56,864 - INFO - Inserted 288 new rows into weather_data.
2026-05-11 18:36:01,866 - INFO - Fetching DA prices from 2025-05-07 00:00:00+02:00 to 2025-05-10 00:00:00+02:00
2026-05-11 18:36:06,746 - INFO - Inserted 288 new rows into day_ahead_prices.
2026-05-11 18:36:06,747 - INFO - Fetching actual load from 2025-05-07 00:00:00+02:00 to 2025-05-10 00:00:00+02:00
2026-05-11 18:36:10,316 - INFO - Inserted 288 new rows into actual_load.
2026-05-11 18:36:10,317 - INFO - Fetching generation mix from 2025-05-07 00:00:00+02:00 to 2025-05-10 00:00:00+02:00
2026-05-11 18:36:16,403 - INFO - Inserted 288 new rows into generation_mix.
2026-05-11 18:36:16,404 - INFO - Fetching Open-Meteo data from 2025-05-07 to 2025-05-10
2026-05-11 18:36:17,038 - INFO - Inserted 288 new rows into weather_data.
2026-05-11 18:36:22,041 - INFO - Fetching DA prices from 2025-05-10 00:00:00+02:00 to 2025-05-13 00:00:00+02:00
2026-05-11 18:36:24,256 - INFO - Inserted 288 new rows into day_ahead_prices.
2026-05-11 18:36:24,257 - INFO - Fetching actual load from 2025-05-10 00:00:00+02:00 to 2025-05-13 00:00:00+02:00
2026-05-11 18:36:25,419 - INFO - Inserted 288 new rows into actual_load.
2026-05-11 18:36:25,419 - INFO - Fetching generation mix from 2025-05-10 00:00:00+02:00 to 2025-05-13 00:00:00+02:00
2026-05-11 18:36:28,650 - INFO - Inserted 288 new rows into generation_mix.
2026-05-11 18:36:28,651 - INFO - Fetching Open-Meteo data from 2025-05-10 to 2025-05-13
2026-05-11 18:36:30,157 - INFO - Inserted 288 new rows into weather_data.
2026-05-11 18:36:35,159 - INFO - Fetching DA prices from 2025-05-13 00:00:00+02:00 to 2025-05-16 00:00:00+02:00
2026-05-11 18:36:39,509 - INFO - Inserted 288 new rows into day_ahead_prices.
2026-05-11 18:36:39,510 - INFO - Fetching actual load from 2025-05-13 00:00:00+02:00 to 2025-05-16 00:00:00+02:00
2026-05-11 18:36:41,977 - INFO - Inserted 288 new rows into actual_load.
2026-05-11 18:36:41,977 - INFO - Fetching generation mix from 2025-05-13 00:00:00+02:00 to 2025-05-16 00:00:00+02:00
2026-05-11 18:36:45,824 - INFO - Inserted 288 new rows into generation_mix.
2026-05-11 18:36:45,825 - INFO - Fetching Open-Meteo data from 2025-05-13 to 2025-05-16
2026-05-11 18:36:46,931 - INFO - Inserted 288 new rows into weather_data.
2026-05-11 18:36:51,934 - INFO - Fetching DA prices from 2025-05-16 00:00:00+02:00 to 2025-05-19 00:00:00+02:00
2026-05-11 18:36:52,891 - INFO - Inserted 288 new rows into day_ahead_prices.
2026-05-11 18:36:52,891 - INFO - Fetching actual load from 2025-05-16 00:00:00+02:00 to 2025-05-19 00:00:00+02:00
2026-05-11 18:36:53,552 - INFO - Inserted 288 new rows into actual_load.
2026-05-11 18:36:53,553 - INFO - Fetching generation mix from 2025-05-16 00:00:00+02:00 to 2025-05-19 00:00:00+02:00
2026-05-11 18:36:56,331 - INFO - Inserted 288 new rows into generation_mix.
2026-05-11 18:36:56,331 - INFO - Fetching Open-Meteo data from 2025-05-16 to 2025-05-19
2026-05-11 18:36:56,899 - INFO - Inserted 288 new rows into weather_data.
2026-05-11 18:37:01,902 - INFO - Fetching DA prices from 2025-05-19 00:00:00+02:00 to 2025-05-22 00:00:00+02:00
2026-05-11 18:37:03,168 - INFO - Inserted 288 new rows into day_ahead_prices.
2026-05-11 18:37:03,168 - INFO - Fetching actual load from 2025-05-19 00:00:00+02:00 to 2025-05-22 00:00:00+02:00
2026-05-11 18:37:04,380 - INFO - Inserted 288 new rows into actual_load.
2026-05-11 18:37:04,380 - INFO - Fetching generation mix from 2025-05-19 00:00:00+02:00 to 2025-05-22 00:00:00+02:00
2026-05-11 18:37:07,541 - INFO - Inserted 288 new rows into generation_mix.
2026-05-11 18:37:07,542 - INFO - Fetching Open-Meteo data from 2025-05-19 to 2025-05-22
2026-05-11 18:37:08,176 - INFO - Inserted 288 new rows into weather_data.
2026-05-11 18:37:13,179 - INFO - Fetching DA prices from 2025-05-22 00:00:00+02:00 to 2025-05-25 00:00:00+02:00
2026-05-11 18:37:14,396 - INFO - Inserted 288 new rows into day_ahead_prices.
2026-05-11 18:37:14,396 - INFO - Fetching actual load from 2025-05-22 00:00:00+02:00 to 2025-05-25 00:00:00+02:00
2026-05-11 18:37:14,963 - INFO - Inserted 288 new rows into actual_load.
2026-05-11 18:37:14,964 - INFO - Fetching generation mix from 2025-05-22 00:00:00+02:00 to 2025-05-25 00:00:00+02:00
2026-05-11 18:37:18,486 - INFO - Inserted 288 new rows into generation_mix.
2026-05-11 18:37:18,487 - INFO - Fetching Open-Meteo data from 2025-05-22 to 2025-05-25
2026-05-11 18:37:19,089 - INFO - Inserted 288 new rows into weather_data.
2026-05-11 18:37:24,091 - INFO - Fetching DA prices from 2025-05-25 00:00:00+02:00 to 2025-05-28 00:00:00+02:00
2026-05-11 18:37:27,027 - INFO - Inserted 288 new rows into day_ahead_prices.
2026-05-11 18:37:27,028 - INFO - Fetching actual load from 2025-05-25 00:00:00+02:00 to 2025-05-28 00:00:00+02:00
2026-05-11 18:37:27,728 - INFO - Inserted 288 new rows into actual_load.
2026-05-11 18:37:27,729 - INFO - Fetching generation mix from 2025-05-25 00:00:00+02:00 to 2025-05-28 00:00:00+02:00
2026-05-11 18:37:31,176 - INFO - Inserted 288 new rows into generation_mix.
2026-05-11 18:37:31,177 - INFO - Fetching Open-Meteo data from 2025-05-25 to 2025-05-28
2026-05-11 18:37:31,767 - INFO - Inserted 288 new rows into weather_data.
2026-05-11 18:37:36,769 - INFO - Fetching DA prices from 2025-05-28 00:00:00+02:00 to 2025-05-31 00:00:00+02:00
2026-05-11 18:37:38,195 - INFO - Inserted 288 new rows into day_ahead_prices.
2026-05-11 18:37:38,196 - INFO - Fetching actual load from 2025-05-28 00:00:00+02:00 to 2025-05-31 00:00:00+02:00
2026-05-11 18:37:39,807 - INFO - Inserted 288 new rows into actual_load.
2026-05-11 18:37:39,808 - INFO - Fetching generation mix from 2025-05-28 00:00:00+02:00 to 2025-05-31 00:00:00+02:00
2026-05-11 18:37:43,675 - INFO - Inserted 288 new rows into generation_mix.
2026-05-11 18:37:43,675 - INFO - Fetching Open-Meteo data from 2025-05-28 to 2025-05-31
2026-05-11 18:37:44,277 - INFO - Inserted 288 new rows into weather_data.
2026-05-11 18:37:49,279 - INFO - Fetching DA prices from 2025-05-31 00:00:00+02:00 to 2025-06-03 00:00:00+02:00
2026-05-11 18:37:50,442 - INFO - Inserted 288 new rows into day_ahead_prices.
2026-05-11 18:37:50,443 - INFO - Fetching actual load from 2025-05-31 00:00:00+02:00 to 2025-06-03 00:00:00+02:00
2026-05-11 18:37:51,321 - INFO - Inserted 288 new rows into actual_load.
2026-05-11 18:37:51,321 - INFO - Fetching generation mix from 2025-05-31 00:00:00+02:00 to 2025-06-03 00:00:00+02:00
2026-05-11 18:37:53,988 - INFO - Inserted 288 new rows into generation_mix.
2026-05-11 18:37:53,989 - INFO - Fetching Open-Meteo data from 2025-05-31 to 2025-06-03
2026-05-11 18:37:54,690 - INFO - Inserted 288 new rows into weather_data.
2026-05-11 18:37:59,693 - INFO - Fetching DA prices from 2025-06-03 00:00:00+02:00 to 2025-06-06 00:00:00+02:00
2026-05-11 18:38:01,470 - INFO - Inserted 288 new rows into day_ahead_prices.
2026-05-11 18:38:01,470 - INFO - Fetching actual load from 2025-06-03 00:00:00+02:00 to 2025-06-06 00:00:00+02:00
2026-05-11 18:38:03,071 - INFO - Inserted 288 new rows into actual_load.
2026-05-11 18:38:03,071 - INFO - Fetching generation mix from 2025-06-03 00:00:00+02:00 to 2025-06-06 00:00:00+02:00
2026-05-11 18:38:07,749 - INFO - Inserted 288 new rows into generation_mix.
2026-05-11 18:38:07,750 - INFO - Fetching Open-Meteo data from 2025-06-03 to 2025-06-06
2026-05-11 18:38:08,340 - INFO - Inserted 288 new rows into weather_data.
2026-05-11 18:38:13,342 - INFO - Fetching DA prices from 2025-06-06 00:00:00+02:00 to 2025-06-09 00:00:00+02:00
2026-05-11 18:38:15,259 - INFO - Inserted 288 new rows into day_ahead_prices.
2026-05-11 18:38:15,260 - INFO - Fetching actual load from 2025-06-06 00:00:00+02:00 to 2025-06-09 00:00:00+02:00
2026-05-11 18:38:16,127 - INFO - Inserted 288 new rows into actual_load.
2026-05-11 18:38:16,127 - INFO - Fetching generation mix from 2025-06-06 00:00:00+02:00 to 2025-06-09 00:00:00+02:00
2026-05-11 18:38:19,424 - INFO - Inserted 288 new rows into generation_mix.
2026-05-11 18:38:19,425 - INFO - Fetching Open-Meteo data from 2025-06-06 to 2025-06-09
2026-05-11 18:38:19,992 - INFO - Inserted 288 new rows into weather_data.
2026-05-11 18:38:24,995 - INFO - Fetching DA prices from 2025-06-09 00:00:00+02:00 to 2025-06-12 00:00:00+02:00
2026-05-11 18:38:27,141 - INFO - Inserted 288 new rows into day_ahead_prices.
2026-05-11 18:38:27,142 - INFO - Fetching actual load from 2025-06-09 00:00:00+02:00 to 2025-06-12 00:00:00+02:00
2026-05-11 18:38:27,731 - INFO - Inserted 288 new rows into actual_load.
2026-05-11 18:38:27,732 - INFO - Fetching generation mix from 2025-06-09 00:00:00+02:00 to 2025-06-12 00:00:00+02:00
2026-05-11 18:38:30,680 - INFO - Inserted 288 new rows into generation_mix.
2026-05-11 18:38:30,681 - INFO - Fetching Open-Meteo data from 2025-06-09 to 2025-06-12
2026-05-11 18:38:31,360 - INFO - Inserted 288 new rows into weather_data.
2026-05-11 18:38:36,362 - INFO - Fetching DA prices from 2025-06-12 00:00:00+02:00 to 2025-06-15 00:00:00+02:00
2026-05-11 18:38:38,190 - INFO - Inserted 288 new rows into day_ahead_prices.
2026-05-11 18:38:38,191 - INFO - Fetching actual load from 2025-06-12 00:00:00+02:00 to 2025-06-15 00:00:00+02:00
2026-05-11 18:38:38,891 - INFO - Inserted 288 new rows into actual_load.
2026-05-11 18:38:38,892 - INFO - Fetching generation mix from 2025-06-12 00:00:00+02:00 to 2025-06-15 00:00:00+02:00
2026-05-11 18:38:41,937 - INFO - Inserted 288 new rows into generation_mix.
2026-05-11 18:38:41,937 - INFO - Fetching Open-Meteo data from 2025-06-12 to 2025-06-15
2026-05-11 18:38:42,538 - INFO - Inserted 288 new rows into weather_data.
2026-05-11 18:38:47,541 - INFO - Fetching DA prices from 2025-06-15 00:00:00+02:00 to 2025-06-18 00:00:00+02:00
2026-05-11 18:38:48,436 - INFO - Inserted 288 new rows into day_ahead_prices.
2026-05-11 18:38:48,436 - INFO - Fetching actual load from 2025-06-15 00:00:00+02:00 to 2025-06-18 00:00:00+02:00
2026-05-11 18:38:49,036 - INFO - Inserted 288 new rows into actual_load.
2026-05-11 18:38:49,037 - INFO - Fetching generation mix from 2025-06-15 00:00:00+02:00 to 2025-06-18 00:00:00+02:00
2026-05-11 18:38:51,988 - INFO - Inserted 288 new rows into generation_mix.
2026-05-11 18:38:51,989 - INFO - Fetching Open-Meteo data from 2025-06-15 to 2025-06-18
2026-05-11 18:38:52,501 - INFO - Inserted 288 new rows into weather_data.
2026-05-11 18:38:57,503 - INFO - Fetching DA prices from 2025-06-18 00:00:00+02:00 to 2025-06-21 00:00:00+02:00
2026-05-11 18:38:58,887 - INFO - Inserted 288 new rows into day_ahead_prices.
2026-05-11 18:38:58,887 - INFO - Fetching actual load from 2025-06-18 00:00:00+02:00 to 2025-06-21 00:00:00+02:00
2026-05-11 18:39:00,375 - INFO - Inserted 288 new rows into actual_load.
2026-05-11 18:39:00,376 - INFO - Fetching generation mix from 2025-06-18 00:00:00+02:00 to 2025-06-21 00:00:00+02:00
2026-05-11 18:39:04,165 - INFO - Inserted 288 new rows into generation_mix.
2026-05-11 18:39:04,166 - INFO - Fetching Open-Meteo data from 2025-06-18 to 2025-06-21
2026-05-11 18:39:05,267 - INFO - Inserted 288 new rows into weather_data.
2026-05-11 18:39:10,269 - INFO - Fetching DA prices from 2025-06-21 00:00:00+02:00 to 2025-06-24 00:00:00+02:00
2026-05-11 18:39:13,485 - INFO - Inserted 288 new rows into day_ahead_prices.
2026-05-11 18:39:13,485 - INFO - Fetching actual load from 2025-06-21 00:00:00+02:00 to 2025-06-24 00:00:00+02:00
2026-05-11 18:39:16,030 - INFO - Inserted 288 new rows into actual_load.
2026-05-11 18:39:16,030 - INFO - Fetching generation mix from 2025-06-21 00:00:00+02:00 to 2025-06-24 00:00:00+02:00
2026-05-11 18:39:21,647 - INFO - Inserted 288 new rows into generation_mix.
2026-05-11 18:39:21,648 - INFO - Fetching Open-Meteo data from 2025-06-21 to 2025-06-24
2026-05-11 18:39:22,629 - INFO - Inserted 288 new rows into weather_data.
2026-05-11 18:39:27,631 - INFO - Fetching DA prices from 2025-06-24 00:00:00+02:00 to 2025-06-27 00:00:00+02:00
2026-05-11 18:39:28,491 - INFO - Inserted 288 new rows into day_ahead_prices.
2026-05-11 18:39:28,491 - INFO - Fetching actual load from 2025-06-24 00:00:00+02:00 to 2025-06-27 00:00:00+02:00
2026-05-11 18:39:29,191 - INFO - Inserted 288 new rows into actual_load.
2026-05-11 18:39:29,192 - INFO - Fetching generation mix from 2025-06-24 00:00:00+02:00 to 2025-06-27 00:00:00+02:00
2026-05-11 18:39:32,103 - INFO - Inserted 288 new rows into generation_mix.
2026-05-11 18:39:32,104 - INFO - Fetching Open-Meteo data from 2025-06-24 to 2025-06-27
2026-05-11 18:39:32,974 - INFO - Inserted 288 new rows into weather_data.
2026-05-11 18:39:37,977 - INFO - Fetching DA prices from 2025-06-27 00:00:00+02:00 to 2025-06-30 00:00:00+02:00
2026-05-11 18:39:38,940 - INFO - Inserted 288 new rows into day_ahead_prices.
2026-05-11 18:39:38,941 - INFO - Fetching actual load from 2025-06-27 00:00:00+02:00 to 2025-06-30 00:00:00+02:00
2026-05-11 18:39:40,130 - INFO - Inserted 288 new rows into actual_load.
2026-05-11 18:39:40,131 - INFO - Fetching generation mix from 2025-06-27 00:00:00+02:00 to 2025-06-30 00:00:00+02:00
2026-05-11 18:39:42,956 - INFO - Inserted 288 new rows into generation_mix.
2026-05-11 18:39:42,957 - INFO - Fetching Open-Meteo data from 2025-06-27 to 2025-06-30
2026-05-11 18:39:44,032 - INFO - Inserted 288 new rows into weather_data.
2026-05-11 18:39:49,035 - INFO - Fetching DA prices from 2025-06-30 00:00:00+02:00 to 2025-07-03 00:00:00+02:00
2026-05-11 18:39:50,019 - INFO - Inserted 288 new rows into day_ahead_prices.
2026-05-11 18:39:50,020 - INFO - Fetching actual load from 2025-06-30 00:00:00+02:00 to 2025-07-03 00:00:00+02:00
2026-05-11 18:39:50,609 - INFO - Inserted 288 new rows into actual_load.
2026-05-11 18:39:50,610 - INFO - Fetching generation mix from 2025-06-30 00:00:00+02:00 to 2025-07-03 00:00:00+02:00
2026-05-11 18:39:53,636 - INFO - Inserted 288 new rows into generation_mix.
2026-05-11 18:39:53,637 - INFO - Fetching Open-Meteo data from 2025-06-30 to 2025-07-03
2026-05-11 18:39:54,227 - INFO - Inserted 288 new rows into weather_data.
2026-05-11 18:39:59,229 - INFO - Fetching DA prices from 2025-07-03 00:00:00+02:00 to 2025-07-06 00:00:00+02:00
2026-05-11 18:40:01,045 - INFO - Inserted 288 new rows into day_ahead_prices.
2026-05-11 18:40:01,045 - INFO - Fetching actual load from 2025-07-03 00:00:00+02:00 to 2025-07-06 00:00:00+02:00
2026-05-11 18:40:03,882 - INFO - Inserted 288 new rows into actual_load.
2026-05-11 18:40:03,882 - INFO - Fetching generation mix from 2025-07-03 00:00:00+02:00 to 2025-07-06 00:00:00+02:00
2026-05-11 18:40:07,977 - INFO - Inserted 288 new rows into generation_mix.
2026-05-11 18:40:07,977 - INFO - Fetching Open-Meteo data from 2025-07-03 to 2025-07-06
2026-05-11 18:40:08,567 - INFO - Inserted 288 new rows into weather_data.
2026-05-11 18:40:13,570 - INFO - Fetching DA prices from 2025-07-06 00:00:00+02:00 to 2025-07-09 00:00:00+02:00
2026-05-11 18:40:15,679 - INFO - Inserted 288 new rows into day_ahead_prices.
2026-05-11 18:40:15,680 - INFO - Fetching actual load from 2025-07-06 00:00:00+02:00 to 2025-07-09 00:00:00+02:00
2026-05-11 18:40:16,914 - INFO - Inserted 288 new rows into actual_load.
2026-05-11 18:40:16,914 - INFO - Fetching generation mix from 2025-07-06 00:00:00+02:00 to 2025-07-09 00:00:00+02:00
2026-05-11 18:40:19,836 - INFO - Inserted 288 new rows into generation_mix.
2026-05-11 18:40:19,837 - INFO - Fetching Open-Meteo data from 2025-07-06 to 2025-07-09
2026-05-11 18:40:20,519 - INFO - Inserted 288 new rows into weather_data.
2026-05-11 18:40:25,521 - INFO - Fetching DA prices from 2025-07-09 00:00:00+02:00 to 2025-07-12 00:00:00+02:00
2026-05-11 18:40:26,741 - INFO - Inserted 288 new rows into day_ahead_prices.
2026-05-11 18:40:26,742 - INFO - Fetching actual load from 2025-07-09 00:00:00+02:00 to 2025-07-12 00:00:00+02:00
2026-05-11 18:40:27,342 - INFO - Inserted 288 new rows into actual_load.
2026-05-11 18:40:27,343 - INFO - Fetching generation mix from 2025-07-09 00:00:00+02:00 to 2025-07-12 00:00:00+02:00
2026-05-11 18:40:30,472 - INFO - Inserted 288 new rows into generation_mix.
2026-05-11 18:40:30,472 - INFO - Fetching Open-Meteo data from 2025-07-09 to 2025-07-12
2026-05-11 18:40:31,096 - INFO - Inserted 288 new rows into weather_data.
2026-05-11 18:40:36,098 - INFO - Fetching DA prices from 2025-07-12 00:00:00+02:00 to 2025-07-15 00:00:00+02:00
2026-05-11 18:40:38,535 - INFO - Inserted 288 new rows into day_ahead_prices.
2026-05-11 18:40:38,536 - INFO - Fetching actual load from 2025-07-12 00:00:00+02:00 to 2025-07-15 00:00:00+02:00
2026-05-11 18:40:39,116 - INFO - Inserted 288 new rows into actual_load.
2026-05-11 18:40:39,117 - INFO - Fetching generation mix from 2025-07-12 00:00:00+02:00 to 2025-07-15 00:00:00+02:00
2026-05-11 18:40:43,384 - INFO - Inserted 288 new rows into generation_mix.
2026-05-11 18:40:43,385 - INFO - Fetching Open-Meteo data from 2025-07-12 to 2025-07-15
2026-05-11 18:40:44,309 - INFO - Inserted 288 new rows into weather_data.
2026-05-11 18:40:49,312 - INFO - Fetching DA prices from 2025-07-15 00:00:00+02:00 to 2025-07-18 00:00:00+02:00
2026-05-11 18:40:51,138 - INFO - Inserted 288 new rows into day_ahead_prices.
2026-05-11 18:40:51,139 - INFO - Fetching actual load from 2025-07-15 00:00:00+02:00 to 2025-07-18 00:00:00+02:00
2026-05-11 18:40:51,817 - INFO - Inserted 288 new rows into actual_load.
2026-05-11 18:40:51,817 - INFO - Fetching generation mix from 2025-07-15 00:00:00+02:00 to 2025-07-18 00:00:00+02:00
2026-05-11 18:40:56,451 - INFO - Inserted 288 new rows into generation_mix.
2026-05-11 18:40:56,452 - INFO - Fetching Open-Meteo data from 2025-07-15 to 2025-07-18
2026-05-11 18:40:57,945 - INFO - Inserted 288 new rows into weather_data.
2026-05-11 18:41:02,948 - INFO - Fetching DA prices from 2025-07-18 00:00:00+02:00 to 2025-07-21 00:00:00+02:00
2026-05-11 18:41:06,762 - INFO - Inserted 288 new rows into day_ahead_prices.
2026-05-11 18:41:06,763 - INFO - Fetching actual load from 2025-07-18 00:00:00+02:00 to 2025-07-21 00:00:00+02:00
2026-05-11 18:41:07,296 - INFO - Inserted 288 new rows into actual_load.
2026-05-11 18:41:07,297 - INFO - Fetching generation mix from 2025-07-18 00:00:00+02:00 to 2025-07-21 00:00:00+02:00
2026-05-11 18:41:12,471 - INFO - Inserted 288 new rows into generation_mix.
2026-05-11 18:41:12,472 - INFO - Fetching Open-Meteo data from 2025-07-18 to 2025-07-21
2026-05-11 18:41:13,073 - INFO - Inserted 288 new rows into weather_data.
2026-05-11 18:41:18,076 - INFO - Fetching DA prices from 2025-07-21 00:00:00+02:00 to 2025-07-24 00:00:00+02:00
2026-05-11 18:41:19,168 - INFO - Inserted 288 new rows into day_ahead_prices.
2026-05-11 18:41:19,169 - INFO - Fetching actual load from 2025-07-21 00:00:00+02:00 to 2025-07-24 00:00:00+02:00
2026-05-11 18:41:19,869 - INFO - Inserted 288 new rows into actual_load.
2026-05-11 18:41:19,870 - INFO - Fetching generation mix from 2025-07-21 00:00:00+02:00 to 2025-07-24 00:00:00+02:00
2026-05-11 18:41:22,440 - INFO - Inserted 288 new rows into generation_mix.
2026-05-11 18:41:22,441 - INFO - Fetching Open-Meteo data from 2025-07-21 to 2025-07-24
2026-05-11 18:41:23,009 - INFO - Inserted 288 new rows into weather_data.
2026-05-11 18:41:28,011 - INFO - Fetching DA prices from 2025-07-24 00:00:00+02:00 to 2025-07-27 00:00:00+02:00
2026-05-11 18:41:30,048 - INFO - Inserted 288 new rows into day_ahead_prices.
2026-05-11 18:41:30,049 - INFO - Fetching actual load from 2025-07-24 00:00:00+02:00 to 2025-07-27 00:00:00+02:00
2026-05-11 18:41:30,827 - INFO - Inserted 288 new rows into actual_load.
2026-05-11 18:41:30,827 - INFO - Fetching generation mix from 2025-07-24 00:00:00+02:00 to 2025-07-27 00:00:00+02:00
2026-05-11 18:41:34,961 - INFO - Inserted 288 new rows into generation_mix.
2026-05-11 18:41:34,962 - INFO - Fetching Open-Meteo data from 2025-07-24 to 2025-07-27
2026-05-11 18:41:35,496 - INFO - Inserted 288 new rows into weather_data.
2026-05-11 18:41:40,499 - INFO - Fetching DA prices from 2025-07-27 00:00:00+02:00 to 2025-07-30 00:00:00+02:00
2026-05-11 18:41:41,718 - INFO - Inserted 288 new rows into day_ahead_prices.
2026-05-11 18:41:41,719 - INFO - Fetching actual load from 2025-07-27 00:00:00+02:00 to 2025-07-30 00:00:00+02:00
2026-05-11 18:41:42,397 - INFO - Inserted 288 new rows into actual_load.
2026-05-11 18:41:42,398 - INFO - Fetching generation mix from 2025-07-27 00:00:00+02:00 to 2025-07-30 00:00:00+02:00
2026-05-11 18:41:45,098 - INFO - Inserted 288 new rows into generation_mix.
2026-05-11 18:41:45,099 - INFO - Fetching Open-Meteo data from 2025-07-27 to 2025-07-30
2026-05-11 18:41:45,644 - INFO - Inserted 288 new rows into weather_data.
2026-05-11 18:41:50,647 - INFO - Fetching DA prices from 2025-07-30 00:00:00+02:00 to 2025-08-02 00:00:00+02:00
2026-05-11 18:41:51,590 - INFO - Inserted 288 new rows into day_ahead_prices.
2026-05-11 18:41:51,591 - INFO - Fetching actual load from 2025-07-30 00:00:00+02:00 to 2025-08-02 00:00:00+02:00
2026-05-11 18:41:52,369 - INFO - Inserted 288 new rows into actual_load.
2026-05-11 18:41:52,369 - INFO - Fetching generation mix from 2025-07-30 00:00:00+02:00 to 2025-08-02 00:00:00+02:00
2026-05-11 18:41:55,725 - INFO - Inserted 288 new rows into generation_mix.
2026-05-11 18:41:55,726 - INFO - Fetching Open-Meteo data from 2025-07-30 to 2025-08-02
2026-05-11 18:41:57,038 - INFO - Inserted 288 new rows into weather_data.
2026-05-11 18:42:02,040 - INFO - Fetching DA prices from 2025-08-02 00:00:00+02:00 to 2025-08-05 00:00:00+02:00
2026-05-11 18:42:04,502 - INFO - Inserted 288 new rows into day_ahead_prices.
2026-05-11 18:42:04,503 - INFO - Fetching actual load from 2025-08-02 00:00:00+02:00 to 2025-08-05 00:00:00+02:00
2026-05-11 18:42:05,348 - INFO - Inserted 288 new rows into actual_load.
2026-05-11 18:42:05,348 - INFO - Fetching generation mix from 2025-08-02 00:00:00+02:00 to 2025-08-05 00:00:00+02:00
2026-05-11 18:42:08,231 - INFO - Inserted 288 new rows into generation_mix.
2026-05-11 18:42:08,232 - INFO - Fetching Open-Meteo data from 2025-08-02 to 2025-08-05
2026-05-11 18:42:08,792 - INFO - Inserted 288 new rows into weather_data.
2026-05-11 18:42:13,795 - INFO - Fetching DA prices from 2025-08-05 00:00:00+02:00 to 2025-08-08 00:00:00+02:00
2026-05-11 18:42:14,776 - INFO - Inserted 288 new rows into day_ahead_prices.
2026-05-11 18:42:14,777 - INFO - Fetching actual load from 2025-08-05 00:00:00+02:00 to 2025-08-08 00:00:00+02:00
2026-05-11 18:42:15,366 - INFO - Inserted 288 new rows into actual_load.
2026-05-11 18:42:15,367 - INFO - Fetching generation mix from 2025-08-05 00:00:00+02:00 to 2025-08-08 00:00:00+02:00
2026-05-11 18:42:19,024 - INFO - Inserted 288 new rows into generation_mix.
2026-05-11 18:42:19,025 - INFO - Fetching Open-Meteo data from 2025-08-05 to 2025-08-08
2026-05-11 18:42:19,675 - INFO - Inserted 288 new rows into weather_data.
2026-05-11 18:42:24,678 - INFO - Fetching DA prices from 2025-08-08 00:00:00+02:00 to 2025-08-11 00:00:00+02:00
2026-05-11 18:42:25,524 - INFO - Inserted 288 new rows into day_ahead_prices.
2026-05-11 18:42:25,525 - INFO - Fetching actual load from 2025-08-08 00:00:00+02:00 to 2025-08-11 00:00:00+02:00
2026-05-11 18:42:26,474 - INFO - Inserted 288 new rows into actual_load.
2026-05-11 18:42:26,475 - INFO - Fetching generation mix from 2025-08-08 00:00:00+02:00 to 2025-08-11 00:00:00+02:00
2026-05-11 18:42:29,409 - INFO - Inserted 288 new rows into generation_mix.
2026-05-11 18:42:29,410 - INFO - Fetching Open-Meteo data from 2025-08-08 to 2025-08-11
2026-05-11 18:42:29,955 - INFO - Inserted 288 new rows into weather_data.
2026-05-11 18:42:34,958 - INFO - Fetching DA prices from 2025-08-11 00:00:00+02:00 to 2025-08-14 00:00:00+02:00
2026-05-11 18:42:36,277 - INFO - Inserted 288 new rows into day_ahead_prices.
2026-05-11 18:42:36,278 - INFO - Fetching actual load from 2025-08-11 00:00:00+02:00 to 2025-08-14 00:00:00+02:00
2026-05-11 18:42:36,978 - INFO - Inserted 288 new rows into actual_load.
2026-05-11 18:42:36,979 - INFO - Fetching generation mix from 2025-08-11 00:00:00+02:00 to 2025-08-14 00:00:00+02:00
2026-05-11 18:42:40,357 - INFO - Inserted 288 new rows into generation_mix.
2026-05-11 18:42:40,357 - INFO - Fetching Open-Meteo data from 2025-08-11 to 2025-08-14
2026-05-11 18:42:41,014 - INFO - Inserted 288 new rows into weather_data.
2026-05-11 18:42:46,017 - INFO - Fetching DA prices from 2025-08-14 00:00:00+02:00 to 2025-08-17 00:00:00+02:00
2026-05-11 18:42:46,831 - INFO - Inserted 288 new rows into day_ahead_prices.
2026-05-11 18:42:46,832 - INFO - Fetching actual load from 2025-08-14 00:00:00+02:00 to 2025-08-17 00:00:00+02:00
2026-05-11 18:42:47,532 - INFO - Inserted 288 new rows into actual_load.
2026-05-11 18:42:47,533 - INFO - Fetching generation mix from 2025-08-14 00:00:00+02:00 to 2025-08-17 00:00:00+02:00
2026-05-11 18:42:50,278 - INFO - Inserted 288 new rows into generation_mix.
2026-05-11 18:42:50,279 - INFO - Fetching Open-Meteo data from 2025-08-14 to 2025-08-17
2026-05-11 18:42:51,080 - INFO - Inserted 288 new rows into weather_data.
2026-05-11 18:42:56,082 - INFO - Fetching DA prices from 2025-08-17 00:00:00+02:00 to 2025-08-20 00:00:00+02:00
2026-05-11 18:42:56,886 - INFO - Inserted 288 new rows into day_ahead_prices.
2026-05-11 18:42:56,887 - INFO - Fetching actual load from 2025-08-17 00:00:00+02:00 to 2025-08-20 00:00:00+02:00
2026-05-11 18:42:57,703 - INFO - Inserted 288 new rows into actual_load.
2026-05-11 18:42:57,704 - INFO - Fetching generation mix from 2025-08-17 00:00:00+02:00 to 2025-08-20 00:00:00+02:00
2026-05-11 18:43:00,391 - INFO - Inserted 288 new rows into generation_mix.
2026-05-11 18:43:00,391 - INFO - Fetching Open-Meteo data from 2025-08-17 to 2025-08-20
2026-05-11 18:43:00,993 - INFO - Inserted 288 new rows into weather_data.
2026-05-11 18:43:05,995 - INFO - Fetching DA prices from 2025-08-20 00:00:00+02:00 to 2025-08-23 00:00:00+02:00
2026-05-11 18:43:07,732 - INFO - Inserted 288 new rows into day_ahead_prices.
2026-05-11 18:43:07,732 - INFO - Fetching actual load from 2025-08-20 00:00:00+02:00 to 2025-08-23 00:00:00+02:00
2026-05-11 18:43:08,360 - INFO - Inserted 288 new rows into actual_load.
2026-05-11 18:43:08,360 - INFO - Fetching generation mix from 2025-08-20 00:00:00+02:00 to 2025-08-23 00:00:00+02:00
2026-05-11 18:43:11,061 - INFO - Inserted 288 new rows into generation_mix.
2026-05-11 18:43:11,062 - INFO - Fetching Open-Meteo data from 2025-08-20 to 2025-08-23
2026-05-11 18:43:11,641 - INFO - Inserted 288 new rows into weather_data.
2026-05-11 18:43:16,643 - INFO - Fetching DA prices from 2025-08-23 00:00:00+02:00 to 2025-08-26 00:00:00+02:00
2026-05-11 18:43:17,446 - INFO - Inserted 288 new rows into day_ahead_prices.
2026-05-11 18:43:17,447 - INFO - Fetching actual load from 2025-08-23 00:00:00+02:00 to 2025-08-26 00:00:00+02:00
2026-05-11 18:43:18,147 - INFO - Inserted 288 new rows into actual_load.
2026-05-11 18:43:18,148 - INFO - Fetching generation mix from 2025-08-23 00:00:00+02:00 to 2025-08-26 00:00:00+02:00
2026-05-11 18:43:20,871 - INFO - Inserted 288 new rows into generation_mix.
2026-05-11 18:43:20,871 - INFO - Fetching Open-Meteo data from 2025-08-23 to 2025-08-26
2026-05-11 18:43:21,473 - INFO - Inserted 288 new rows into weather_data.
2026-05-11 18:43:26,475 - INFO - Fetching DA prices from 2025-08-26 00:00:00+02:00 to 2025-08-29 00:00:00+02:00
2026-05-11 18:43:27,272 - INFO - Inserted 288 new rows into day_ahead_prices.
2026-05-11 18:43:27,273 - INFO - Fetching actual load from 2025-08-26 00:00:00+02:00 to 2025-08-29 00:00:00+02:00
2026-05-11 18:43:28,020 - INFO - Inserted 288 new rows into actual_load.
2026-05-11 18:43:28,021 - INFO - Fetching generation mix from 2025-08-26 00:00:00+02:00 to 2025-08-29 00:00:00+02:00
2026-05-11 18:43:30,992 - INFO - Inserted 288 new rows into generation_mix.
2026-05-11 18:43:30,993 - INFO - Fetching Open-Meteo data from 2025-08-26 to 2025-08-29
2026-05-11 18:43:31,606 - INFO - Inserted 288 new rows into weather_data.
2026-05-11 18:43:36,608 - INFO - Fetching DA prices from 2025-08-29 00:00:00+02:00 to 2025-09-01 00:00:00+02:00
2026-05-11 18:43:38,001 - INFO - Inserted 288 new rows into day_ahead_prices.
2026-05-11 18:43:38,001 - INFO - Fetching actual load from 2025-08-29 00:00:00+02:00 to 2025-09-01 00:00:00+02:00
2026-05-11 18:43:38,856 - INFO - Inserted 288 new rows into actual_load.
2026-05-11 18:43:38,857 - INFO - Fetching generation mix from 2025-08-29 00:00:00+02:00 to 2025-09-01 00:00:00+02:00
2026-05-11 18:43:41,759 - INFO - Inserted 288 new rows into generation_mix.
2026-05-11 18:43:41,760 - INFO - Fetching Open-Meteo data from 2025-08-29 to 2025-09-01
2026-05-11 18:43:42,361 - INFO - Inserted 288 new rows into weather_data.
2026-05-11 18:43:47,364 - INFO - Fetching DA prices from 2025-09-01 00:00:00+02:00 to 2025-09-04 00:00:00+02:00
2026-05-11 18:43:48,167 - INFO - Inserted 288 new rows into day_ahead_prices.
2026-05-11 18:43:48,168 - INFO - Fetching actual load from 2025-09-01 00:00:00+02:00 to 2025-09-04 00:00:00+02:00
2026-05-11 18:43:48,768 - INFO - Inserted 288 new rows into actual_load.
2026-05-11 18:43:48,769 - INFO - Fetching generation mix from 2025-09-01 00:00:00+02:00 to 2025-09-04 00:00:00+02:00
2026-05-11 18:43:51,572 - INFO - Inserted 288 new rows into generation_mix.
2026-05-11 18:43:51,573 - INFO - Fetching Open-Meteo data from 2025-09-01 to 2025-09-04
2026-05-11 18:43:52,086 - INFO - Inserted 288 new rows into weather_data.
2026-05-11 18:43:57,088 - INFO - Fetching DA prices from 2025-09-04 00:00:00+02:00 to 2025-09-07 00:00:00+02:00
2026-05-11 18:43:57,850 - INFO - Inserted 288 new rows into day_ahead_prices.
2026-05-11 18:43:57,850 - INFO - Fetching actual load from 2025-09-04 00:00:00+02:00 to 2025-09-07 00:00:00+02:00
2026-05-11 18:43:58,640 - INFO - Inserted 288 new rows into actual_load.
2026-05-11 18:43:58,640 - INFO - Fetching generation mix from 2025-09-04 00:00:00+02:00 to 2025-09-07 00:00:00+02:00
2026-05-11 18:44:01,374 - INFO - Inserted 288 new rows into generation_mix.
2026-05-11 18:44:01,375 - INFO - Fetching Open-Meteo data from 2025-09-04 to 2025-09-07
2026-05-11 18:44:01,942 - INFO - Inserted 288 new rows into weather_data.
2026-05-11 18:44:06,945 - INFO - Fetching DA prices from 2025-09-07 00:00:00+02:00 to 2025-09-10 00:00:00+02:00
2026-05-11 18:44:08,519 - INFO - Inserted 288 new rows into day_ahead_prices.
2026-05-11 18:44:08,519 - INFO - Fetching actual load from 2025-09-07 00:00:00+02:00 to 2025-09-10 00:00:00+02:00
2026-05-11 18:44:09,153 - INFO - Inserted 288 new rows into actual_load.
2026-05-11 18:44:09,153 - INFO - Fetching generation mix from 2025-09-07 00:00:00+02:00 to 2025-09-10 00:00:00+02:00
2026-05-11 18:44:12,125 - INFO - Inserted 288 new rows into generation_mix.
2026-05-11 18:44:12,126 - INFO - Fetching Open-Meteo data from 2025-09-07 to 2025-09-10
2026-05-11 18:44:12,794 - INFO - Inserted 288 new rows into weather_data.
2026-05-11 18:44:17,796 - INFO - Fetching DA prices from 2025-09-10 00:00:00+02:00 to 2025-09-13 00:00:00+02:00
2026-05-11 18:44:18,636 - INFO - Inserted 288 new rows into day_ahead_prices.
2026-05-11 18:44:18,636 - INFO - Fetching actual load from 2025-09-10 00:00:00+02:00 to 2025-09-13 00:00:00+02:00
2026-05-11 18:44:19,281 - INFO - Inserted 288 new rows into actual_load.
2026-05-11 18:44:19,282 - INFO - Fetching generation mix from 2025-09-10 00:00:00+02:00 to 2025-09-13 00:00:00+02:00
2026-05-11 18:44:22,215 - INFO - Inserted 288 new rows into generation_mix.
2026-05-11 18:44:22,216 - INFO - Fetching Open-Meteo data from 2025-09-10 to 2025-09-13
2026-05-11 18:44:23,320 - INFO - Inserted 288 new rows into weather_data.
2026-05-11 18:44:28,322 - INFO - Fetching DA prices from 2025-09-13 00:00:00+02:00 to 2025-09-16 00:00:00+02:00
2026-05-11 18:44:29,280 - INFO - Inserted 288 new rows into day_ahead_prices.
2026-05-11 18:44:29,281 - INFO - Fetching actual load from 2025-09-13 00:00:00+02:00 to 2025-09-16 00:00:00+02:00
2026-05-11 18:44:31,048 - INFO - Inserted 288 new rows into actual_load.
2026-05-11 18:44:31,048 - INFO - Fetching generation mix from 2025-09-13 00:00:00+02:00 to 2025-09-16 00:00:00+02:00
2026-05-11 18:44:33,776 - INFO - Inserted 288 new rows into generation_mix.
2026-05-11 18:44:33,776 - INFO - Fetching Open-Meteo data from 2025-09-13 to 2025-09-16
2026-05-11 18:44:35,355 - INFO - Inserted 288 new rows into weather_data.
2026-05-11 18:44:40,358 - INFO - Fetching DA prices from 2025-09-16 00:00:00+02:00 to 2025-09-19 00:00:00+02:00
2026-05-11 18:44:41,208 - INFO - Inserted 288 new rows into day_ahead_prices.
2026-05-11 18:44:41,208 - INFO - Fetching actual load from 2025-09-16 00:00:00+02:00 to 2025-09-19 00:00:00+02:00
2026-05-11 18:44:41,820 - INFO - Inserted 288 new rows into actual_load.
2026-05-11 18:44:41,820 - INFO - Fetching generation mix from 2025-09-16 00:00:00+02:00 to 2025-09-19 00:00:00+02:00
2026-05-11 18:44:44,925 - INFO - Inserted 288 new rows into generation_mix.
2026-05-11 18:44:44,926 - INFO - Fetching Open-Meteo data from 2025-09-16 to 2025-09-19
2026-05-11 18:44:45,597 - INFO - Inserted 288 new rows into weather_data.
2026-05-11 18:44:50,599 - INFO - Fetching DA prices from 2025-09-19 00:00:00+02:00 to 2025-09-22 00:00:00+02:00
2026-05-11 18:44:51,386 - INFO - Inserted 288 new rows into day_ahead_prices.
2026-05-11 18:44:51,387 - INFO - Fetching actual load from 2025-09-19 00:00:00+02:00 to 2025-09-22 00:00:00+02:00
2026-05-11 18:44:52,065 - INFO - Inserted 288 new rows into actual_load.
2026-05-11 18:44:52,066 - INFO - Fetching generation mix from 2025-09-19 00:00:00+02:00 to 2025-09-22 00:00:00+02:00
2026-05-11 18:44:55,094 - INFO - Inserted 288 new rows into generation_mix.
2026-05-11 18:44:55,095 - INFO - Fetching Open-Meteo data from 2025-09-19 to 2025-09-22
2026-05-11 18:44:55,800 - INFO - Inserted 288 new rows into weather_data.
2026-05-11 18:45:00,802 - INFO - Fetching DA prices from 2025-09-22 00:00:00+02:00 to 2025-09-25 00:00:00+02:00
2026-05-11 18:45:11,878 - INFO - Inserted 288 new rows into day_ahead_prices.
2026-05-11 18:45:11,879 - INFO - Fetching actual load from 2025-09-22 00:00:00+02:00 to 2025-09-25 00:00:00+02:00
2026-05-11 18:45:16,927 - INFO - Inserted 288 new rows into actual_load.
2026-05-11 18:45:16,928 - INFO - Fetching generation mix from 2025-09-22 00:00:00+02:00 to 2025-09-25 00:00:00+02:00
2026-05-11 18:45:25,995 - INFO - Inserted 288 new rows into generation_mix.
2026-05-11 18:45:25,996 - INFO - Fetching Open-Meteo data from 2025-09-22 to 2025-09-25
2026-05-11 18:45:26,707 - INFO - Inserted 288 new rows into weather_data.
2026-05-11 18:45:31,710 - INFO - Fetching DA prices from 2025-09-25 00:00:00+02:00 to 2025-09-28 00:00:00+02:00
2026-05-11 18:45:32,613 - INFO - Inserted 288 new rows into day_ahead_prices.
2026-05-11 18:45:32,614 - INFO - Fetching actual load from 2025-09-25 00:00:00+02:00 to 2025-09-28 00:00:00+02:00
2026-05-11 18:45:37,453 - INFO - Inserted 288 new rows into actual_load.
2026-05-11 18:45:37,453 - INFO - Fetching generation mix from 2025-09-25 00:00:00+02:00 to 2025-09-28 00:00:00+02:00
2026-05-11 18:45:45,784 - INFO - Inserted 288 new rows into generation_mix.
2026-05-11 18:45:45,785 - INFO - Fetching Open-Meteo data from 2025-09-25 to 2025-09-28
2026-05-11 18:45:47,156 - INFO - Inserted 288 new rows into weather_data.
2026-05-11 18:45:52,158 - INFO - Fetching DA prices from 2025-09-28 00:00:00+02:00 to 2025-10-01 00:00:00+02:00
2026-05-11 18:46:04,153 - INFO - Inserted 288 new rows into day_ahead_prices.
2026-05-11 18:46:04,153 - INFO - Fetching actual load from 2025-09-28 00:00:00+02:00 to 2025-10-01 00:00:00+02:00
2026-05-11 18:46:08,747 - INFO - Inserted 288 new rows into actual_load.
2026-05-11 18:46:08,748 - INFO - Fetching generation mix from 2025-09-28 00:00:00+02:00 to 2025-10-01 00:00:00+02:00
2026-05-11 18:46:15,756 - INFO - Inserted 288 new rows into generation_mix.
2026-05-11 18:46:15,757 - INFO - Fetching Open-Meteo data from 2025-09-28 to 2025-10-01
2026-05-11 18:46:16,291 - INFO - Inserted 288 new rows into weather_data.
2026-05-11 18:46:21,293 - INFO - Fetching DA prices from 2025-10-01 00:00:00+02:00 to 2025-10-04 00:00:00+02:00
2026-05-11 18:46:27,518 - INFO - Inserted 288 new rows into day_ahead_prices.
2026-05-11 18:46:27,519 - INFO - Fetching actual load from 2025-10-01 00:00:00+02:00 to 2025-10-04 00:00:00+02:00
2026-05-11 18:46:28,364 - INFO - Inserted 288 new rows into actual_load.
2026-05-11 18:46:28,364 - INFO - Fetching generation mix from 2025-10-01 00:00:00+02:00 to 2025-10-04 00:00:00+02:00
2026-05-11 18:46:34,736 - INFO - Inserted 288 new rows into generation_mix.
2026-05-11 18:46:34,737 - INFO - Fetching Open-Meteo data from 2025-10-01 to 2025-10-04
2026-05-11 18:46:35,338 - INFO - Inserted 288 new rows into weather_data.
2026-05-11 18:46:40,341 - INFO - Fetching DA prices from 2025-10-04 00:00:00+02:00 to 2025-10-07 00:00:00+02:00
2026-05-11 18:46:41,446 - INFO - Inserted 288 new rows into day_ahead_prices.
2026-05-11 18:46:41,447 - INFO - Fetching actual load from 2025-10-04 00:00:00+02:00 to 2025-10-07 00:00:00+02:00
2026-05-11 18:46:42,236 - INFO - Inserted 288 new rows into actual_load.
2026-05-11 18:46:42,237 - INFO - Fetching generation mix from 2025-10-04 00:00:00+02:00 to 2025-10-07 00:00:00+02:00
2026-05-11 18:46:51,148 - INFO - Inserted 288 new rows into generation_mix.
2026-05-11 18:46:51,149 - INFO - Fetching Open-Meteo data from 2025-10-04 to 2025-10-07
2026-05-11 18:46:51,750 - INFO - Inserted 288 new rows into weather_data.
2026-05-11 18:46:56,752 - INFO - Fetching DA prices from 2025-10-07 00:00:00+02:00 to 2025-10-10 00:00:00+02:00
2026-05-11 18:47:04,830 - INFO - Inserted 288 new rows into day_ahead_prices.
2026-05-11 18:47:04,830 - INFO - Fetching actual load from 2025-10-07 00:00:00+02:00 to 2025-10-10 00:00:00+02:00
2026-05-11 18:47:13,152 - INFO - Inserted 288 new rows into actual_load.
2026-05-11 18:47:13,152 - INFO - Fetching generation mix from 2025-10-07 00:00:00+02:00 to 2025-10-10 00:00:00+02:00
2026-05-11 18:47:16,510 - INFO - Inserted 288 new rows into generation_mix.
2026-05-11 18:47:16,511 - INFO - Fetching Open-Meteo data from 2025-10-07 to 2025-10-10
2026-05-11 18:47:17,101 - INFO - Inserted 288 new rows into weather_data.
2026-05-11 18:47:22,104 - INFO - Fetching DA prices from 2025-10-10 00:00:00+02:00 to 2025-10-13 00:00:00+02:00
2026-05-11 18:47:23,041 - INFO - Inserted 288 new rows into day_ahead_prices.
2026-05-11 18:47:23,041 - INFO - Fetching actual load from 2025-10-10 00:00:00+02:00 to 2025-10-13 00:00:00+02:00
2026-05-11 18:47:23,700 - INFO - Inserted 288 new rows into actual_load.
2026-05-11 18:47:23,700 - INFO - Fetching generation mix from 2025-10-10 00:00:00+02:00 to 2025-10-13 00:00:00+02:00
2026-05-11 18:47:31,481 - INFO - Inserted 288 new rows into generation_mix.
2026-05-11 18:47:31,481 - INFO - Fetching Open-Meteo data from 2025-10-10 to 2025-10-13
2026-05-11 18:47:32,016 - INFO - Inserted 288 new rows into weather_data.
2026-05-11 18:47:37,018 - INFO - Fetching DA prices from 2025-10-13 00:00:00+02:00 to 2025-10-16 00:00:00+02:00
2026-05-11 18:47:37,911 - INFO - Inserted 288 new rows into day_ahead_prices.
2026-05-11 18:47:37,911 - INFO - Fetching actual load from 2025-10-13 00:00:00+02:00 to 2025-10-16 00:00:00+02:00
2026-05-11 18:47:38,556 - INFO - Inserted 288 new rows into actual_load.
2026-05-11 18:47:38,557 - INFO - Fetching generation mix from 2025-10-13 00:00:00+02:00 to 2025-10-16 00:00:00+02:00
2026-05-11 18:47:43,775 - INFO - Inserted 288 new rows into generation_mix.
2026-05-11 18:47:43,776 - INFO - Fetching Open-Meteo data from 2025-10-13 to 2025-10-16
2026-05-11 18:47:44,377 - INFO - Inserted 288 new rows into weather_data.
2026-05-11 18:47:49,380 - INFO - Fetching DA prices from 2025-10-16 00:00:00+02:00 to 2025-10-19 00:00:00+02:00
2026-05-11 18:47:55,095 - INFO - Inserted 288 new rows into day_ahead_prices.
2026-05-11 18:47:55,095 - INFO - Fetching actual load from 2025-10-16 00:00:00+02:00 to 2025-10-19 00:00:00+02:00
2026-05-11 18:47:55,773 - INFO - Inserted 288 new rows into actual_load.
2026-05-11 18:47:55,774 - INFO - Fetching generation mix from 2025-10-16 00:00:00+02:00 to 2025-10-19 00:00:00+02:00
2026-05-11 18:48:00,962 - INFO - Inserted 288 new rows into generation_mix.
2026-05-11 18:48:00,963 - INFO - Fetching Open-Meteo data from 2025-10-16 to 2025-10-19
2026-05-11 18:48:01,741 - INFO - Inserted 288 new rows into weather_data.
2026-05-11 18:48:06,744 - INFO - Fetching DA prices from 2025-10-19 00:00:00+02:00 to 2025-10-22 00:00:00+02:00
2026-05-11 18:48:13,581 - INFO - Inserted 288 new rows into day_ahead_prices.
2026-05-11 18:48:13,581 - INFO - Fetching actual load from 2025-10-19 00:00:00+02:00 to 2025-10-22 00:00:00+02:00
2026-05-11 18:48:19,775 - INFO - Inserted 288 new rows into actual_load.
2026-05-11 18:48:19,776 - INFO - Fetching generation mix from 2025-10-19 00:00:00+02:00 to 2025-10-22 00:00:00+02:00
2026-05-11 18:48:23,759 - INFO - Inserted 288 new rows into generation_mix.
2026-05-11 18:48:23,760 - INFO - Fetching Open-Meteo data from 2025-10-19 to 2025-10-22
2026-05-11 18:48:24,462 - INFO - Inserted 288 new rows into weather_data.
2026-05-11 18:48:29,464 - INFO - Fetching DA prices from 2025-10-22 00:00:00+02:00 to 2025-10-25 00:00:00+02:00
2026-05-11 18:48:37,961 - INFO - Inserted 288 new rows into day_ahead_prices.
2026-05-11 18:48:37,962 - INFO - Fetching actual load from 2025-10-22 00:00:00+02:00 to 2025-10-25 00:00:00+02:00
2026-05-11 18:48:43,722 - INFO - Inserted 288 new rows into actual_load.
2026-05-11 18:48:43,723 - INFO - Fetching generation mix from 2025-10-22 00:00:00+02:00 to 2025-10-25 00:00:00+02:00
2026-05-11 18:48:47,917 - INFO - Inserted 288 new rows into generation_mix.
2026-05-11 18:48:47,918 - INFO - Fetching Open-Meteo data from 2025-10-22 to 2025-10-25
2026-05-11 18:48:48,441 - INFO - Inserted 288 new rows into weather_data.
2026-05-11 18:48:53,444 - INFO - Fetching DA prices from 2025-10-25 00:00:00+02:00 to 2025-10-27 00:00:00+01:00
2026-05-11 18:48:56,909 - INFO - Inserted 192 new rows into day_ahead_prices.
2026-05-11 18:48:56,909 - INFO - Fetching actual load from 2025-10-25 00:00:00+02:00 to 2025-10-27 00:00:00+01:00
2026-05-11 18:49:02,530 - INFO - Inserted 192 new rows into actual_load.
2026-05-11 18:49:02,531 - INFO - Fetching generation mix from 2025-10-25 00:00:00+02:00 to 2025-10-27 00:00:00+01:00
2026-05-11 18:49:07,447 - INFO - Inserted 192 new rows into generation_mix.
2026-05-11 18:49:07,448 - INFO - Fetching Open-Meteo data from 2025-10-25 to 2025-10-27
2026-05-11 18:49:08,016 - INFO - Inserted 188 new rows into weather_data.
2026-05-11 18:49:13,018 - INFO - Fetching DA prices from 2025-10-27 00:00:00+01:00 to 2025-10-30 00:00:00+01:00
2026-05-11 18:49:13,944 - INFO - Inserted 288 new rows into day_ahead_prices.
2026-05-11 18:49:13,945 - INFO - Fetching actual load from 2025-10-27 00:00:00+01:00 to 2025-10-30 00:00:00+01:00
2026-05-11 18:49:19,461 - INFO - Inserted 288 new rows into actual_load.
2026-05-11 18:49:19,462 - INFO - Fetching generation mix from 2025-10-27 00:00:00+01:00 to 2025-10-30 00:00:00+01:00
2026-05-11 18:49:23,787 - INFO - Inserted 288 new rows into generation_mix.
2026-05-11 18:49:23,788 - INFO - Fetching Open-Meteo data from 2025-10-27 to 2025-10-30
2026-05-11 18:49:24,465 - INFO - Inserted 288 new rows into weather_data.
2026-05-11 18:49:29,467 - INFO - Fetching DA prices from 2025-10-30 00:00:00+01:00 to 2025-11-02 00:00:00+01:00
2026-05-11 18:49:36,154 - INFO - Inserted 288 new rows into day_ahead_prices.
2026-05-11 18:49:36,155 - INFO - Fetching actual load from 2025-10-30 00:00:00+01:00 to 2025-11-02 00:00:00+01:00
2026-05-11 18:49:36,822 - INFO - Inserted 288 new rows into actual_load.
2026-05-11 18:49:36,822 - INFO - Fetching generation mix from 2025-10-30 00:00:00+01:00 to 2025-11-02 00:00:00+01:00
2026-05-11 18:49:41,205 - INFO - Inserted 288 new rows into generation_mix.
2026-05-11 18:49:41,206 - INFO - Fetching Open-Meteo data from 2025-10-30 to 2025-11-02
2026-05-11 18:49:42,318 - INFO - Inserted 288 new rows into weather_data.
2026-05-11 18:49:47,321 - INFO - Fetching DA prices from 2025-11-02 00:00:00+01:00 to 2025-11-05 00:00:00+01:00
2026-05-11 18:49:49,019 - INFO - Inserted 288 new rows into day_ahead_prices.
2026-05-11 18:49:49,019 - INFO - Fetching actual load from 2025-11-02 00:00:00+01:00 to 2025-11-05 00:00:00+01:00
2026-05-11 18:49:59,355 - INFO - Inserted 288 new rows into actual_load.
2026-05-11 18:49:59,355 - INFO - Fetching generation mix from 2025-11-02 00:00:00+01:00 to 2025-11-05 00:00:00+01:00
2026-05-11 18:50:03,725 - INFO - Inserted 288 new rows into generation_mix.
2026-05-11 18:50:03,726 - INFO - Fetching Open-Meteo data from 2025-11-02 to 2025-11-05
2026-05-11 18:50:04,316 - INFO - Inserted 288 new rows into weather_data.
2026-05-11 18:50:09,318 - INFO - Fetching DA prices from 2025-11-05 00:00:00+01:00 to 2025-11-08 00:00:00+01:00
2026-05-11 18:50:29,887 - INFO - Inserted 288 new rows into day_ahead_prices.
2026-05-11 18:50:29,888 - INFO - Fetching actual load from 2025-11-05 00:00:00+01:00 to 2025-11-08 00:00:00+01:00
2026-05-11 18:50:39,912 - INFO - Inserted 288 new rows into actual_load.
2026-05-11 18:50:39,912 - INFO - Fetching generation mix from 2025-11-05 00:00:00+01:00 to 2025-11-08 00:00:00+01:00
2026-05-11 18:51:03,741 - INFO - Inserted 288 new rows into generation_mix.
2026-05-11 18:51:03,742 - INFO - Fetching Open-Meteo data from 2025-11-05 to 2025-11-08
2026-05-11 18:51:04,254 - INFO - Inserted 288 new rows into weather_data.
2026-05-11 18:51:09,256 - INFO - Fetching DA prices from 2025-11-08 00:00:00+01:00 to 2025-11-11 00:00:00+01:00
2026-05-11 18:51:28,058 - INFO - Inserted 288 new rows into day_ahead_prices.
2026-05-11 18:51:28,059 - INFO - Fetching actual load from 2025-11-08 00:00:00+01:00 to 2025-11-11 00:00:00+01:00
2026-05-11 18:51:37,402 - INFO - Inserted 288 new rows into actual_load.
2026-05-11 18:51:37,403 - INFO - Fetching generation mix from 2025-11-08 00:00:00+01:00 to 2025-11-11 00:00:00+01:00
2026-05-11 18:51:46,060 - INFO - Inserted 288 new rows into generation_mix.
2026-05-11 18:51:46,061 - INFO - Fetching Open-Meteo data from 2025-11-08 to 2025-11-11
2026-05-11 18:51:46,951 - INFO - Inserted 288 new rows into weather_data.
2026-05-11 18:51:51,953 - INFO - Fetching DA prices from 2025-11-11 00:00:00+01:00 to 2025-11-14 00:00:00+01:00
2026-05-11 18:51:53,685 - INFO - Inserted 288 new rows into day_ahead_prices.
2026-05-11 18:51:53,685 - INFO - Fetching actual load from 2025-11-11 00:00:00+01:00 to 2025-11-14 00:00:00+01:00
2026-05-11 18:52:02,850 - INFO - Inserted 288 new rows into actual_load.
2026-05-11 18:52:02,851 - INFO - Fetching generation mix from 2025-11-11 00:00:00+01:00 to 2025-11-14 00:00:00+01:00
2026-05-11 18:52:17,050 - INFO - Inserted 288 new rows into generation_mix.
2026-05-11 18:52:17,050 - INFO - Fetching Open-Meteo data from 2025-11-11 to 2025-11-14
2026-05-11 18:52:18,296 - INFO - Inserted 288 new rows into weather_data.
2026-05-11 18:52:23,298 - INFO - Fetching DA prices from 2025-11-14 00:00:00+01:00 to 2025-11-17 00:00:00+01:00
2026-05-11 18:52:37,176 - INFO - Inserted 288 new rows into day_ahead_prices.
2026-05-11 18:52:37,177 - INFO - Fetching actual load from 2025-11-14 00:00:00+01:00 to 2025-11-17 00:00:00+01:00
2026-05-11 18:52:44,938 - INFO - Inserted 288 new rows into actual_load.
2026-05-11 18:52:44,938 - INFO - Fetching generation mix from 2025-11-14 00:00:00+01:00 to 2025-11-17 00:00:00+01:00
2026-05-11 18:52:57,800 - INFO - Inserted 288 new rows into generation_mix.
2026-05-11 18:52:57,801 - INFO - Fetching Open-Meteo data from 2025-11-14 to 2025-11-17
2026-05-11 18:52:58,507 - INFO - Inserted 288 new rows into weather_data.
2026-05-11 18:53:03,509 - INFO - Fetching DA prices from 2025-11-17 00:00:00+01:00 to 2025-11-20 00:00:00+01:00
2026-05-11 18:53:17,640 - INFO - Inserted 288 new rows into day_ahead_prices.
2026-05-11 18:53:17,641 - INFO - Fetching actual load from 2025-11-17 00:00:00+01:00 to 2025-11-20 00:00:00+01:00
2026-05-11 18:53:18,941 - INFO - Inserted 288 new rows into actual_load.
2026-05-11 18:53:18,942 - INFO - Fetching generation mix from 2025-11-17 00:00:00+01:00 to 2025-11-20 00:00:00+01:00
2026-05-11 18:53:35,899 - INFO - Inserted 288 new rows into generation_mix.
2026-05-11 18:53:35,900 - INFO - Fetching Open-Meteo data from 2025-11-17 to 2025-11-20
2026-05-11 18:53:36,457 - INFO - Inserted 288 new rows into weather_data.
2026-05-11 18:53:41,460 - INFO - Fetching DA prices from 2025-11-20 00:00:00+01:00 to 2025-11-23 00:00:00+01:00
2026-05-11 18:53:43,977 - INFO - Inserted 288 new rows into day_ahead_prices.
2026-05-11 18:53:43,977 - INFO - Fetching actual load from 2025-11-20 00:00:00+01:00 to 2025-11-23 00:00:00+01:00
2026-05-11 18:53:46,505 - INFO - Inserted 288 new rows into actual_load.
2026-05-11 18:53:46,506 - INFO - Fetching generation mix from 2025-11-20 00:00:00+01:00 to 2025-11-23 00:00:00+01:00
2026-05-11 18:53:53,476 - INFO - Inserted 288 new rows into generation_mix.
2026-05-11 18:53:53,477 - INFO - Fetching Open-Meteo data from 2025-11-20 to 2025-11-23
2026-05-11 18:53:54,823 - INFO - Inserted 288 new rows into weather_data.
2026-05-11 18:53:59,825 - INFO - Fetching DA prices from 2025-11-23 00:00:00+01:00 to 2025-11-26 00:00:00+01:00
2026-05-11 18:54:07,125 - INFO - Inserted 288 new rows into day_ahead_prices.
2026-05-11 18:54:07,125 - INFO - Fetching actual load from 2025-11-23 00:00:00+01:00 to 2025-11-26 00:00:00+01:00
2026-05-11 18:54:08,215 - INFO - Inserted 288 new rows into actual_load.
2026-05-11 18:54:08,215 - INFO - Fetching generation mix from 2025-11-23 00:00:00+01:00 to 2025-11-26 00:00:00+01:00
2026-05-11 18:54:18,896 - INFO - Inserted 288 new rows into generation_mix.
2026-05-11 18:54:18,896 - INFO - Fetching Open-Meteo data from 2025-11-23 to 2025-11-26
2026-05-11 18:54:19,998 - INFO - Inserted 288 new rows into weather_data.
2026-05-11 18:54:25,000 - INFO - Fetching DA prices from 2025-11-26 00:00:00+01:00 to 2025-11-29 00:00:00+01:00
2026-05-11 18:54:32,177 - INFO - Inserted 288 new rows into day_ahead_prices.
2026-05-11 18:54:32,178 - INFO - Fetching actual load from 2025-11-26 00:00:00+01:00 to 2025-11-29 00:00:00+01:00
2026-05-11 18:54:33,078 - INFO - Inserted 288 new rows into actual_load.
2026-05-11 18:54:33,079 - INFO - Fetching generation mix from 2025-11-26 00:00:00+01:00 to 2025-11-29 00:00:00+01:00
2026-05-11 18:54:40,574 - INFO - Inserted 288 new rows into generation_mix.
2026-05-11 18:54:40,575 - INFO - Fetching Open-Meteo data from 2025-11-26 to 2025-11-29
2026-05-11 18:54:41,109 - INFO - Inserted 288 new rows into weather_data.
2026-05-11 18:54:46,111 - INFO - Fetching DA prices from 2025-11-29 00:00:00+01:00 to 2025-12-02 00:00:00+01:00
2026-05-11 18:54:54,857 - INFO - Inserted 288 new rows into day_ahead_prices.
2026-05-11 18:54:54,858 - INFO - Fetching actual load from 2025-11-29 00:00:00+01:00 to 2025-12-02 00:00:00+01:00
2026-05-11 18:54:56,875 - INFO - Inserted 288 new rows into actual_load.
2026-05-11 18:54:56,876 - INFO - Fetching generation mix from 2025-11-29 00:00:00+01:00 to 2025-12-02 00:00:00+01:00
2026-05-11 18:55:14,095 - INFO - Inserted 288 new rows into generation_mix.
2026-05-11 18:55:14,096 - INFO - Fetching Open-Meteo data from 2025-11-29 to 2025-12-02
2026-05-11 18:55:14,630 - INFO - Inserted 288 new rows into weather_data.
2026-05-11 18:55:19,633 - INFO - Fetching DA prices from 2025-12-02 00:00:00+01:00 to 2025-12-05 00:00:00+01:00
2026-05-11 18:55:43,239 - INFO - Inserted 288 new rows into day_ahead_prices.
2026-05-11 18:55:43,240 - INFO - Fetching actual load from 2025-12-02 00:00:00+01:00 to 2025-12-05 00:00:00+01:00
2026-05-11 18:56:18,448 - INFO - Inserted 288 new rows into actual_load.
2026-05-11 18:56:18,449 - INFO - Fetching generation mix from 2025-12-02 00:00:00+01:00 to 2025-12-05 00:00:00+01:00
2026-05-11 18:56:54,551 - INFO - Inserted 288 new rows into generation_mix.
2026-05-11 18:56:54,552 - INFO - Fetching Open-Meteo data from 2025-12-02 to 2025-12-05
2026-05-11 18:56:55,887 - INFO - Inserted 288 new rows into weather_data.
2026-05-11 18:57:00,889 - INFO - Fetching DA prices from 2025-12-05 00:00:00+01:00 to 2025-12-08 00:00:00+01:00
2026-05-11 18:57:26,768 - INFO - Inserted 288 new rows into day_ahead_prices.
2026-05-11 18:57:26,769 - INFO - Fetching actual load from 2025-12-05 00:00:00+01:00 to 2025-12-08 00:00:00+01:00
2026-05-11 18:58:05,316 - INFO - Inserted 288 new rows into actual_load.
2026-05-11 18:58:05,317 - INFO - Fetching generation mix from 2025-12-05 00:00:00+01:00 to 2025-12-08 00:00:00+01:00
2026-05-11 18:58:33,197 - INFO - Inserted 288 new rows into generation_mix.
2026-05-11 18:58:33,198 - INFO - Fetching Open-Meteo data from 2025-12-05 to 2025-12-08
2026-05-11 18:58:34,633 - INFO - Inserted 288 new rows into weather_data.
2026-05-11 18:58:39,635 - INFO - Fetching DA prices from 2025-12-08 00:00:00+01:00 to 2025-12-11 00:00:00+01:00
2026-05-11 18:59:11,254 - INFO - Inserted 288 new rows into day_ahead_prices.
2026-05-11 18:59:11,254 - INFO - Fetching actual load from 2025-12-08 00:00:00+01:00 to 2025-12-11 00:00:00+01:00
2026-05-11 18:59:14,990 - INFO - Inserted 288 new rows into actual_load.
2026-05-11 18:59:14,991 - INFO - Fetching generation mix from 2025-12-08 00:00:00+01:00 to 2025-12-11 00:00:00+01:00
2026-05-11 18:59:19,858 - INFO - Inserted 288 new rows into generation_mix.
2026-05-11 18:59:19,859 - INFO - Fetching Open-Meteo data from 2025-12-08 to 2025-12-11
2026-05-11 18:59:20,471 - INFO - Inserted 288 new rows into weather_data.
2026-05-11 18:59:25,472 - INFO - Fetching DA prices from 2025-12-11 00:00:00+01:00 to 2025-12-14 00:00:00+01:00
2026-05-11 18:59:36,000 - INFO - Inserted 288 new rows into day_ahead_prices.
2026-05-11 18:59:36,000 - INFO - Fetching actual load from 2025-12-11 00:00:00+01:00 to 2025-12-14 00:00:00+01:00
2026-05-11 18:59:43,630 - INFO - Inserted 288 new rows into actual_load.
2026-05-11 18:59:43,631 - INFO - Fetching generation mix from 2025-12-11 00:00:00+01:00 to 2025-12-14 00:00:00+01:00
2026-05-11 18:59:56,479 - INFO - Inserted 288 new rows into generation_mix.
2026-05-11 18:59:56,480 - INFO - Fetching Open-Meteo data from 2025-12-11 to 2025-12-14
2026-05-11 18:59:57,145 - INFO - Inserted 288 new rows into weather_data.
2026-05-11 19:00:02,147 - INFO - Fetching DA prices from 2025-12-14 00:00:00+01:00 to 2025-12-17 00:00:00+01:00
2026-05-11 19:01:16,526 - INFO - Inserted 288 new rows into day_ahead_prices.
2026-05-11 19:01:16,526 - INFO - Fetching actual load from 2025-12-14 00:00:00+01:00 to 2025-12-17 00:00:00+01:00
2026-05-11 19:01:17,248 - ERROR - ENTSO-E Fetcher failed for 20251214 to 20251217: 503 Server Error: Service Unavailable for url: https://web-api.tp.entsoe.eu/api?documentType=A65&processType=A16&outBiddingZone_Domain=10Y1001A1001A82H&out_Domain=10Y1001A1001A82H&securityToken=599e95d4-4601-41e5-bf48-ed4db1d9190d&periodStart=202512132300&periodEnd=202512162300
2026-05-11 19:01:19,249 - INFO - Fetching DA prices from 2025-12-14 00:00:00+01:00 to 2025-12-17 00:00:00+01:00
2026-05-11 19:01:19,795 - ERROR - ENTSO-E Fetcher failed for 20251214 to 20251217: 503 Server Error: Service Unavailable for url: https://web-api.tp.entsoe.eu/api?documentType=A44&in_Domain=10Y1001A1001A82H&out_Domain=10Y1001A1001A82H&offset=0&contract_MarketAgreement.type=A01&classificationSequence_AttributeInstanceComponent.position=1&securityToken=599e95d4-4601-41e5-bf48-ed4db1d9190d&periodStart=202512122300&periodEnd=202512172300
2026-05-11 19:01:23,797 - INFO - Fetching DA prices from 2025-12-14 00:00:00+01:00 to 2025-12-17 00:00:00+01:00
2026-05-11 19:02:54,175 - INFO - Fetching actual load from 2025-12-14 00:00:00+01:00 to 2025-12-17 00:00:00+01:00
2026-05-11 19:04:07,137 - INFO - Inserted 288 new rows into actual_load.
2026-05-11 19:04:07,138 - INFO - Fetching generation mix from 2025-12-14 00:00:00+01:00 to 2025-12-17 00:00:00+01:00
2026-05-11 19:04:46,820 - INFO - Inserted 288 new rows into generation_mix.
2026-05-11 19:04:46,820 - INFO - Fetching Open-Meteo data from 2025-12-14 to 2025-12-17
2026-05-11 19:04:48,355 - INFO - Inserted 288 new rows into weather_data.
2026-05-11 19:04:53,357 - INFO - Fetching DA prices from 2025-12-17 00:00:00+01:00 to 2025-12-20 00:00:00+01:00
2026-05-11 19:06:28,802 - INFO - Inserted 288 new rows into day_ahead_prices.
2026-05-11 19:06:28,803 - INFO - Fetching actual load from 2025-12-17 00:00:00+01:00 to 2025-12-20 00:00:00+01:00
2026-05-11 19:06:41,053 - INFO - Inserted 288 new rows into actual_load.
2026-05-11 19:06:41,053 - INFO - Fetching generation mix from 2025-12-17 00:00:00+01:00 to 2025-12-20 00:00:00+01:00
2026-05-11 19:06:48,214 - INFO - Inserted 288 new rows into generation_mix.
2026-05-11 19:06:48,215 - INFO - Fetching Open-Meteo data from 2025-12-17 to 2025-12-20
2026-05-11 19:06:49,820 - INFO - Inserted 288 new rows into weather_data.
2026-05-11 19:06:54,822 - INFO - Fetching DA prices from 2025-12-20 00:00:00+01:00 to 2025-12-23 00:00:00+01:00
2026-05-11 19:07:26,328 - INFO - Inserted 288 new rows into day_ahead_prices.
2026-05-11 19:07:26,328 - INFO - Fetching actual load from 2025-12-20 00:00:00+01:00 to 2025-12-23 00:00:00+01:00
2026-05-11 19:08:02,977 - INFO - Inserted 288 new rows into actual_load.
2026-05-11 19:08:02,978 - INFO - Fetching generation mix from 2025-12-20 00:00:00+01:00 to 2025-12-23 00:00:00+01:00
2026-05-11 19:10:21,477 - INFO - Inserted 288 new rows into generation_mix.
2026-05-11 19:10:21,478 - INFO - Fetching Open-Meteo data from 2025-12-20 to 2025-12-23
2026-05-11 19:10:23,115 - INFO - Inserted 288 new rows into weather_data.
2026-05-11 19:10:28,117 - INFO - Fetching DA prices from 2025-12-23 00:00:00+01:00 to 2025-12-26 00:00:00+01:00
2026-05-11 19:10:55,947 - INFO - Inserted 288 new rows into day_ahead_prices.
2026-05-11 19:10:55,947 - INFO - Fetching actual load from 2025-12-23 00:00:00+01:00 to 2025-12-26 00:00:00+01:00
2026-05-11 19:11:06,662 - INFO - Inserted 288 new rows into actual_load.
2026-05-11 19:11:06,662 - INFO - Fetching generation mix from 2025-12-23 00:00:00+01:00 to 2025-12-26 00:00:00+01:00
2026-05-11 19:11:20,070 - INFO - Inserted 288 new rows into generation_mix.
2026-05-11 19:11:20,071 - INFO - Fetching Open-Meteo data from 2025-12-23 to 2025-12-26
2026-05-11 19:11:20,848 - INFO - Inserted 288 new rows into weather_data.
2026-05-11 19:11:25,850 - INFO - Fetching DA prices from 2025-12-26 00:00:00+01:00 to 2025-12-29 00:00:00+01:00
2026-05-11 19:11:43,357 - INFO - Inserted 288 new rows into day_ahead_prices.
2026-05-11 19:11:43,358 - INFO - Fetching actual load from 2025-12-26 00:00:00+01:00 to 2025-12-29 00:00:00+01:00
2026-05-11 19:11:52,246 - INFO - Inserted 288 new rows into actual_load.
2026-05-11 19:11:52,247 - INFO - Fetching generation mix from 2025-12-26 00:00:00+01:00 to 2025-12-29 00:00:00+01:00
2026-05-11 19:11:55,892 - INFO - Inserted 288 new rows into generation_mix.
2026-05-11 19:11:55,893 - INFO - Fetching Open-Meteo data from 2025-12-26 to 2025-12-29
2026-05-11 19:11:56,494 - INFO - Inserted 288 new rows into weather_data.
2026-05-11 19:12:01,496 - INFO - Fetching DA prices from 2025-12-29 00:00:00+01:00 to 2026-01-01 00:00:00+01:00
2026-05-11 19:12:14,392 - INFO - Inserted 288 new rows into day_ahead_prices.
2026-05-11 19:12:14,392 - INFO - Fetching actual load from 2025-12-29 00:00:00+01:00 to 2026-01-01 00:00:00+01:00
2026-05-11 19:12:17,126 - INFO - Inserted 288 new rows into actual_load.
2026-05-11 19:12:17,127 - INFO - Fetching generation mix from 2025-12-29 00:00:00+01:00 to 2026-01-01 00:00:00+01:00
2026-05-11 19:12:22,043 - INFO - Inserted 288 new rows into generation_mix.
2026-05-11 19:12:22,044 - INFO - Fetching Open-Meteo data from 2025-12-29 to 2026-01-01
2026-05-11 19:12:22,623 - INFO - Inserted 288 new rows into weather_data.
2026-05-11 19:12:27,625 - INFO - Fetching DA prices from 2026-01-01 00:00:00+01:00 to 2026-01-04 00:00:00+01:00
2026-05-11 19:12:47,325 - INFO - Inserted 288 new rows into day_ahead_prices.
2026-05-11 19:12:47,325 - INFO - Fetching actual load from 2026-01-01 00:00:00+01:00 to 2026-01-04 00:00:00+01:00
2026-05-11 19:12:53,191 - INFO - Inserted 288 new rows into actual_load.
2026-05-11 19:12:53,191 - INFO - Fetching generation mix from 2026-01-01 00:00:00+01:00 to 2026-01-04 00:00:00+01:00
2026-05-11 19:13:02,851 - INFO - Inserted 288 new rows into generation_mix.
2026-05-11 19:13:02,852 - INFO - Fetching Open-Meteo data from 2026-01-01 to 2026-01-04
2026-05-11 19:13:03,364 - INFO - Inserted 288 new rows into weather_data.
2026-05-11 19:13:08,366 - INFO - Fetching DA prices from 2026-01-04 00:00:00+01:00 to 2026-01-07 00:00:00+01:00
2026-05-11 19:13:09,781 - INFO - Inserted 288 new rows into day_ahead_prices.
2026-05-11 19:13:09,781 - INFO - Fetching actual load from 2026-01-04 00:00:00+01:00 to 2026-01-07 00:00:00+01:00
2026-05-11 19:13:16,212 - INFO - Inserted 288 new rows into actual_load.
2026-05-11 19:13:16,213 - INFO - Fetching generation mix from 2026-01-04 00:00:00+01:00 to 2026-01-07 00:00:00+01:00
2026-05-11 19:13:25,343 - INFO - Inserted 288 new rows into generation_mix.
2026-05-11 19:13:25,344 - INFO - Fetching Open-Meteo data from 2026-01-04 to 2026-01-07
2026-05-11 19:13:26,518 - INFO - Inserted 288 new rows into weather_data.
2026-05-11 19:13:31,521 - INFO - Fetching DA prices from 2026-01-07 00:00:00+01:00 to 2026-01-10 00:00:00+01:00
2026-05-11 19:13:40,709 - INFO - Inserted 288 new rows into day_ahead_prices.
2026-05-11 19:13:40,710 - INFO - Fetching actual load from 2026-01-07 00:00:00+01:00 to 2026-01-10 00:00:00+01:00
2026-05-11 19:13:46,342 - INFO - Inserted 288 new rows into actual_load.
2026-05-11 19:13:46,343 - INFO - Fetching generation mix from 2026-01-07 00:00:00+01:00 to 2026-01-10 00:00:00+01:00
2026-05-11 19:13:51,946 - INFO - Inserted 288 new rows into generation_mix.
2026-05-11 19:13:51,947 - INFO - Fetching Open-Meteo data from 2026-01-07 to 2026-01-10
2026-05-11 19:13:52,561 - INFO - Inserted 288 new rows into weather_data.
2026-05-11 19:13:57,563 - INFO - Fetching DA prices from 2026-01-10 00:00:00+01:00 to 2026-01-13 00:00:00+01:00
2026-05-11 19:14:06,736 - INFO - Inserted 288 new rows into day_ahead_prices.
2026-05-11 19:14:06,737 - INFO - Fetching actual load from 2026-01-10 00:00:00+01:00 to 2026-01-13 00:00:00+01:00
2026-05-11 19:14:08,192 - INFO - Inserted 288 new rows into actual_load.
2026-05-11 19:14:08,193 - INFO - Fetching generation mix from 2026-01-10 00:00:00+01:00 to 2026-01-13 00:00:00+01:00
2026-05-11 19:14:12,118 - INFO - Inserted 288 new rows into generation_mix.
2026-05-11 19:14:12,119 - INFO - Fetching Open-Meteo data from 2026-01-10 to 2026-01-13
2026-05-11 19:14:12,642 - INFO - Inserted 288 new rows into weather_data.
2026-05-11 19:14:17,645 - INFO - Fetching DA prices from 2026-01-13 00:00:00+01:00 to 2026-01-16 00:00:00+01:00
2026-05-11 19:14:25,586 - INFO - Inserted 288 new rows into day_ahead_prices.
2026-05-11 19:14:25,587 - INFO - Fetching actual load from 2026-01-13 00:00:00+01:00 to 2026-01-16 00:00:00+01:00
2026-05-11 19:14:33,519 - INFO - Inserted 288 new rows into actual_load.
2026-05-11 19:14:33,519 - INFO - Fetching generation mix from 2026-01-13 00:00:00+01:00 to 2026-01-16 00:00:00+01:00
2026-05-11 19:14:40,371 - INFO - Inserted 288 new rows into generation_mix.
2026-05-11 19:14:40,372 - INFO - Fetching Open-Meteo data from 2026-01-13 to 2026-01-16
2026-05-11 19:14:41,273 - INFO - Inserted 288 new rows into weather_data.
2026-05-11 19:14:46,275 - INFO - Fetching DA prices from 2026-01-16 00:00:00+01:00 to 2026-01-19 00:00:00+01:00
2026-05-11 19:14:51,256 - INFO - Inserted 288 new rows into day_ahead_prices.
2026-05-11 19:14:51,256 - INFO - Fetching actual load from 2026-01-16 00:00:00+01:00 to 2026-01-19 00:00:00+01:00
2026-05-11 19:14:52,568 - INFO - Inserted 288 new rows into actual_load.
2026-05-11 19:14:52,568 - INFO - Fetching generation mix from 2026-01-16 00:00:00+01:00 to 2026-01-19 00:00:00+01:00
2026-05-11 19:14:56,722 - INFO - Inserted 288 new rows into generation_mix.
2026-05-11 19:14:56,723 - INFO - Fetching Open-Meteo data from 2026-01-16 to 2026-01-19
2026-05-11 19:14:57,246 - INFO - Inserted 288 new rows into weather_data.
2026-05-11 19:15:02,249 - INFO - Fetching DA prices from 2026-01-19 00:00:00+01:00 to 2026-01-22 00:00:00+01:00
2026-05-11 19:15:15,643 - INFO - Inserted 288 new rows into day_ahead_prices.
2026-05-11 19:15:15,643 - INFO - Fetching actual load from 2026-01-19 00:00:00+01:00 to 2026-01-22 00:00:00+01:00
2026-05-11 19:15:17,855 - INFO - Inserted 288 new rows into actual_load.
2026-05-11 19:15:17,855 - INFO - Fetching generation mix from 2026-01-19 00:00:00+01:00 to 2026-01-22 00:00:00+01:00
2026-05-11 19:15:39,029 - INFO - Inserted 288 new rows into generation_mix.
2026-05-11 19:15:39,030 - INFO - Fetching Open-Meteo data from 2026-01-19 to 2026-01-22
2026-05-11 19:15:39,620 - INFO - Inserted 288 new rows into weather_data.
2026-05-11 19:15:44,623 - INFO - Fetching DA prices from 2026-01-22 00:00:00+01:00 to 2026-01-25 00:00:00+01:00
2026-05-11 19:16:12,857 - INFO - Inserted 288 new rows into day_ahead_prices.
2026-05-11 19:16:12,858 - INFO - Fetching actual load from 2026-01-22 00:00:00+01:00 to 2026-01-25 00:00:00+01:00
2026-05-11 19:16:14,169 - INFO - Inserted 288 new rows into actual_load.
2026-05-11 19:16:14,170 - INFO - Fetching generation mix from 2026-01-22 00:00:00+01:00 to 2026-01-25 00:00:00+01:00
2026-05-11 19:16:18,514 - INFO - Inserted 288 new rows into generation_mix.
2026-05-11 19:16:18,515 - INFO - Fetching Open-Meteo data from 2026-01-22 to 2026-01-25
2026-05-11 19:16:19,138 - INFO - Inserted 288 new rows into weather_data.
2026-05-11 19:16:24,140 - INFO - Fetching DA prices from 2026-01-25 00:00:00+01:00 to 2026-01-28 00:00:00+01:00
2026-05-11 19:16:32,236 - INFO - Inserted 288 new rows into day_ahead_prices.
2026-05-11 19:16:32,237 - INFO - Fetching actual load from 2026-01-25 00:00:00+01:00 to 2026-01-28 00:00:00+01:00
2026-05-11 19:16:41,119 - INFO - Inserted 288 new rows into actual_load.
2026-05-11 19:16:41,119 - INFO - Fetching generation mix from 2026-01-25 00:00:00+01:00 to 2026-01-28 00:00:00+01:00
2026-05-11 19:16:45,188 - INFO - Inserted 288 new rows into generation_mix.
2026-05-11 19:16:45,189 - INFO - Fetching Open-Meteo data from 2026-01-25 to 2026-01-28
2026-05-11 19:16:45,768 - INFO - Inserted 288 new rows into weather_data.
2026-05-11 19:16:50,771 - INFO - Fetching DA prices from 2026-01-28 00:00:00+01:00 to 2026-01-31 00:00:00+01:00
2026-05-11 19:17:17,065 - INFO - Inserted 288 new rows into day_ahead_prices.
2026-05-11 19:17:17,065 - INFO - Fetching actual load from 2026-01-28 00:00:00+01:00 to 2026-01-31 00:00:00+01:00
2026-05-11 19:17:30,660 - INFO - Inserted 288 new rows into actual_load.
2026-05-11 19:17:30,661 - INFO - Fetching generation mix from 2026-01-28 00:00:00+01:00 to 2026-01-31 00:00:00+01:00
2026-05-11 19:17:43,912 - INFO - Inserted 288 new rows into generation_mix.
2026-05-11 19:17:43,913 - INFO - Fetching Open-Meteo data from 2026-01-28 to 2026-01-31
2026-05-11 19:17:44,571 - INFO - Inserted 288 new rows into weather_data.
2026-05-11 19:17:49,574 - INFO - Fetching DA prices from 2026-01-31 00:00:00+01:00 to 2026-02-03 00:00:00+01:00
2026-05-11 19:17:53,614 - INFO - Inserted 288 new rows into day_ahead_prices.
2026-05-11 19:17:53,614 - INFO - Fetching actual load from 2026-01-31 00:00:00+01:00 to 2026-02-03 00:00:00+01:00
2026-05-11 19:17:58,508 - INFO - Inserted 288 new rows into actual_load.
2026-05-11 19:17:58,509 - INFO - Fetching generation mix from 2026-01-31 00:00:00+01:00 to 2026-02-03 00:00:00+01:00
2026-05-11 19:18:13,336 - INFO - Inserted 288 new rows into generation_mix.
2026-05-11 19:18:13,337 - INFO - Fetching Open-Meteo data from 2026-01-31 to 2026-02-03
2026-05-11 19:18:14,094 - INFO - Inserted 288 new rows into weather_data.
2026-05-11 19:18:19,096 - INFO - Fetching DA prices from 2026-02-03 00:00:00+01:00 to 2026-02-06 00:00:00+01:00
2026-05-11 19:18:28,733 - INFO - Inserted 288 new rows into day_ahead_prices.
2026-05-11 19:18:28,733 - INFO - Fetching actual load from 2026-02-03 00:00:00+01:00 to 2026-02-06 00:00:00+01:00
2026-05-11 19:18:33,478 - INFO - Inserted 288 new rows into actual_load.
2026-05-11 19:18:33,478 - INFO - Fetching generation mix from 2026-02-03 00:00:00+01:00 to 2026-02-06 00:00:00+01:00
2026-05-11 19:18:39,408 - INFO - Inserted 288 new rows into generation_mix.
2026-05-11 19:18:39,409 - INFO - Fetching Open-Meteo data from 2026-02-03 to 2026-02-06
2026-05-11 19:18:39,952 - INFO - Inserted 288 new rows into weather_data.
2026-05-11 19:18:44,956 - INFO - Fetching DA prices from 2026-02-06 00:00:00+01:00 to 2026-02-09 00:00:00+01:00
2026-05-11 19:18:49,212 - INFO - Inserted 288 new rows into day_ahead_prices.
2026-05-11 19:18:49,212 - INFO - Fetching actual load from 2026-02-06 00:00:00+01:00 to 2026-02-09 00:00:00+01:00
2026-05-11 19:18:51,960 - INFO - Inserted 288 new rows into actual_load.
2026-05-11 19:18:51,961 - INFO - Fetching generation mix from 2026-02-06 00:00:00+01:00 to 2026-02-09 00:00:00+01:00
2026-05-11 19:18:57,538 - INFO - Inserted 288 new rows into generation_mix.
2026-05-11 19:18:57,540 - INFO - Fetching Open-Meteo data from 2026-02-06 to 2026-02-09
2026-05-11 19:18:58,163 - INFO - Inserted 288 new rows into weather_data.
2026-05-11 19:19:03,165 - INFO - Fetching DA prices from 2026-02-09 00:00:00+01:00 to 2026-02-12 00:00:00+01:00
2026-05-11 19:19:04,482 - INFO - Inserted 288 new rows into day_ahead_prices.
2026-05-11 19:19:04,482 - INFO - Fetching actual load from 2026-02-09 00:00:00+01:00 to 2026-02-12 00:00:00+01:00
2026-05-11 19:19:05,682 - INFO - Inserted 288 new rows into actual_load.
2026-05-11 19:19:05,683 - INFO - Fetching generation mix from 2026-02-09 00:00:00+01:00 to 2026-02-12 00:00:00+01:00
2026-05-11 19:19:12,462 - INFO - Inserted 288 new rows into generation_mix.
2026-05-11 19:19:12,462 - INFO - Fetching Open-Meteo data from 2026-02-09 to 2026-02-12
2026-05-11 19:19:12,975 - INFO - Inserted 288 new rows into weather_data.
2026-05-11 19:19:17,977 - INFO - Fetching DA prices from 2026-02-12 00:00:00+01:00 to 2026-02-15 00:00:00+01:00
2026-05-11 19:19:23,004 - INFO - Inserted 288 new rows into day_ahead_prices.
2026-05-11 19:19:23,005 - INFO - Fetching actual load from 2026-02-12 00:00:00+01:00 to 2026-02-15 00:00:00+01:00
2026-05-11 19:19:24,108 - INFO - Inserted 288 new rows into actual_load.
2026-05-11 19:19:24,108 - INFO - Fetching generation mix from 2026-02-12 00:00:00+01:00 to 2026-02-15 00:00:00+01:00
2026-05-11 19:19:30,585 - INFO - Inserted 288 new rows into generation_mix.
2026-05-11 19:19:30,586 - INFO - Fetching Open-Meteo data from 2026-02-12 to 2026-02-15
2026-05-11 19:19:31,653 - INFO - Inserted 288 new rows into weather_data.
2026-05-11 19:19:36,656 - INFO - Fetching DA prices from 2026-02-15 00:00:00+01:00 to 2026-02-18 00:00:00+01:00
2026-05-11 19:19:41,477 - INFO - Inserted 288 new rows into day_ahead_prices.
2026-05-11 19:19:41,477 - INFO - Fetching actual load from 2026-02-15 00:00:00+01:00 to 2026-02-18 00:00:00+01:00
2026-05-11 19:19:42,354 - INFO - Inserted 288 new rows into actual_load.
2026-05-11 19:19:42,354 - INFO - Fetching generation mix from 2026-02-15 00:00:00+01:00 to 2026-02-18 00:00:00+01:00
2026-05-11 19:19:46,462 - INFO - Inserted 288 new rows into generation_mix.
2026-05-11 19:19:46,462 - INFO - Fetching Open-Meteo data from 2026-02-15 to 2026-02-18
2026-05-11 19:19:47,167 - INFO - Inserted 288 new rows into weather_data.
2026-05-11 19:19:52,170 - INFO - Fetching DA prices from 2026-02-18 00:00:00+01:00 to 2026-02-21 00:00:00+01:00
2026-05-11 19:19:53,252 - INFO - Inserted 288 new rows into day_ahead_prices.
2026-05-11 19:19:53,253 - INFO - Fetching actual load from 2026-02-18 00:00:00+01:00 to 2026-02-21 00:00:00+01:00
2026-05-11 19:19:54,598 - INFO - Inserted 288 new rows into actual_load.
2026-05-11 19:19:54,598 - INFO - Fetching generation mix from 2026-02-18 00:00:00+01:00 to 2026-02-21 00:00:00+01:00
2026-05-11 19:19:58,709 - INFO - Inserted 288 new rows into generation_mix.
2026-05-11 19:19:58,710 - INFO - Fetching Open-Meteo data from 2026-02-18 to 2026-02-21
2026-05-11 19:19:59,244 - INFO - Inserted 288 new rows into weather_data.
2026-05-11 19:20:04,247 - INFO - Fetching DA prices from 2026-02-21 00:00:00+01:00 to 2026-02-24 00:00:00+01:00
2026-05-11 19:20:17,520 - INFO - Inserted 288 new rows into day_ahead_prices.
2026-05-11 19:20:17,521 - INFO - Fetching actual load from 2026-02-21 00:00:00+01:00 to 2026-02-24 00:00:00+01:00
2026-05-11 19:20:18,688 - INFO - Inserted 288 new rows into actual_load.
2026-05-11 19:20:18,689 - INFO - Fetching generation mix from 2026-02-21 00:00:00+01:00 to 2026-02-24 00:00:00+01:00
2026-05-11 19:20:23,635 - INFO - Inserted 288 new rows into generation_mix.
2026-05-11 19:20:23,636 - INFO - Fetching Open-Meteo data from 2026-02-21 to 2026-02-24
2026-05-11 19:20:25,107 - INFO - Inserted 288 new rows into weather_data.
2026-05-11 19:20:30,109 - INFO - Fetching DA prices from 2026-02-24 00:00:00+01:00 to 2026-02-27 00:00:00+01:00
2026-05-11 19:20:38,436 - INFO - Inserted 288 new rows into day_ahead_prices.
2026-05-11 19:20:38,436 - INFO - Fetching actual load from 2026-02-24 00:00:00+01:00 to 2026-02-27 00:00:00+01:00
2026-05-11 19:20:39,346 - INFO - Inserted 288 new rows into actual_load.
2026-05-11 19:20:39,346 - INFO - Fetching generation mix from 2026-02-24 00:00:00+01:00 to 2026-02-27 00:00:00+01:00
2026-05-11 19:20:43,447 - INFO - Inserted 288 new rows into generation_mix.
2026-05-11 19:20:43,447 - INFO - Fetching Open-Meteo data from 2026-02-24 to 2026-02-27
2026-05-11 19:20:44,138 - INFO - Inserted 288 new rows into weather_data.
2026-05-11 19:20:49,140 - INFO - Fetching DA prices from 2026-02-27 00:00:00+01:00 to 2026-03-02 00:00:00+01:00
2026-05-11 19:20:50,049 - INFO - Inserted 288 new rows into day_ahead_prices.
2026-05-11 19:20:50,049 - INFO - Fetching actual load from 2026-02-27 00:00:00+01:00 to 2026-03-02 00:00:00+01:00
2026-05-11 19:20:50,886 - INFO - Inserted 288 new rows into actual_load.
2026-05-11 19:20:50,887 - INFO - Fetching generation mix from 2026-02-27 00:00:00+01:00 to 2026-03-02 00:00:00+01:00
2026-05-11 19:20:54,620 - INFO - Inserted 288 new rows into generation_mix.
2026-05-11 19:20:54,621 - INFO - Fetching Open-Meteo data from 2026-02-27 to 2026-03-02
2026-05-11 19:20:55,189 - INFO - Inserted 288 new rows into weather_data.
2026-05-11 19:21:00,191 - INFO - Fetching DA prices from 2026-03-02 00:00:00+01:00 to 2026-03-05 00:00:00+01:00
2026-05-11 19:21:03,457 - INFO - Inserted 288 new rows into day_ahead_prices.
2026-05-11 19:21:03,457 - INFO - Fetching actual load from 2026-03-02 00:00:00+01:00 to 2026-03-05 00:00:00+01:00
2026-05-11 19:21:04,869 - INFO - Inserted 288 new rows into actual_load.
2026-05-11 19:21:04,870 - INFO - Fetching generation mix from 2026-03-02 00:00:00+01:00 to 2026-03-05 00:00:00+01:00
2026-05-11 19:21:09,478 - INFO - Inserted 288 new rows into generation_mix.
2026-05-11 19:21:09,480 - INFO - Fetching Open-Meteo data from 2026-03-02 to 2026-03-05
2026-05-11 19:21:10,084 - INFO - Inserted 288 new rows into weather_data.
2026-05-11 19:21:15,086 - INFO - Fetching DA prices from 2026-03-05 00:00:00+01:00 to 2026-03-08 00:00:00+01:00
2026-05-11 19:21:16,174 - INFO - Inserted 288 new rows into day_ahead_prices.
2026-05-11 19:21:16,175 - INFO - Fetching actual load from 2026-03-05 00:00:00+01:00 to 2026-03-08 00:00:00+01:00
2026-05-11 19:21:17,075 - INFO - Inserted 288 new rows into actual_load.
2026-05-11 19:21:17,076 - INFO - Fetching generation mix from 2026-03-05 00:00:00+01:00 to 2026-03-08 00:00:00+01:00
2026-05-11 19:21:24,268 - INFO - Inserted 288 new rows into generation_mix.
2026-05-11 19:21:24,269 - INFO - Fetching Open-Meteo data from 2026-03-05 to 2026-03-08
2026-05-11 19:21:24,903 - INFO - Inserted 288 new rows into weather_data.
2026-05-11 19:21:29,906 - INFO - Fetching DA prices from 2026-03-08 00:00:00+01:00 to 2026-03-11 00:00:00+01:00
2026-05-11 19:21:31,347 - INFO - Inserted 288 new rows into day_ahead_prices.
2026-05-11 19:21:31,347 - INFO - Fetching actual load from 2026-03-08 00:00:00+01:00 to 2026-03-11 00:00:00+01:00
2026-05-11 19:21:38,555 - INFO - Inserted 288 new rows into actual_load.
2026-05-11 19:21:38,555 - INFO - Fetching generation mix from 2026-03-08 00:00:00+01:00 to 2026-03-11 00:00:00+01:00
2026-05-11 19:21:41,367 - INFO - Inserted 288 new rows into generation_mix.
2026-05-11 19:21:41,368 - INFO - Fetching Open-Meteo data from 2026-03-08 to 2026-03-11
2026-05-11 19:21:42,023 - INFO - Inserted 288 new rows into weather_data.
2026-05-11 19:21:47,025 - INFO - Fetching DA prices from 2026-03-11 00:00:00+01:00 to 2026-03-14 00:00:00+01:00
2026-05-11 19:21:48,008 - INFO - Inserted 288 new rows into day_ahead_prices.
2026-05-11 19:21:48,009 - INFO - Fetching actual load from 2026-03-11 00:00:00+01:00 to 2026-03-14 00:00:00+01:00
2026-05-11 19:21:49,198 - INFO - Inserted 288 new rows into actual_load.
2026-05-11 19:21:49,199 - INFO - Fetching generation mix from 2026-03-11 00:00:00+01:00 to 2026-03-14 00:00:00+01:00
2026-05-11 19:21:52,624 - INFO - Inserted 288 new rows into generation_mix.
2026-05-11 19:21:52,625 - INFO - Fetching Open-Meteo data from 2026-03-11 to 2026-03-14
2026-05-11 19:21:53,282 - INFO - Inserted 288 new rows into weather_data.
2026-05-11 19:21:58,284 - INFO - Fetching DA prices from 2026-03-14 00:00:00+01:00 to 2026-03-17 00:00:00+01:00
2026-05-11 19:22:03,659 - INFO - Inserted 288 new rows into day_ahead_prices.
2026-05-11 19:22:03,659 - INFO - Fetching actual load from 2026-03-14 00:00:00+01:00 to 2026-03-17 00:00:00+01:00
2026-05-11 19:22:04,771 - INFO - Inserted 288 new rows into actual_load.
2026-05-11 19:22:04,771 - INFO - Fetching generation mix from 2026-03-14 00:00:00+01:00 to 2026-03-17 00:00:00+01:00
2026-05-11 19:22:10,517 - INFO - Inserted 288 new rows into generation_mix.
2026-05-11 19:22:10,518 - INFO - Fetching Open-Meteo data from 2026-03-14 to 2026-03-17
2026-05-11 19:22:11,263 - INFO - Inserted 288 new rows into weather_data.
2026-05-11 19:22:16,266 - INFO - Fetching DA prices from 2026-03-17 00:00:00+01:00 to 2026-03-20 00:00:00+01:00
2026-05-11 19:22:17,295 - INFO - Inserted 288 new rows into day_ahead_prices.
2026-05-11 19:22:17,295 - INFO - Fetching actual load from 2026-03-17 00:00:00+01:00 to 2026-03-20 00:00:00+01:00
2026-05-11 19:22:18,284 - INFO - Inserted 288 new rows into actual_load.
2026-05-11 19:22:18,285 - INFO - Fetching generation mix from 2026-03-17 00:00:00+01:00 to 2026-03-20 00:00:00+01:00
2026-05-11 19:22:21,375 - INFO - Inserted 288 new rows into generation_mix.
2026-05-11 19:22:21,376 - INFO - Fetching Open-Meteo data from 2026-03-17 to 2026-03-20
2026-05-11 19:22:21,922 - INFO - Inserted 288 new rows into weather_data.
2026-05-11 19:22:26,924 - INFO - Fetching DA prices from 2026-03-20 00:00:00+01:00 to 2026-03-23 00:00:00+01:00
2026-05-11 19:22:27,949 - INFO - Inserted 288 new rows into day_ahead_prices.
2026-05-11 19:22:27,950 - INFO - Fetching actual load from 2026-03-20 00:00:00+01:00 to 2026-03-23 00:00:00+01:00
2026-05-11 19:22:31,731 - INFO - Inserted 288 new rows into actual_load.
2026-05-11 19:22:31,732 - INFO - Fetching generation mix from 2026-03-20 00:00:00+01:00 to 2026-03-23 00:00:00+01:00
2026-05-11 19:22:35,343 - INFO - Inserted 288 new rows into generation_mix.
2026-05-11 19:22:35,344 - INFO - Fetching Open-Meteo data from 2026-03-20 to 2026-03-23
2026-05-11 19:22:36,079 - INFO - Inserted 288 new rows into weather_data.
2026-05-11 19:22:41,081 - INFO - Fetching DA prices from 2026-03-23 00:00:00+01:00 to 2026-03-26 00:00:00+01:00
2026-05-11 19:22:46,260 - INFO - Inserted 288 new rows into day_ahead_prices.
2026-05-11 19:22:46,261 - INFO - Fetching actual load from 2026-03-23 00:00:00+01:00 to 2026-03-26 00:00:00+01:00
2026-05-11 19:22:48,133 - INFO - Inserted 288 new rows into actual_load.
2026-05-11 19:22:48,133 - INFO - Fetching generation mix from 2026-03-23 00:00:00+01:00 to 2026-03-26 00:00:00+01:00
2026-05-11 19:22:53,487 - INFO - Inserted 288 new rows into generation_mix.
2026-05-11 19:22:53,488 - INFO - Fetching Open-Meteo data from 2026-03-23 to 2026-03-26
2026-05-11 19:22:54,139 - INFO - Inserted 288 new rows into weather_data.
2026-05-11 19:22:59,141 - INFO - Fetching DA prices from 2026-03-26 00:00:00+01:00 to 2026-03-30 00:00:00+02:00
2026-05-11 19:23:03,151 - INFO - Inserted 380 new rows into day_ahead_prices.
2026-05-11 19:23:03,152 - INFO - Fetching actual load from 2026-03-26 00:00:00+01:00 to 2026-03-30 00:00:00+02:00
2026-05-11 19:23:04,797 - INFO - Inserted 380 new rows into actual_load.
2026-05-11 19:23:04,797 - INFO - Fetching generation mix from 2026-03-26 00:00:00+01:00 to 2026-03-30 00:00:00+02:00
2026-05-11 19:23:10,024 - INFO - Inserted 380 new rows into generation_mix.
2026-05-11 19:23:10,025 - INFO - Fetching Open-Meteo data from 2026-03-26 to 2026-03-30
2026-05-11 19:23:10,715 - INFO - Inserted 384 new rows into weather_data.
2026-05-11 19:23:15,717 - INFO - Fetching DA prices from 2026-03-30 00:00:00+02:00 to 2026-04-02 00:00:00+02:00
2026-05-11 19:23:18,015 - INFO - Inserted 288 new rows into day_ahead_prices.
2026-05-11 19:23:18,015 - INFO - Fetching actual load from 2026-03-30 00:00:00+02:00 to 2026-04-02 00:00:00+02:00
2026-05-11 19:23:19,320 - INFO - Inserted 288 new rows into actual_load.
2026-05-11 19:23:19,321 - INFO - Fetching generation mix from 2026-03-30 00:00:00+02:00 to 2026-04-02 00:00:00+02:00
2026-05-11 19:23:22,457 - INFO - Inserted 288 new rows into generation_mix.
2026-05-11 19:23:22,457 - INFO - Fetching Open-Meteo data from 2026-03-30 to 2026-04-02
2026-05-11 19:23:23,151 - INFO - Inserted 288 new rows into weather_data.
2026-05-11 19:23:28,154 - INFO - Fetching DA prices from 2026-04-02 00:00:00+02:00 to 2026-04-05 00:00:00+02:00
2026-05-11 19:23:31,452 - INFO - Inserted 288 new rows into day_ahead_prices.
2026-05-11 19:23:31,453 - INFO - Fetching actual load from 2026-04-02 00:00:00+02:00 to 2026-04-05 00:00:00+02:00
2026-05-11 19:23:33,442 - INFO - Inserted 288 new rows into actual_load.
2026-05-11 19:23:33,443 - INFO - Fetching generation mix from 2026-04-02 00:00:00+02:00 to 2026-04-05 00:00:00+02:00
2026-05-11 19:23:38,476 - INFO - Inserted 288 new rows into generation_mix.
2026-05-11 19:23:38,477 - INFO - Fetching Open-Meteo data from 2026-04-02 to 2026-04-05
2026-05-11 19:23:39,045 - INFO - Inserted 288 new rows into weather_data.
2026-05-11 19:23:44,048 - INFO - Fetching DA prices from 2026-04-05 00:00:00+02:00 to 2026-04-08 00:00:00+02:00
2026-05-11 19:23:46,471 - INFO - Inserted 288 new rows into day_ahead_prices.
2026-05-11 19:23:46,472 - INFO - Fetching actual load from 2026-04-05 00:00:00+02:00 to 2026-04-08 00:00:00+02:00
2026-05-11 19:23:47,061 - INFO - Inserted 288 new rows into actual_load.
2026-05-11 19:23:47,062 - INFO - Fetching generation mix from 2026-04-05 00:00:00+02:00 to 2026-04-08 00:00:00+02:00
2026-05-11 19:23:49,969 - INFO - Inserted 288 new rows into generation_mix.
2026-05-11 19:23:49,970 - INFO - Fetching Open-Meteo data from 2026-04-05 to 2026-04-08
2026-05-11 19:23:50,482 - INFO - Inserted 288 new rows into weather_data.
2026-05-11 19:23:55,485 - INFO - Fetching DA prices from 2026-04-08 00:00:00+02:00 to 2026-04-11 00:00:00+02:00
2026-05-11 19:23:56,480 - INFO - Inserted 287 new rows into day_ahead_prices.
2026-05-11 19:23:56,481 - INFO - Fetching actual load from 2026-04-08 00:00:00+02:00 to 2026-04-11 00:00:00+02:00
2026-05-11 19:23:58,836 - INFO - Inserted 288 new rows into actual_load.
2026-05-11 19:23:58,837 - INFO - Fetching generation mix from 2026-04-08 00:00:00+02:00 to 2026-04-11 00:00:00+02:00
2026-05-11 19:24:01,692 - INFO - Inserted 288 new rows into generation_mix.
2026-05-11 19:24:01,693 - INFO - Fetching Open-Meteo data from 2026-04-08 to 2026-04-11
2026-05-11 19:24:02,399 - INFO - Inserted 192 new rows into weather_data.
2026-05-11 19:24:07,402 - INFO - Fetching DA prices from 2026-04-11 00:00:00+02:00 to 2026-04-14 00:00:00+02:00
2026-05-11 19:24:09,895 - INFO - Fetching actual load from 2026-04-11 00:00:00+02:00 to 2026-04-14 00:00:00+02:00
2026-05-11 19:24:11,914 - INFO - Fetching generation mix from 2026-04-11 00:00:00+02:00 to 2026-04-14 00:00:00+02:00
2026-05-11 19:24:15,345 - INFO - Inserted 96 new rows into generation_mix.
2026-05-11 19:24:15,346 - INFO - Fetching Open-Meteo data from 2026-04-11 to 2026-04-14
2026-05-11 19:24:20,751 - INFO - Fetching DA prices from 2026-04-14 00:00:00+02:00 to 2026-04-17 00:00:00+02:00
2026-05-11 19:24:23,504 - INFO - Fetching actual load from 2026-04-14 00:00:00+02:00 to 2026-04-17 00:00:00+02:00
2026-05-11 19:24:24,014 - INFO - Fetching generation mix from 2026-04-14 00:00:00+02:00 to 2026-04-17 00:00:00+02:00
2026-05-11 19:24:27,285 - INFO - Fetching Open-Meteo data from 2026-04-14 to 2026-04-17
2026-05-11 19:24:32,758 - INFO - Fetching DA prices from 2026-04-17 00:00:00+02:00 to 2026-04-20 00:00:00+02:00
2026-05-11 19:24:33,824 - INFO - Fetching actual load from 2026-04-17 00:00:00+02:00 to 2026-04-20 00:00:00+02:00
2026-05-11 19:24:35,339 - INFO - Fetching generation mix from 2026-04-17 00:00:00+02:00 to 2026-04-20 00:00:00+02:00
2026-05-11 19:24:38,662 - INFO - Fetching Open-Meteo data from 2026-04-17 to 2026-04-20
2026-05-11 19:24:44,121 - INFO - Fetching DA prices from 2026-04-20 00:00:00+02:00 to 2026-04-23 00:00:00+02:00
2026-05-11 19:24:45,110 - INFO - Fetching actual load from 2026-04-20 00:00:00+02:00 to 2026-04-23 00:00:00+02:00
2026-05-11 19:24:45,640 - INFO - Fetching generation mix from 2026-04-20 00:00:00+02:00 to 2026-04-23 00:00:00+02:00
2026-05-11 19:24:48,572 - INFO - Fetching Open-Meteo data from 2026-04-20 to 2026-04-23
2026-05-11 19:24:54,050 - INFO - Fetching DA prices from 2026-04-23 00:00:00+02:00 to 2026-04-26 00:00:00+02:00
2026-05-11 19:24:54,848 - INFO - Fetching actual load from 2026-04-23 00:00:00+02:00 to 2026-04-26 00:00:00+02:00
2026-05-11 19:24:55,335 - INFO - Fetching generation mix from 2026-04-23 00:00:00+02:00 to 2026-04-26 00:00:00+02:00
2026-05-11 19:24:57,765 - INFO - Fetching Open-Meteo data from 2026-04-23 to 2026-04-26
2026-05-11 19:25:03,279 - INFO - Fetching DA prices from 2026-04-26 00:00:00+02:00 to 2026-04-29 00:00:00+02:00
2026-05-11 19:25:09,791 - INFO - Fetching actual load from 2026-04-26 00:00:00+02:00 to 2026-04-29 00:00:00+02:00
2026-05-11 19:25:12,551 - INFO - Fetching generation mix from 2026-04-26 00:00:00+02:00 to 2026-04-29 00:00:00+02:00
2026-05-11 19:25:15,884 - INFO - Fetching Open-Meteo data from 2026-04-26 to 2026-04-29
2026-05-11 19:25:21,293 - INFO - Fetching DA prices from 2026-04-29 00:00:00+02:00 to 2026-05-02 00:00:00+02:00
2026-05-11 19:25:22,586 - INFO - Fetching actual load from 2026-04-29 00:00:00+02:00 to 2026-05-02 00:00:00+02:00
2026-05-11 19:25:23,286 - INFO - Fetching generation mix from 2026-04-29 00:00:00+02:00 to 2026-05-02 00:00:00+02:00
2026-05-11 19:25:26,917 - INFO - Fetching Open-Meteo data from 2026-04-29 to 2026-05-02
2026-05-11 19:25:32,341 - INFO - Fetching DA prices from 2026-05-02 00:00:00+02:00 to 2026-05-05 00:00:00+02:00
2026-05-11 19:25:34,339 - INFO - Fetching actual load from 2026-05-02 00:00:00+02:00 to 2026-05-05 00:00:00+02:00
2026-05-11 19:25:35,060 - INFO - Fetching generation mix from 2026-05-02 00:00:00+02:00 to 2026-05-05 00:00:00+02:00
2026-05-11 19:25:38,295 - INFO - Fetching Open-Meteo data from 2026-05-02 to 2026-05-05
2026-05-11 19:25:43,699 - INFO - Fetching DA prices from 2026-05-05 00:00:00+02:00 to 2026-05-08 00:00:00+02:00
2026-05-11 19:25:46,718 - INFO - Fetching actual load from 2026-05-05 00:00:00+02:00 to 2026-05-08 00:00:00+02:00
2026-05-11 19:25:47,486 - INFO - Fetching generation mix from 2026-05-05 00:00:00+02:00 to 2026-05-08 00:00:00+02:00
2026-05-11 19:25:50,839 - INFO - Fetching Open-Meteo data from 2026-05-05 to 2026-05-08
2026-05-11 19:25:56,321 - INFO - Fetching DA prices from 2026-05-08 00:00:00+02:00 to 2026-05-11 00:00:00+02:00
2026-05-11 19:25:57,844 - INFO - Fetching actual load from 2026-05-08 00:00:00+02:00 to 2026-05-11 00:00:00+02:00
2026-05-11 19:25:59,338 - INFO - Inserted 42 new rows into actual_load.
2026-05-11 19:25:59,339 - INFO - Fetching generation mix from 2026-05-08 00:00:00+02:00 to 2026-05-11 00:00:00+02:00
2026-05-11 19:26:02,929 - INFO - Fetching Open-Meteo data from 2026-05-08 to 2026-05-11
2026-05-11 19:26:08,387 - INFO - Fetching DA prices from 2026-05-11 00:00:00+02:00 to 2026-05-12 00:00:00+02:00
2026-05-11 19:26:09,714 - INFO - Inserted 96 new rows into day_ahead_prices.
2026-05-11 19:26:09,714 - INFO - Fetching actual load from 2026-05-11 00:00:00+02:00 to 2026-05-12 00:00:00+02:00
2026-05-11 19:26:10,423 - INFO - Inserted 56 new rows into actual_load.
2026-05-11 19:26:10,424 - INFO - Fetching generation mix from 2026-05-11 00:00:00+02:00 to 2026-05-12 00:00:00+02:00
2026-05-11 19:26:11,433 - INFO - Inserted 22 new rows into generation_mix.
2026-05-11 19:26:11,434 - INFO - Fetching Open-Meteo data from 2026-05-11 to 2026-05-12
2026-05-11 19:26:12,001 - INFO - Inserted 96 new rows into weather_data.
2026-05-11 20:09:26,393 - INFO - Inserted 3 new rows into generation_mix.
2026-05-14 22:38:27,263 - INFO - === STARTING DAILY PIPELINE RUN ===
2026-05-14 22:38:27,304 - INFO - Fetching DA prices from 2026-05-13 00:00:00+02:00 to 2026-05-16 00:00:00+02:00
2026-05-14 22:38:33,158 - INFO - Inserted 95 new rows into day_ahead_prices.
2026-05-14 22:38:33,158 - INFO - Fetching actual load from 2026-05-13 00:00:00+02:00 to 2026-05-16 00:00:00+02:00
2026-05-14 22:38:33,835 - INFO - Inserted 19 new rows into actual_load.
2026-05-14 22:38:33,836 - INFO - Fetching generation mix from 2026-05-13 00:00:00+02:00 to 2026-05-16 00:00:00+02:00
2026-05-14 22:38:35,806 - INFO - Inserted 19 new rows into generation_mix.
2026-05-14 22:38:35,807 - INFO - Fetching Open-Meteo data from 2026-05-13 to 2026-05-16
2026-05-14 22:38:38,620 - INFO - Inserted 96 new rows into weather_data.
2026-05-14 22:38:38,620 - INFO - === PIPELINE RUN COMPLETE ===
2026-05-16 17:30:03,320 - INFO - === STARTING DAILY PIPELINE RUN ===
2026-05-16 17:30:03,363 - INFO - Fetching DA prices from 2026-05-15 00:00:00+02:00 to 2026-05-18 00:00:00+02:00
2026-05-16 17:30:42,972 - ERROR - ENTSO-E Fetcher failed for 20260515 to 20260518: 503 Server Error: Service Unavailable for url: https://web-api.tp.entsoe.eu/api?documentType=A44&in_Domain=10Y1001A1001A82H&out_Domain=10Y1001A1001A82H&offset=100&contract_MarketAgreement.type=A01&classificationSequence_AttributeInstanceComponent.position=1&securityToken=599e95d4-4601-41e5-bf48-ed4db1d9190d&periodStart=202605132200&periodEnd=202605182200
2026-05-16 17:30:44,973 - INFO - Fetching DA prices from 2026-05-15 00:00:00+02:00 to 2026-05-18 00:00:00+02:00
2026-05-16 17:30:45,934 - ERROR - ENTSO-E Fetcher failed for 20260515 to 20260518: 503 Server Error: Service Unavailable for url: https://web-api.tp.entsoe.eu/api?documentType=A44&in_Domain=10Y1001A1001A82H&out_Domain=10Y1001A1001A82H&offset=0&contract_MarketAgreement.type=A01&classificationSequence_AttributeInstanceComponent.position=1&securityToken=599e95d4-4601-41e5-bf48-ed4db1d9190d&periodStart=202605132200&periodEnd=202605182200
2026-05-16 17:30:49,936 - INFO - Fetching DA prices from 2026-05-15 00:00:00+02:00 to 2026-05-18 00:00:00+02:00
2026-05-16 17:30:50,545 - ERROR - ENTSO-E Fetcher failed for 20260515 to 20260518: 503 Server Error: Service Unavailable for url: https://web-api.tp.entsoe.eu/api?documentType=A44&in_Domain=10Y1001A1001A82H&out_Domain=10Y1001A1001A82H&offset=0&contract_MarketAgreement.type=A01&classificationSequence_AttributeInstanceComponent.position=1&securityToken=599e95d4-4601-41e5-bf48-ed4db1d9190d&periodStart=202605132200&periodEnd=202605182200
2026-05-16 17:30:58,547 - INFO - Fetching DA prices from 2026-05-15 00:00:00+02:00 to 2026-05-18 00:00:00+02:00
2026-05-16 17:31:14,315 - INFO - Inserted 96 new rows into day_ahead_prices.
2026-05-16 17:31:14,316 - INFO - Fetching actual load from 2026-05-15 00:00:00+02:00 to 2026-05-18 00:00:00+02:00
2026-05-16 17:31:14,980 - INFO - Inserted 18 new rows into actual_load.
2026-05-16 17:31:14,981 - INFO - Fetching generation mix from 2026-05-15 00:00:00+02:00 to 2026-05-18 00:00:00+02:00
2026-05-16 17:31:20,567 - INFO - Inserted 18 new rows into generation_mix.
2026-05-16 17:31:20,568 - INFO - Fetching Open-Meteo data from 2026-05-15 to 2026-05-18
2026-05-16 17:31:22,286 - INFO - === PIPELINE RUN COMPLETE ===
2026-05-18 17:30:13,223 - INFO - === STARTING DAILY PIPELINE RUN ===
2026-05-18 17:30:13,225 - INFO - Fetching DA prices from 2026-05-17 00:00:00+02:00 to 2026-05-20 00:00:00+02:00
2026-05-18 17:31:24,257 - INFO - Inserted 96 new rows into day_ahead_prices.
2026-05-18 17:31:24,258 - INFO - Fetching actual load from 2026-05-17 00:00:00+02:00 to 2026-05-20 00:00:00+02:00
2026-05-18 17:32:35,155 - INFO - Inserted 72 new rows into actual_load.
2026-05-18 17:32:35,156 - INFO - Fetching generation mix from 2026-05-17 00:00:00+02:00 to 2026-05-20 00:00:00+02:00
2026-05-18 17:32:43,508 - INFO - Inserted 72 new rows into generation_mix.
2026-05-18 17:32:43,509 - INFO - Fetching Open-Meteo data from 2026-05-17 to 2026-05-20
2026-05-18 17:32:46,436 - INFO - Inserted 96 new rows into weather_data.
2026-05-18 17:32:46,436 - INFO - === PIPELINE RUN COMPLETE ===
2026-05-18 22:22:38,540 - INFO - === STARTING DAILY PIPELINE RUN ===
2026-05-18 22:22:38,540 - INFO - Fetching DA prices from 2026-05-17 00:00:00+02:00 to 2026-05-20 00:00:00+02:00
2026-05-18 22:22:40,748 - INFO - Fetching actual load from 2026-05-17 00:00:00+02:00 to 2026-05-20 00:00:00+02:00
2026-05-18 22:22:41,599 - INFO - Inserted 21 new rows into actual_load.
2026-05-18 22:22:41,600 - INFO - Fetching generation mix from 2026-05-17 00:00:00+02:00 to 2026-05-20 00:00:00+02:00
2026-05-18 22:22:42,865 - INFO - Inserted 21 new rows into generation_mix.
2026-05-18 22:22:42,865 - INFO - Fetching Open-Meteo data from 2026-05-17 to 2026-05-20
2026-05-18 22:22:45,400 - INFO - === PIPELINE RUN COMPLETE ===
2026-05-20 17:18:38,207 - INFO - === STARTING DAILY PIPELINE RUN ===
2026-05-20 17:18:38,217 - INFO - Fetching DA prices from 2026-05-19 00:00:00+02:00 to 2026-05-22 00:00:00+02:00
2026-05-20 17:18:40,391 - INFO - Fetching actual load from 2026-05-19 00:00:00+02:00 to 2026-05-22 00:00:00+02:00
2026-05-20 17:18:41,041 - INFO - Inserted 1 new rows into actual_load.
2026-05-20 17:18:41,041 - INFO - Fetching generation mix from 2026-05-19 00:00:00+02:00 to 2026-05-22 00:00:00+02:00
2026-05-20 17:18:42,494 - INFO - Inserted 1 new rows into generation_mix.
2026-05-20 17:18:42,494 - INFO - Fetching Open-Meteo data from 2026-05-19 to 2026-05-22
2026-05-20 17:18:44,095 - INFO - === PIPELINE RUN COMPLETE ===
2026-05-20 17:30:08,182 - INFO - === STARTING DAILY PIPELINE RUN ===
2026-05-20 17:30:08,183 - INFO - Fetching DA prices from 2026-05-19 00:00:00+02:00 to 2026-05-22 00:00:00+02:00
2026-05-20 17:30:59,169 - ERROR - ENTSO-E Fetcher failed for 20260519 to 20260522: 503 Server Error: Service Unavailable for url: https://web-api.tp.entsoe.eu/api?documentType=A44&in_Domain=10Y1001A1001A82H&out_Domain=10Y1001A1001A82H&offset=100&contract_MarketAgreement.type=A01&classificationSequence_AttributeInstanceComponent.position=1&securityToken=c174a659-4f7d-4fcc-8ff1-3dae26733c29&periodStart=202605172200&periodEnd=202605222200
2026-05-20 17:31:01,170 - INFO - Fetching DA prices from 2026-05-19 00:00:00+02:00 to 2026-05-22 00:00:00+02:00
2026-05-20 17:31:02,740 - ERROR - ENTSO-E Fetcher failed for 20260519 to 20260522: 503 Server Error: Service Unavailable for url: https://web-api.tp.entsoe.eu/api?documentType=A44&in_Domain=10Y1001A1001A82H&out_Domain=10Y1001A1001A82H&offset=0&contract_MarketAgreement.type=A01&classificationSequence_AttributeInstanceComponent.position=1&securityToken=c174a659-4f7d-4fcc-8ff1-3dae26733c29&periodStart=202605172200&periodEnd=202605222200
2026-05-20 17:31:06,742 - INFO - Fetching DA prices from 2026-05-19 00:00:00+02:00 to 2026-05-22 00:00:00+02:00
2026-05-20 17:31:09,196 - ERROR - ENTSO-E Fetcher failed for 20260519 to 20260522: 503 Server Error: Service Unavailable for url: https://web-api.tp.entsoe.eu/api?documentType=A44&in_Domain=10Y1001A1001A82H&out_Domain=10Y1001A1001A82H&offset=0&contract_MarketAgreement.type=A01&classificationSequence_AttributeInstanceComponent.position=1&securityToken=c174a659-4f7d-4fcc-8ff1-3dae26733c29&periodStart=202605172200&periodEnd=202605222200
2026-05-20 17:31:17,198 - INFO - Fetching DA prices from 2026-05-19 00:00:00+02:00 to 2026-05-22 00:00:00+02:00
2026-05-20 17:31:27,263 - INFO - Inserted 96 new rows into day_ahead_prices.
2026-05-20 17:31:27,263 - INFO - Fetching actual load from 2026-05-19 00:00:00+02:00 to 2026-05-22 00:00:00+02:00
2026-05-20 17:31:29,150 - INFO - Inserted 1 new rows into actual_load.
2026-05-20 17:31:29,150 - INFO - Fetching generation mix from 2026-05-19 00:00:00+02:00 to 2026-05-22 00:00:00+02:00
2026-05-20 17:31:39,136 - INFO - Inserted 1 new rows into generation_mix.
2026-05-20 17:31:39,137 - INFO - Fetching Open-Meteo data from 2026-05-19 to 2026-05-22
2026-05-20 17:31:39,230 - INFO - === PIPELINE RUN COMPLETE ===
2026-05-21 01:08:25,410 - INFO - === STARTING DAILY PIPELINE RUN ===
2026-05-21 01:08:25,463 - INFO - Fetching DA prices from 2026-05-19 00:00:00+02:00 to 2026-05-22 00:00:00+02:00
2026-05-21 01:08:27,258 - INFO - Fetching actual load from 2026-05-19 00:00:00+02:00 to 2026-05-22 00:00:00+02:00
2026-05-21 01:08:27,564 - INFO - Fetching generation mix from 2026-05-19 00:00:00+02:00 to 2026-05-22 00:00:00+02:00
2026-05-21 01:08:29,050 - INFO - Inserted 8 new rows into generation_mix.
2026-05-21 01:08:29,050 - INFO - Fetching Open-Meteo data from 2026-05-19 to 2026-05-22
2026-05-21 01:08:30,341 - INFO - === PIPELINE RUN COMPLETE ===
2026-05-21 01:16:42,202 - INFO - === STARTING DAILY PIPELINE RUN ===
2026-05-21 01:16:42,229 - INFO - Fetching DA prices from 2026-05-19 00:00:00+02:00 to 2026-05-22 00:00:00+02:00
2026-05-21 01:16:43,985 - INFO - Fetching actual load from 2026-05-19 00:00:00+02:00 to 2026-05-22 00:00:00+02:00
2026-05-21 01:16:44,317 - INFO - Fetching generation mix from 2026-05-19 00:00:00+02:00 to 2026-05-22 00:00:00+02:00
2026-05-21 01:16:45,537 - INFO - Fetching Open-Meteo data from 2026-05-19 to 2026-05-22
2026-05-21 01:16:45,593 - INFO - === PIPELINE RUN COMPLETE ===
2026-05-21 01:20:41,980 - INFO - === STARTING DAILY PIPELINE RUN ===
2026-05-21 01:20:41,980 - INFO - Fetching DA prices from 2026-05-19 00:00:00+02:00 to 2026-05-22 00:00:00+02:00
2026-05-21 01:20:43,194 - INFO - Fetching actual load from 2026-05-19 00:00:00+02:00 to 2026-05-20 21:50:41.980731+02:00
2026-05-21 01:20:43,851 - INFO - Fetching generation mix from 2026-05-19 00:00:00+02:00 to 2026-05-20 21:50:41.980731+02:00
2026-05-21 01:20:44,973 - INFO - Fetching Open-Meteo data from 2026-05-19 to 2026-05-22
2026-05-21 01:20:44,988 - INFO - === PIPELINE RUN COMPLETE ===
2026-05-21 01:23:16,197 - INFO - === STARTING DAILY PIPELINE RUN ===
2026-05-21 01:23:16,197 - INFO - Fetching DA prices from 2026-05-19 00:00:00+02:00 to 2026-05-22 00:00:00+02:00
2026-05-21 01:23:17,410 - INFO - Fetching actual load from 2026-05-19 00:00:00+02:00 to 2026-05-20 21:53:16.197628+02:00
2026-05-21 01:23:17,839 - INFO - Fetching generation mix from 2026-05-19 00:00:00+02:00 to 2026-05-20 21:53:16.197628+02:00
2026-05-21 01:23:19,447 - INFO - Inserted 1 new rows into generation_mix.
2026-05-21 01:23:19,448 - INFO - Fetching Open-Meteo data from 2026-05-19 to 2026-05-22
2026-05-21 01:23:19,474 - INFO - === PIPELINE RUN COMPLETE ===
2026-05-21 01:23:45,155 - INFO - Fetching DA prices from 2024-05-21 00:00:00+02:00 to 2024-05-24 00:00:00+02:00
2026-05-21 01:23:46,410 - INFO - Fetching actual load from 2024-05-21 00:00:00+02:00 to 2024-05-24 00:00:00+02:00
2026-05-21 01:23:46,781 - INFO - Fetching generation mix from 2024-05-21 00:00:00+02:00 to 2024-05-24 00:00:00+02:00
2026-05-21 01:23:48,379 - INFO - Fetching Open-Meteo data from 2024-05-21 to 2024-05-24
2026-05-21 02:00:09,683 - INFO - Fetching DA prices from 2024-05-21 00:00:00+02:00 to 2024-05-24 00:00:00+02:00
2026-05-21 02:00:31,220 - ERROR - ENTSO-E Fetcher failed for 20240521 to 20240524: (sqlite3.OperationalError) no such table: day_ahead_prices
[SQL: SELECT timestamp FROM day_ahead_prices WHERE timestamp >= '2024-05-21 00:00:00' AND timestamp <= '2024-05-24 00:00:00']
(Background on this error at: https://sqlalche.me/e/20/e3q8)
2026-05-21 02:00:33,220 - INFO - Fetching DA prices from 2024-05-21 00:00:00+02:00 to 2024-05-24 00:00:00+02:00
2026-05-21 02:00:42,171 - ERROR - ENTSO-E Fetcher failed for 20240521 to 20240524: (sqlite3.OperationalError) no such table: day_ahead_prices
[SQL: SELECT timestamp FROM day_ahead_prices WHERE timestamp >= '2024-05-21 00:00:00' AND timestamp <= '2024-05-24 00:00:00']
(Background on this error at: https://sqlalche.me/e/20/e3q8)
2026-05-21 02:00:46,171 - INFO - Fetching DA prices from 2024-05-21 00:00:00+02:00 to 2024-05-24 00:00:00+02:00
2026-05-21 02:00:49,776 - ERROR - ENTSO-E Fetcher failed for 20240521 to 20240524: (sqlite3.OperationalError) no such table: day_ahead_prices
[SQL: SELECT timestamp FROM day_ahead_prices WHERE timestamp >= '2024-05-21 00:00:00' AND timestamp <= '2024-05-24 00:00:00']
(Background on this error at: https://sqlalche.me/e/20/e3q8)
2026-05-21 02:00:57,776 - INFO - Fetching DA prices from 2024-05-21 00:00:00+02:00 to 2024-05-24 00:00:00+02:00
2026-05-21 02:00:58,380 - ERROR - ENTSO-E Fetcher failed for 20240521 to 20240524: (sqlite3.OperationalError) no such table: day_ahead_prices
[SQL: SELECT timestamp FROM day_ahead_prices WHERE timestamp >= '2024-05-21 00:00:00' AND timestamp <= '2024-05-24 00:00:00']
(Background on this error at: https://sqlalche.me/e/20/e3q8)
2026-05-21 02:01:14,381 - INFO - Fetching DA prices from 2024-05-21 00:00:00+02:00 to 2024-05-24 00:00:00+02:00
2026-05-21 02:01:15,251 - ERROR - ENTSO-E Fetcher failed for 20240521 to 20240524: (sqlite3.OperationalError) no such table: day_ahead_prices
[SQL: SELECT timestamp FROM day_ahead_prices WHERE timestamp >= '2024-05-21 00:00:00' AND timestamp <= '2024-05-24 00:00:00']
(Background on this error at: https://sqlalche.me/e/20/e3q8)
2026-05-21 02:03:27,615 - INFO - Fetching DA prices from 2024-05-21 00:00:00+02:00 to 2024-05-24 00:00:00+02:00
2026-05-21 02:03:29,382 - INFO - Inserted 289 new rows into day_ahead_prices.
2026-05-21 02:03:29,383 - INFO - Fetching actual load from 2024-05-21 00:00:00+02:00 to 2024-05-24 00:00:00+02:00
2026-05-21 02:03:29,883 - INFO - Inserted 288 new rows into actual_load.
2026-05-21 02:03:29,884 - INFO - Fetching generation mix from 2024-05-21 00:00:00+02:00 to 2024-05-24 00:00:00+02:00
2026-05-21 02:03:31,740 - INFO - Inserted 288 new rows into generation_mix.
2026-05-21 02:03:31,740 - INFO - Fetching Open-Meteo data from 2024-05-21 to 2024-05-24
2026-05-21 02:03:31,885 - INFO - Inserted 384 new rows into weather_data.
2026-05-21 02:03:36,887 - INFO - Fetching DA prices from 2024-05-24 00:00:00+02:00 to 2024-05-27 00:00:00+02:00
2026-05-21 02:03:37,813 - INFO - Inserted 288 new rows into day_ahead_prices.
2026-05-21 02:03:37,814 - INFO - Fetching actual load from 2024-05-24 00:00:00+02:00 to 2024-05-27 00:00:00+02:00
2026-05-21 02:03:38,292 - INFO - Inserted 288 new rows into actual_load.
2026-05-21 02:03:38,293 - INFO - Fetching generation mix from 2024-05-24 00:00:00+02:00 to 2024-05-27 00:00:00+02:00
2026-05-21 02:03:40,175 - INFO - Inserted 288 new rows into generation_mix.
2026-05-21 02:03:40,175 - INFO - Fetching Open-Meteo data from 2024-05-24 to 2024-05-27
2026-05-21 02:03:41,930 - INFO - Inserted 288 new rows into weather_data.
2026-05-21 02:03:46,932 - INFO - Fetching DA prices from 2024-05-27 00:00:00+02:00 to 2024-05-30 00:00:00+02:00
2026-05-21 02:03:47,669 - INFO - Inserted 288 new rows into day_ahead_prices.
2026-05-21 02:03:47,670 - INFO - Fetching actual load from 2024-05-27 00:00:00+02:00 to 2024-05-30 00:00:00+02:00
2026-05-21 02:03:48,426 - INFO - Inserted 288 new rows into actual_load.
2026-05-21 02:03:48,426 - INFO - Fetching generation mix from 2024-05-27 00:00:00+02:00 to 2024-05-30 00:00:00+02:00
2026-05-21 02:03:50,613 - INFO - Inserted 288 new rows into generation_mix.
2026-05-21 02:03:50,613 - INFO - Fetching Open-Meteo data from 2024-05-27 to 2024-05-30
2026-05-21 02:03:51,392 - INFO - Inserted 288 new rows into weather_data.
2026-05-21 02:03:56,393 - INFO - Fetching DA prices from 2024-05-30 00:00:00+02:00 to 2024-06-02 00:00:00+02:00
2026-05-21 02:03:57,421 - INFO - Inserted 288 new rows into day_ahead_prices.
2026-05-21 02:03:57,421 - INFO - Fetching actual load from 2024-05-30 00:00:00+02:00 to 2024-06-02 00:00:00+02:00
2026-05-21 02:03:57,944 - INFO - Inserted 288 new rows into actual_load.
2026-05-21 02:03:57,944 - INFO - Fetching generation mix from 2024-05-30 00:00:00+02:00 to 2024-06-02 00:00:00+02:00
2026-05-21 02:03:59,812 - INFO - Inserted 288 new rows into generation_mix.
2026-05-21 02:03:59,813 - INFO - Fetching Open-Meteo data from 2024-05-30 to 2024-06-02
2026-05-21 02:04:00,425 - INFO - Inserted 288 new rows into weather_data.
2026-05-21 02:04:05,426 - INFO - Fetching DA prices from 2024-06-02 00:00:00+02:00 to 2024-06-05 00:00:00+02:00
2026-05-21 02:04:06,144 - INFO - Inserted 288 new rows into day_ahead_prices.
2026-05-21 02:04:06,145 - INFO - Fetching actual load from 2024-06-02 00:00:00+02:00 to 2024-06-05 00:00:00+02:00
2026-05-21 02:04:06,723 - INFO - Inserted 288 new rows into actual_load.
2026-05-21 02:04:06,723 - INFO - Fetching generation mix from 2024-06-02 00:00:00+02:00 to 2024-06-05 00:00:00+02:00
2026-05-21 02:04:08,635 - INFO - Inserted 288 new rows into generation_mix.
2026-05-21 02:04:08,636 - INFO - Fetching Open-Meteo data from 2024-06-02 to 2024-06-05
2026-05-21 02:04:09,248 - INFO - Inserted 288 new rows into weather_data.
2026-05-21 02:04:14,249 - INFO - Fetching DA prices from 2024-06-05 00:00:00+02:00 to 2024-06-08 00:00:00+02:00
2026-05-21 02:04:15,000 - INFO - Inserted 288 new rows into day_ahead_prices.
2026-05-21 02:04:15,001 - INFO - Fetching actual load from 2024-06-05 00:00:00+02:00 to 2024-06-08 00:00:00+02:00
2026-05-21 02:04:15,546 - INFO - Inserted 288 new rows into actual_load.
2026-05-21 02:04:15,546 - INFO - Fetching generation mix from 2024-06-05 00:00:00+02:00 to 2024-06-08 00:00:00+02:00
2026-05-21 02:04:17,334 - INFO - Inserted 288 new rows into generation_mix.
2026-05-21 02:04:17,335 - INFO - Fetching Open-Meteo data from 2024-06-05 to 2024-06-08
2026-05-21 02:04:17,925 - INFO - Inserted 288 new rows into weather_data.
2026-05-21 02:04:22,927 - INFO - Fetching DA prices from 2024-06-08 00:00:00+02:00 to 2024-06-11 00:00:00+02:00
2026-05-21 02:04:23,923 - INFO - Inserted 288 new rows into day_ahead_prices.
2026-05-21 02:04:23,923 - INFO - Fetching actual load from 2024-06-08 00:00:00+02:00 to 2024-06-11 00:00:00+02:00
2026-05-21 02:04:24,560 - INFO - Inserted 288 new rows into actual_load.
2026-05-21 02:04:24,560 - INFO - Fetching generation mix from 2024-06-08 00:00:00+02:00 to 2024-06-11 00:00:00+02:00
2026-05-21 02:04:26,598 - INFO - Inserted 288 new rows into generation_mix.
2026-05-21 02:04:26,598 - INFO - Fetching Open-Meteo data from 2024-06-08 to 2024-06-11
2026-05-21 02:04:27,544 - INFO - Inserted 288 new rows into weather_data.
2026-05-21 02:04:32,545 - INFO - Fetching DA prices from 2024-06-11 00:00:00+02:00 to 2024-06-14 00:00:00+02:00
2026-05-21 02:04:33,311 - INFO - Inserted 288 new rows into day_ahead_prices.
2026-05-21 02:04:33,311 - INFO - Fetching actual load from 2024-06-11 00:00:00+02:00 to 2024-06-14 00:00:00+02:00
2026-05-21 02:04:33,846 - INFO - Inserted 288 new rows into actual_load.
2026-05-21 02:04:33,846 - INFO - Fetching generation mix from 2024-06-11 00:00:00+02:00 to 2024-06-14 00:00:00+02:00
2026-05-21 02:04:35,702 - INFO - Inserted 288 new rows into generation_mix.
2026-05-21 02:04:35,702 - INFO - Fetching Open-Meteo data from 2024-06-11 to 2024-06-14
2026-05-21 02:04:36,226 - INFO - Inserted 288 new rows into weather_data.
2026-05-21 02:04:41,227 - INFO - Fetching DA prices from 2024-06-14 00:00:00+02:00 to 2024-06-17 00:00:00+02:00
2026-05-21 02:04:42,067 - INFO - Inserted 288 new rows into day_ahead_prices.
2026-05-21 02:04:42,068 - INFO - Fetching actual load from 2024-06-14 00:00:00+02:00 to 2024-06-17 00:00:00+02:00
2026-05-21 02:04:42,590 - INFO - Inserted 288 new rows into actual_load.
2026-05-21 02:04:42,591 - INFO - Fetching generation mix from 2024-06-14 00:00:00+02:00 to 2024-06-17 00:00:00+02:00
2026-05-21 02:04:44,861 - INFO - Inserted 288 new rows into generation_mix.
2026-05-21 02:04:44,861 - INFO - Fetching Open-Meteo data from 2024-06-14 to 2024-06-17
2026-05-21 02:04:45,385 - INFO - Inserted 288 new rows into weather_data.
2026-05-21 02:04:50,386 - INFO - Fetching DA prices from 2024-06-17 00:00:00+02:00 to 2024-06-20 00:00:00+02:00
2026-05-21 02:04:51,286 - INFO - Inserted 288 new rows into day_ahead_prices.
2026-05-21 02:04:51,286 - INFO - Fetching actual load from 2024-06-17 00:00:00+02:00 to 2024-06-20 00:00:00+02:00
2026-05-21 02:04:51,776 - INFO - Inserted 288 new rows into actual_load.
2026-05-21 02:04:51,776 - INFO - Fetching generation mix from 2024-06-17 00:00:00+02:00 to 2024-06-20 00:00:00+02:00
2026-05-21 02:04:53,572 - INFO - Inserted 288 new rows into generation_mix.
2026-05-21 02:04:53,573 - INFO - Fetching Open-Meteo data from 2024-06-17 to 2024-06-20
2026-05-21 02:04:54,776 - INFO - Inserted 288 new rows into weather_data.
2026-05-21 02:04:59,777 - INFO - Fetching DA prices from 2024-06-20 00:00:00+02:00 to 2024-06-23 00:00:00+02:00
2026-05-21 02:05:01,198 - INFO - Inserted 288 new rows into day_ahead_prices.
2026-05-21 02:05:01,198 - INFO - Fetching actual load from 2024-06-20 00:00:00+02:00 to 2024-06-23 00:00:00+02:00
2026-05-21 02:05:02,159 - INFO - Inserted 288 new rows into actual_load.
2026-05-21 02:05:02,159 - INFO - Fetching generation mix from 2024-06-20 00:00:00+02:00 to 2024-06-23 00:00:00+02:00
2026-05-21 02:05:04,203 - INFO - Inserted 288 new rows into generation_mix.
2026-05-21 02:05:04,203 - INFO - Fetching Open-Meteo data from 2024-06-20 to 2024-06-23
2026-05-21 02:05:04,838 - INFO - Inserted 288 new rows into weather_data.
2026-05-21 02:05:09,839 - INFO - Fetching DA prices from 2024-06-23 00:00:00+02:00 to 2024-06-26 00:00:00+02:00
2026-05-21 02:05:10,723 - INFO - Inserted 288 new rows into day_ahead_prices.
2026-05-21 02:05:10,723 - INFO - Fetching actual load from 2024-06-23 00:00:00+02:00 to 2024-06-26 00:00:00+02:00
2026-05-21 02:05:11,313 - INFO - Inserted 288 new rows into actual_load.
2026-05-21 02:05:11,313 - INFO - Fetching generation mix from 2024-06-23 00:00:00+02:00 to 2024-06-26 00:00:00+02:00
2026-05-21 02:05:13,849 - INFO - Inserted 288 new rows into generation_mix.
2026-05-21 02:05:13,850 - INFO - Fetching Open-Meteo data from 2024-06-23 to 2024-06-26
2026-05-21 02:05:14,351 - INFO - Inserted 288 new rows into weather_data.
2026-05-21 02:05:19,353 - INFO - Fetching DA prices from 2024-06-26 00:00:00+02:00 to 2024-06-29 00:00:00+02:00
2026-05-21 02:05:20,709 - INFO - Inserted 288 new rows into day_ahead_prices.
2026-05-21 02:05:20,710 - INFO - Fetching actual load from 2024-06-26 00:00:00+02:00 to 2024-06-29 00:00:00+02:00
2026-05-21 02:05:21,287 - INFO - Inserted 288 new rows into actual_load.
2026-05-21 02:05:21,288 - INFO - Fetching generation mix from 2024-06-26 00:00:00+02:00 to 2024-06-29 00:00:00+02:00
2026-05-21 02:05:23,147 - INFO - Inserted 288 new rows into generation_mix.
2026-05-21 02:05:23,148 - INFO - Fetching Open-Meteo data from 2024-06-26 to 2024-06-29
2026-05-21 02:05:23,672 - INFO - Inserted 288 new rows into weather_data.
2026-05-21 02:05:28,674 - INFO - Fetching DA prices from 2024-06-29 00:00:00+02:00 to 2024-07-02 00:00:00+02:00
2026-05-21 02:05:29,482 - INFO - Inserted 288 new rows into day_ahead_prices.
2026-05-21 02:05:29,483 - INFO - Fetching actual load from 2024-06-29 00:00:00+02:00 to 2024-07-02 00:00:00+02:00
2026-05-21 02:05:30,197 - INFO - Inserted 288 new rows into actual_load.
2026-05-21 02:05:30,198 - INFO - Fetching generation mix from 2024-06-29 00:00:00+02:00 to 2024-07-02 00:00:00+02:00
2026-05-21 02:05:32,398 - INFO - Inserted 288 new rows into generation_mix.
2026-05-21 02:05:32,399 - INFO - Fetching Open-Meteo data from 2024-06-29 to 2024-07-02
2026-05-21 02:05:33,056 - INFO - Inserted 288 new rows into weather_data.
2026-05-21 02:05:38,059 - INFO - Fetching DA prices from 2024-07-02 00:00:00+02:00 to 2024-07-05 00:00:00+02:00
2026-05-21 02:05:38,850 - INFO - Inserted 288 new rows into day_ahead_prices.
2026-05-21 02:05:38,851 - INFO - Fetching actual load from 2024-07-02 00:00:00+02:00 to 2024-07-05 00:00:00+02:00
2026-05-21 02:05:39,840 - INFO - Inserted 288 new rows into actual_load.
2026-05-21 02:05:39,841 - INFO - Fetching generation mix from 2024-07-02 00:00:00+02:00 to 2024-07-05 00:00:00+02:00
2026-05-21 02:05:42,038 - INFO - Inserted 288 new rows into generation_mix.
2026-05-21 02:05:42,039 - INFO - Fetching Open-Meteo data from 2024-07-02 to 2024-07-05
2026-05-21 02:05:42,629 - INFO - Inserted 288 new rows into weather_data.
2026-05-21 02:05:47,631 - INFO - Fetching DA prices from 2024-07-05 00:00:00+02:00 to 2024-07-08 00:00:00+02:00
2026-05-21 02:05:48,834 - INFO - Inserted 288 new rows into day_ahead_prices.
2026-05-21 02:05:48,835 - INFO - Fetching actual load from 2024-07-05 00:00:00+02:00 to 2024-07-08 00:00:00+02:00
2026-05-21 02:05:49,427 - INFO - Inserted 288 new rows into actual_load.
2026-05-21 02:05:49,428 - INFO - Fetching generation mix from 2024-07-05 00:00:00+02:00 to 2024-07-08 00:00:00+02:00
2026-05-21 02:05:51,472 - INFO - Inserted 288 new rows into generation_mix.
2026-05-21 02:05:51,473 - INFO - Fetching Open-Meteo data from 2024-07-05 to 2024-07-08
2026-05-21 02:05:51,996 - INFO - Inserted 288 new rows into weather_data.
2026-05-21 02:05:56,999 - INFO - Fetching DA prices from 2024-07-08 00:00:00+02:00 to 2024-07-11 00:00:00+02:00
2026-05-21 02:05:57,735 - INFO - Inserted 288 new rows into day_ahead_prices.
2026-05-21 02:05:57,735 - INFO - Fetching actual load from 2024-07-08 00:00:00+02:00 to 2024-07-11 00:00:00+02:00
2026-05-21 02:05:58,969 - INFO - Inserted 288 new rows into actual_load.
2026-05-21 02:05:58,970 - INFO - Fetching generation mix from 2024-07-08 00:00:00+02:00 to 2024-07-11 00:00:00+02:00
2026-05-21 02:06:01,220 - INFO - Inserted 288 new rows into generation_mix.
2026-05-21 02:06:01,221 - INFO - Fetching Open-Meteo data from 2024-07-08 to 2024-07-11
2026-05-21 02:06:01,733 - INFO - Inserted 288 new rows into weather_data.
2026-05-21 02:06:06,736 - INFO - Fetching DA prices from 2024-07-11 00:00:00+02:00 to 2024-07-14 00:00:00+02:00
2026-05-21 02:06:07,505 - INFO - Inserted 288 new rows into day_ahead_prices.
2026-05-21 02:06:07,505 - INFO - Fetching actual load from 2024-07-11 00:00:00+02:00 to 2024-07-14 00:00:00+02:00
2026-05-21 02:06:07,972 - INFO - Inserted 288 new rows into actual_load.
2026-05-21 02:06:07,973 - INFO - Fetching generation mix from 2024-07-11 00:00:00+02:00 to 2024-07-14 00:00:00+02:00
2026-05-21 02:06:10,321 - INFO - Inserted 288 new rows into generation_mix.
2026-05-21 02:06:10,322 - INFO - Fetching Open-Meteo data from 2024-07-11 to 2024-07-14
2026-05-21 02:06:11,012 - INFO - Inserted 288 new rows into weather_data.
2026-05-21 02:06:16,014 - INFO - Fetching DA prices from 2024-07-14 00:00:00+02:00 to 2024-07-17 00:00:00+02:00
2026-05-21 02:06:16,971 - INFO - Inserted 288 new rows into day_ahead_prices.
2026-05-21 02:06:16,972 - INFO - Fetching actual load from 2024-07-14 00:00:00+02:00 to 2024-07-17 00:00:00+02:00
2026-05-21 02:06:17,588 - INFO - Inserted 288 new rows into actual_load.
2026-05-21 02:06:17,589 - INFO - Fetching generation mix from 2024-07-14 00:00:00+02:00 to 2024-07-17 00:00:00+02:00
2026-05-21 02:06:20,269 - INFO - Inserted 288 new rows into generation_mix.
2026-05-21 02:06:20,270 - INFO - Fetching Open-Meteo data from 2024-07-14 to 2024-07-17
2026-05-21 02:06:20,937 - INFO - Inserted 288 new rows into weather_data.
2026-05-21 02:06:25,940 - INFO - Fetching DA prices from 2024-07-17 00:00:00+02:00 to 2024-07-20 00:00:00+02:00
2026-05-21 02:06:26,816 - INFO - Inserted 288 new rows into day_ahead_prices.
2026-05-21 02:06:26,816 - INFO - Fetching actual load from 2024-07-17 00:00:00+02:00 to 2024-07-20 00:00:00+02:00
2026-05-21 02:06:27,394 - INFO - Inserted 288 new rows into actual_load.
2026-05-21 02:06:27,395 - INFO - Fetching generation mix from 2024-07-17 00:00:00+02:00 to 2024-07-20 00:00:00+02:00
2026-05-21 02:06:29,406 - INFO - Inserted 288 new rows into generation_mix.
2026-05-21 02:06:29,407 - INFO - Fetching Open-Meteo data from 2024-07-17 to 2024-07-20
2026-05-21 02:06:30,007 - INFO - Inserted 288 new rows into weather_data.
2026-05-21 02:06:35,009 - INFO - Fetching DA prices from 2024-07-20 00:00:00+02:00 to 2024-07-23 00:00:00+02:00
2026-05-21 02:06:36,138 - INFO - Inserted 288 new rows into day_ahead_prices.
2026-05-21 02:06:36,139 - INFO - Fetching actual load from 2024-07-20 00:00:00+02:00 to 2024-07-23 00:00:00+02:00
2026-05-21 02:06:36,678 - INFO - Inserted 288 new rows into actual_load.
2026-05-21 02:06:36,678 - INFO - Fetching generation mix from 2024-07-20 00:00:00+02:00 to 2024-07-23 00:00:00+02:00
2026-05-21 02:06:38,789 - INFO - Inserted 288 new rows into generation_mix.
2026-05-21 02:06:38,790 - INFO - Fetching Open-Meteo data from 2024-07-20 to 2024-07-23
2026-05-21 02:06:39,468 - INFO - Inserted 288 new rows into weather_data.
2026-05-21 02:06:44,470 - INFO - Fetching DA prices from 2024-07-23 00:00:00+02:00 to 2024-07-26 00:00:00+02:00
2026-05-21 02:06:45,385 - INFO - Inserted 288 new rows into day_ahead_prices.
2026-05-21 02:06:45,385 - INFO - Fetching actual load from 2024-07-23 00:00:00+02:00 to 2024-07-26 00:00:00+02:00
2026-05-21 02:06:46,163 - INFO - Inserted 288 new rows into actual_load.
2026-05-21 02:06:46,164 - INFO - Fetching generation mix from 2024-07-23 00:00:00+02:00 to 2024-07-26 00:00:00+02:00
2026-05-21 02:06:48,073 - INFO - Inserted 288 new rows into generation_mix.
2026-05-21 02:06:48,074 - INFO - Fetching Open-Meteo data from 2024-07-23 to 2024-07-26
2026-05-21 02:06:48,691 - INFO - Inserted 288 new rows into weather_data.
2026-05-21 02:06:53,693 - INFO - Fetching DA prices from 2024-07-26 00:00:00+02:00 to 2024-07-29 00:00:00+02:00
2026-05-21 02:06:54,464 - INFO - Inserted 288 new rows into day_ahead_prices.
2026-05-21 02:06:54,464 - INFO - Fetching actual load from 2024-07-26 00:00:00+02:00 to 2024-07-29 00:00:00+02:00
2026-05-21 02:06:55,020 - INFO - Inserted 288 new rows into actual_load.
2026-05-21 02:06:55,021 - INFO - Fetching generation mix from 2024-07-26 00:00:00+02:00 to 2024-07-29 00:00:00+02:00
2026-05-21 02:06:57,761 - INFO - Inserted 288 new rows into generation_mix.
2026-05-21 02:06:57,762 - INFO - Fetching Open-Meteo data from 2024-07-26 to 2024-07-29
2026-05-21 02:06:58,519 - INFO - Inserted 288 new rows into weather_data.
2026-05-21 02:07:03,521 - INFO - Fetching DA prices from 2024-07-29 00:00:00+02:00 to 2024-08-01 00:00:00+02:00
2026-05-21 02:07:04,303 - INFO - Inserted 288 new rows into day_ahead_prices.
2026-05-21 02:07:04,303 - INFO - Fetching actual load from 2024-07-29 00:00:00+02:00 to 2024-08-01 00:00:00+02:00
2026-05-21 02:07:04,804 - INFO - Inserted 288 new rows into actual_load.
2026-05-21 02:07:04,804 - INFO - Fetching generation mix from 2024-07-29 00:00:00+02:00 to 2024-08-01 00:00:00+02:00
2026-05-21 02:07:06,704 - INFO - Inserted 288 new rows into generation_mix.
2026-05-21 02:07:06,705 - INFO - Fetching Open-Meteo data from 2024-07-29 to 2024-08-01
2026-05-21 02:07:07,307 - INFO - Inserted 288 new rows into weather_data.
2026-05-21 02:07:12,310 - INFO - Fetching DA prices from 2024-08-01 00:00:00+02:00 to 2024-08-04 00:00:00+02:00
2026-05-21 02:07:13,179 - INFO - Inserted 288 new rows into day_ahead_prices.
2026-05-21 02:07:13,180 - INFO - Fetching actual load from 2024-08-01 00:00:00+02:00 to 2024-08-04 00:00:00+02:00
2026-05-21 02:07:13,658 - INFO - Inserted 288 new rows into actual_load.
2026-05-21 02:07:13,659 - INFO - Fetching generation mix from 2024-08-01 00:00:00+02:00 to 2024-08-04 00:00:00+02:00
2026-05-21 02:07:15,659 - INFO - Inserted 288 new rows into generation_mix.
2026-05-21 02:07:15,660 - INFO - Fetching Open-Meteo data from 2024-08-01 to 2024-08-04
2026-05-21 02:07:16,604 - INFO - Inserted 288 new rows into weather_data.
2026-05-21 02:07:21,606 - INFO - Fetching DA prices from 2024-08-04 00:00:00+02:00 to 2024-08-07 00:00:00+02:00
2026-05-21 02:07:22,419 - INFO - Inserted 288 new rows into day_ahead_prices.
2026-05-21 02:07:22,420 - INFO - Fetching actual load from 2024-08-04 00:00:00+02:00 to 2024-08-07 00:00:00+02:00
2026-05-21 02:07:23,064 - INFO - Inserted 288 new rows into actual_load.
2026-05-21 02:07:23,065 - INFO - Fetching generation mix from 2024-08-04 00:00:00+02:00 to 2024-08-07 00:00:00+02:00
2026-05-21 02:07:25,098 - INFO - Inserted 288 new rows into generation_mix.
2026-05-21 02:07:25,099 - INFO - Fetching Open-Meteo data from 2024-08-04 to 2024-08-07
2026-05-21 02:07:25,744 - INFO - Inserted 288 new rows into weather_data.
2026-05-21 02:07:30,747 - INFO - Fetching DA prices from 2024-08-07 00:00:00+02:00 to 2024-08-10 00:00:00+02:00
2026-05-21 02:07:31,624 - INFO - Inserted 288 new rows into day_ahead_prices.
2026-05-21 02:07:31,624 - INFO - Fetching actual load from 2024-08-07 00:00:00+02:00 to 2024-08-10 00:00:00+02:00
2026-05-21 02:07:32,102 - INFO - Inserted 288 new rows into actual_load.
2026-05-21 02:07:32,103 - INFO - Fetching generation mix from 2024-08-07 00:00:00+02:00 to 2024-08-10 00:00:00+02:00
2026-05-21 02:07:33,773 - INFO - Inserted 288 new rows into generation_mix.
2026-05-21 02:07:33,774 - INFO - Fetching Open-Meteo data from 2024-08-07 to 2024-08-10
2026-05-21 02:07:34,319 - INFO - Inserted 288 new rows into weather_data.
2026-05-21 02:07:39,322 - INFO - Fetching DA prices from 2024-08-10 00:00:00+02:00 to 2024-08-13 00:00:00+02:00
2026-05-21 02:07:40,115 - INFO - Inserted 288 new rows into day_ahead_prices.
2026-05-21 02:07:40,116 - INFO - Fetching actual load from 2024-08-10 00:00:00+02:00 to 2024-08-13 00:00:00+02:00
2026-05-21 02:07:40,627 - INFO - Inserted 288 new rows into actual_load.
2026-05-21 02:07:40,628 - INFO - Fetching generation mix from 2024-08-10 00:00:00+02:00 to 2024-08-13 00:00:00+02:00
2026-05-21 02:07:42,377 - INFO - Inserted 288 new rows into generation_mix.
2026-05-21 02:07:42,378 - INFO - Fetching Open-Meteo data from 2024-08-10 to 2024-08-13
2026-05-21 02:07:43,386 - INFO - Inserted 288 new rows into weather_data.
2026-05-21 02:07:48,388 - INFO - Fetching DA prices from 2024-08-13 00:00:00+02:00 to 2024-08-16 00:00:00+02:00
2026-05-21 02:07:49,219 - INFO - Inserted 288 new rows into day_ahead_prices.
2026-05-21 02:07:49,219 - INFO - Fetching actual load from 2024-08-13 00:00:00+02:00 to 2024-08-16 00:00:00+02:00
2026-05-21 02:07:49,897 - INFO - Inserted 288 new rows into actual_load.
2026-05-21 02:07:49,898 - INFO - Fetching generation mix from 2024-08-13 00:00:00+02:00 to 2024-08-16 00:00:00+02:00
2026-05-21 02:07:51,609 - INFO - Inserted 288 new rows into generation_mix.
2026-05-21 02:07:51,610 - INFO - Fetching Open-Meteo data from 2024-08-13 to 2024-08-16
2026-05-21 02:07:52,144 - INFO - Inserted 288 new rows into weather_data.
2026-05-21 02:07:57,147 - INFO - Fetching DA prices from 2024-08-16 00:00:00+02:00 to 2024-08-19 00:00:00+02:00
2026-05-21 02:07:57,971 - INFO - Inserted 288 new rows into day_ahead_prices.
2026-05-21 02:07:57,972 - INFO - Fetching actual load from 2024-08-16 00:00:00+02:00 to 2024-08-19 00:00:00+02:00
2026-05-21 02:07:58,708 - INFO - Inserted 288 new rows into actual_load.
2026-05-21 02:07:58,709 - INFO - Fetching generation mix from 2024-08-16 00:00:00+02:00 to 2024-08-19 00:00:00+02:00
2026-05-21 02:08:00,664 - INFO - Inserted 288 new rows into generation_mix.
2026-05-21 02:08:00,665 - INFO - Fetching Open-Meteo data from 2024-08-16 to 2024-08-19
2026-05-21 02:08:01,177 - INFO - Inserted 288 new rows into weather_data.
2026-05-21 02:08:06,180 - INFO - Fetching DA prices from 2024-08-19 00:00:00+02:00 to 2024-08-22 00:00:00+02:00
2026-05-21 02:08:07,050 - INFO - Inserted 288 new rows into day_ahead_prices.
2026-05-21 02:08:07,051 - INFO - Fetching actual load from 2024-08-19 00:00:00+02:00 to 2024-08-22 00:00:00+02:00
2026-05-21 02:08:07,529 - INFO - Inserted 288 new rows into actual_load.
2026-05-21 02:08:07,529 - INFO - Fetching generation mix from 2024-08-19 00:00:00+02:00 to 2024-08-22 00:00:00+02:00
2026-05-21 02:08:09,607 - INFO - Inserted 288 new rows into generation_mix.
2026-05-21 02:08:09,608 - INFO - Fetching Open-Meteo data from 2024-08-19 to 2024-08-22
2026-05-21 02:08:10,120 - INFO - Inserted 288 new rows into weather_data.
2026-05-21 02:08:15,123 - INFO - Fetching DA prices from 2024-08-22 00:00:00+02:00 to 2024-08-25 00:00:00+02:00
2026-05-21 02:08:15,872 - INFO - Inserted 288 new rows into day_ahead_prices.
2026-05-21 02:08:15,872 - INFO - Fetching actual load from 2024-08-22 00:00:00+02:00 to 2024-08-25 00:00:00+02:00
2026-05-21 02:08:16,439 - INFO - Inserted 288 new rows into actual_load.
2026-05-21 02:08:16,440 - INFO - Fetching generation mix from 2024-08-22 00:00:00+02:00 to 2024-08-25 00:00:00+02:00
2026-05-21 02:08:18,133 - INFO - Inserted 288 new rows into generation_mix.
2026-05-21 02:08:18,134 - INFO - Fetching Open-Meteo data from 2024-08-22 to 2024-08-25
2026-05-21 02:08:19,415 - INFO - Inserted 288 new rows into weather_data.
2026-05-21 02:08:24,418 - INFO - Fetching DA prices from 2024-08-25 00:00:00+02:00 to 2024-08-28 00:00:00+02:00
2026-05-21 02:08:25,212 - INFO - Inserted 288 new rows into day_ahead_prices.
2026-05-21 02:08:25,212 - INFO - Fetching actual load from 2024-08-25 00:00:00+02:00 to 2024-08-28 00:00:00+02:00
2026-05-21 02:08:25,835 - INFO - Inserted 288 new rows into actual_load.
2026-05-21 02:08:25,835 - INFO - Fetching generation mix from 2024-08-25 00:00:00+02:00 to 2024-08-28 00:00:00+02:00
2026-05-21 02:08:27,502 - INFO - Inserted 288 new rows into generation_mix.
2026-05-21 02:08:27,503 - INFO - Fetching Open-Meteo data from 2024-08-25 to 2024-08-28
2026-05-21 02:08:28,071 - INFO - Inserted 288 new rows into weather_data.
2026-05-21 02:08:33,073 - INFO - Fetching DA prices from 2024-08-28 00:00:00+02:00 to 2024-08-31 00:00:00+02:00
2026-05-21 02:08:33,809 - INFO - Inserted 288 new rows into day_ahead_prices.
2026-05-21 02:08:33,810 - INFO - Fetching actual load from 2024-08-28 00:00:00+02:00 to 2024-08-31 00:00:00+02:00
2026-05-21 02:08:34,299 - INFO - Inserted 288 new rows into actual_load.
2026-05-21 02:08:34,299 - INFO - Fetching generation mix from 2024-08-28 00:00:00+02:00 to 2024-08-31 00:00:00+02:00
2026-05-21 02:08:36,242 - INFO - Inserted 288 new rows into generation_mix.
2026-05-21 02:08:36,243 - INFO - Fetching Open-Meteo data from 2024-08-28 to 2024-08-31
2026-05-21 02:08:36,878 - INFO - Inserted 288 new rows into weather_data.
2026-05-21 02:08:41,880 - INFO - Fetching DA prices from 2024-08-31 00:00:00+02:00 to 2024-09-03 00:00:00+02:00
2026-05-21 02:08:42,670 - INFO - Inserted 288 new rows into day_ahead_prices.
2026-05-21 02:08:42,671 - INFO - Fetching actual load from 2024-08-31 00:00:00+02:00 to 2024-09-03 00:00:00+02:00
2026-05-21 02:08:43,434 - INFO - Inserted 288 new rows into actual_load.
2026-05-21 02:08:43,435 - INFO - Fetching generation mix from 2024-08-31 00:00:00+02:00 to 2024-09-03 00:00:00+02:00
2026-05-21 02:08:45,024 - INFO - Inserted 288 new rows into generation_mix.
2026-05-21 02:08:45,025 - INFO - Fetching Open-Meteo data from 2024-08-31 to 2024-09-03
2026-05-21 02:08:45,692 - INFO - Inserted 288 new rows into weather_data.
2026-05-21 02:08:50,694 - INFO - Fetching DA prices from 2024-09-03 00:00:00+02:00 to 2024-09-06 00:00:00+02:00
2026-05-21 02:08:51,532 - INFO - Inserted 288 new rows into day_ahead_prices.
2026-05-21 02:08:51,532 - INFO - Fetching actual load from 2024-09-03 00:00:00+02:00 to 2024-09-06 00:00:00+02:00
2026-05-21 02:08:52,011 - INFO - Inserted 288 new rows into actual_load.
2026-05-21 02:08:52,011 - INFO - Fetching generation mix from 2024-09-03 00:00:00+02:00 to 2024-09-06 00:00:00+02:00
2026-05-21 02:08:53,922 - INFO - Inserted 288 new rows into generation_mix.
2026-05-21 02:08:53,923 - INFO - Fetching Open-Meteo data from 2024-09-03 to 2024-09-06
2026-05-21 02:08:54,480 - INFO - Inserted 288 new rows into weather_data.
2026-05-21 02:08:59,482 - INFO - Fetching DA prices from 2024-09-06 00:00:00+02:00 to 2024-09-09 00:00:00+02:00
2026-05-21 02:09:00,174 - INFO - Inserted 288 new rows into day_ahead_prices.
2026-05-21 02:09:00,175 - INFO - Fetching actual load from 2024-09-06 00:00:00+02:00 to 2024-09-09 00:00:00+02:00
2026-05-21 02:09:00,920 - INFO - Inserted 288 new rows into actual_load.
2026-05-21 02:09:00,920 - INFO - Fetching generation mix from 2024-09-06 00:00:00+02:00 to 2024-09-09 00:00:00+02:00
2026-05-21 02:09:02,931 - INFO - Inserted 288 new rows into generation_mix.
2026-05-21 02:09:02,932 - INFO - Fetching Open-Meteo data from 2024-09-06 to 2024-09-09
2026-05-21 02:09:03,600 - INFO - Inserted 288 new rows into weather_data.
2026-05-21 02:09:08,602 - INFO - Fetching DA prices from 2024-09-09 00:00:00+02:00 to 2024-09-12 00:00:00+02:00
2026-05-21 02:09:09,323 - INFO - Inserted 288 new rows into day_ahead_prices.
2026-05-21 02:09:09,324 - INFO - Fetching actual load from 2024-09-09 00:00:00+02:00 to 2024-09-12 00:00:00+02:00
2026-05-21 02:09:09,856 - INFO - Inserted 288 new rows into actual_load.
2026-05-21 02:09:09,857 - INFO - Fetching generation mix from 2024-09-09 00:00:00+02:00 to 2024-09-12 00:00:00+02:00
2026-05-21 02:09:11,548 - INFO - Inserted 288 new rows into generation_mix.
2026-05-21 02:09:11,549 - INFO - Fetching Open-Meteo data from 2024-09-09 to 2024-09-12
2026-05-21 02:09:12,095 - INFO - Inserted 288 new rows into weather_data.
2026-05-21 02:09:17,097 - INFO - Fetching DA prices from 2024-09-12 00:00:00+02:00 to 2024-09-15 00:00:00+02:00
2026-05-21 02:09:18,034 - INFO - Inserted 288 new rows into day_ahead_prices.
2026-05-21 02:09:18,034 - INFO - Fetching actual load from 2024-09-12 00:00:00+02:00 to 2024-09-15 00:00:00+02:00
2026-05-21 02:09:18,545 - INFO - Inserted 288 new rows into actual_load.
2026-05-21 02:09:18,545 - INFO - Fetching generation mix from 2024-09-12 00:00:00+02:00 to 2024-09-15 00:00:00+02:00
2026-05-21 02:09:21,003 - INFO - Inserted 288 new rows into generation_mix.
2026-05-21 02:09:21,004 - INFO - Fetching Open-Meteo data from 2024-09-12 to 2024-09-15
2026-05-21 02:09:22,182 - INFO - Inserted 288 new rows into weather_data.
2026-05-21 02:09:27,185 - INFO - Fetching DA prices from 2024-09-15 00:00:00+02:00 to 2024-09-18 00:00:00+02:00
2026-05-21 02:09:28,031 - INFO - Inserted 288 new rows into day_ahead_prices.
2026-05-21 02:09:28,031 - INFO - Fetching actual load from 2024-09-15 00:00:00+02:00 to 2024-09-18 00:00:00+02:00
2026-05-21 02:09:28,514 - INFO - Inserted 288 new rows into actual_load.
2026-05-21 02:09:28,515 - INFO - Fetching generation mix from 2024-09-15 00:00:00+02:00 to 2024-09-18 00:00:00+02:00
2026-05-21 02:09:30,353 - INFO - Inserted 288 new rows into generation_mix.
2026-05-21 02:09:30,354 - INFO - Fetching Open-Meteo data from 2024-09-15 to 2024-09-18
2026-05-21 02:09:30,999 - INFO - Inserted 288 new rows into weather_data.
2026-05-21 02:09:36,002 - INFO - Fetching DA prices from 2024-09-18 00:00:00+02:00 to 2024-09-21 00:00:00+02:00
2026-05-21 02:09:36,982 - INFO - Inserted 288 new rows into day_ahead_prices.
2026-05-21 02:09:36,983 - INFO - Fetching actual load from 2024-09-18 00:00:00+02:00 to 2024-09-21 00:00:00+02:00
2026-05-21 02:09:37,694 - INFO - Inserted 288 new rows into actual_load.
2026-05-21 02:09:37,694 - INFO - Fetching generation mix from 2024-09-18 00:00:00+02:00 to 2024-09-21 00:00:00+02:00
2026-05-21 02:09:39,376 - INFO - Inserted 288 new rows into generation_mix.
2026-05-21 02:09:39,377 - INFO - Fetching Open-Meteo data from 2024-09-18 to 2024-09-21
2026-05-21 02:09:40,111 - INFO - Inserted 288 new rows into weather_data.
2026-05-21 02:09:45,114 - INFO - Fetching DA prices from 2024-09-21 00:00:00+02:00 to 2024-09-24 00:00:00+02:00
2026-05-21 02:09:45,890 - INFO - Inserted 288 new rows into day_ahead_prices.
2026-05-21 02:09:45,891 - INFO - Fetching actual load from 2024-09-21 00:00:00+02:00 to 2024-09-24 00:00:00+02:00
2026-05-21 02:09:46,424 - INFO - Inserted 288 new rows into actual_load.
2026-05-21 02:09:46,425 - INFO - Fetching generation mix from 2024-09-21 00:00:00+02:00 to 2024-09-24 00:00:00+02:00
2026-05-21 02:09:48,186 - INFO - Inserted 288 new rows into generation_mix.
2026-05-21 02:09:48,186 - INFO - Fetching Open-Meteo data from 2024-09-21 to 2024-09-24
2026-05-21 02:09:48,895 - INFO - Inserted 288 new rows into weather_data.
2026-05-21 02:09:53,897 - INFO - Fetching DA prices from 2024-09-24 00:00:00+02:00 to 2024-09-27 00:00:00+02:00
2026-05-21 02:09:54,887 - INFO - Inserted 288 new rows into day_ahead_prices.
2026-05-21 02:09:54,887 - INFO - Fetching actual load from 2024-09-24 00:00:00+02:00 to 2024-09-27 00:00:00+02:00
2026-05-21 02:09:55,662 - INFO - Inserted 288 new rows into actual_load.
2026-05-21 02:09:55,663 - INFO - Fetching generation mix from 2024-09-24 00:00:00+02:00 to 2024-09-27 00:00:00+02:00
2026-05-21 02:09:57,471 - INFO - Inserted 288 new rows into generation_mix.
2026-05-21 02:09:57,472 - INFO - Fetching Open-Meteo data from 2024-09-24 to 2024-09-27
2026-05-21 02:09:58,072 - INFO - Inserted 288 new rows into weather_data.
2026-05-21 02:10:03,075 - INFO - Fetching DA prices from 2024-09-27 00:00:00+02:00 to 2024-09-30 00:00:00+02:00
2026-05-21 02:10:04,047 - INFO - Inserted 288 new rows into day_ahead_prices.
2026-05-21 02:10:04,048 - INFO - Fetching actual load from 2024-09-27 00:00:00+02:00 to 2024-09-30 00:00:00+02:00
2026-05-21 02:10:04,826 - INFO - Inserted 288 new rows into actual_load.
2026-05-21 02:10:04,827 - INFO - Fetching generation mix from 2024-09-27 00:00:00+02:00 to 2024-09-30 00:00:00+02:00
2026-05-21 02:10:06,574 - INFO - Inserted 288 new rows into generation_mix.
2026-05-21 02:10:06,574 - INFO - Fetching Open-Meteo data from 2024-09-27 to 2024-09-30
2026-05-21 02:10:07,180 - INFO - Inserted 288 new rows into weather_data.
2026-05-21 02:10:12,183 - INFO - Fetching DA prices from 2024-09-30 00:00:00+02:00 to 2024-10-03 00:00:00+02:00
2026-05-21 02:10:13,039 - INFO - Inserted 288 new rows into day_ahead_prices.
2026-05-21 02:10:13,040 - INFO - Fetching actual load from 2024-09-30 00:00:00+02:00 to 2024-10-03 00:00:00+02:00
2026-05-21 02:10:13,573 - INFO - Inserted 288 new rows into actual_load.
2026-05-21 02:10:13,573 - INFO - Fetching generation mix from 2024-09-30 00:00:00+02:00 to 2024-10-03 00:00:00+02:00
2026-05-21 02:10:15,422 - INFO - Inserted 288 new rows into generation_mix.
2026-05-21 02:10:15,423 - INFO - Fetching Open-Meteo data from 2024-09-30 to 2024-10-03
2026-05-21 02:10:16,001 - INFO - Inserted 288 new rows into weather_data.
2026-05-21 02:10:21,003 - INFO - Fetching DA prices from 2024-10-03 00:00:00+02:00 to 2024-10-06 00:00:00+02:00
2026-05-21 02:10:21,942 - INFO - Inserted 288 new rows into day_ahead_prices.
2026-05-21 02:10:21,943 - INFO - Fetching actual load from 2024-10-03 00:00:00+02:00 to 2024-10-06 00:00:00+02:00
2026-05-21 02:10:22,465 - INFO - Inserted 288 new rows into actual_load.
2026-05-21 02:10:22,466 - INFO - Fetching generation mix from 2024-10-03 00:00:00+02:00 to 2024-10-06 00:00:00+02:00
2026-05-21 02:10:24,488 - INFO - Inserted 288 new rows into generation_mix.
2026-05-21 02:10:24,489 - INFO - Fetching Open-Meteo data from 2024-10-03 to 2024-10-06
2026-05-21 02:10:25,239 - INFO - Inserted 288 new rows into weather_data.
2026-05-21 02:10:30,241 - INFO - Fetching DA prices from 2024-10-06 00:00:00+02:00 to 2024-10-09 00:00:00+02:00
2026-05-21 02:10:31,259 - INFO - Inserted 288 new rows into day_ahead_prices.
2026-05-21 02:10:31,260 - INFO - Fetching actual load from 2024-10-06 00:00:00+02:00 to 2024-10-09 00:00:00+02:00
2026-05-21 02:10:31,793 - INFO - Inserted 288 new rows into actual_load.
2026-05-21 02:10:31,794 - INFO - Fetching generation mix from 2024-10-06 00:00:00+02:00 to 2024-10-09 00:00:00+02:00
2026-05-21 02:10:34,263 - INFO - Inserted 288 new rows into generation_mix.
2026-05-21 02:10:34,264 - INFO - Fetching Open-Meteo data from 2024-10-06 to 2024-10-09
2026-05-21 02:10:34,754 - INFO - Inserted 288 new rows into weather_data.
2026-05-21 02:10:39,756 - INFO - Fetching DA prices from 2024-10-09 00:00:00+02:00 to 2024-10-12 00:00:00+02:00
2026-05-21 02:10:40,570 - INFO - Inserted 288 new rows into day_ahead_prices.
2026-05-21 02:10:40,571 - INFO - Fetching actual load from 2024-10-09 00:00:00+02:00 to 2024-10-12 00:00:00+02:00
2026-05-21 02:10:41,119 - INFO - Inserted 288 new rows into actual_load.
2026-05-21 02:10:41,120 - INFO - Fetching generation mix from 2024-10-09 00:00:00+02:00 to 2024-10-12 00:00:00+02:00
2026-05-21 02:10:43,134 - INFO - Inserted 288 new rows into generation_mix.
2026-05-21 02:10:43,135 - INFO - Fetching Open-Meteo data from 2024-10-09 to 2024-10-12
2026-05-21 02:10:43,725 - INFO - Inserted 288 new rows into weather_data.
2026-05-21 02:10:48,728 - INFO - Fetching DA prices from 2024-10-12 00:00:00+02:00 to 2024-10-15 00:00:00+02:00
2026-05-21 02:10:49,618 - INFO - Inserted 288 new rows into day_ahead_prices.
2026-05-21 02:10:49,618 - INFO - Fetching actual load from 2024-10-12 00:00:00+02:00 to 2024-10-15 00:00:00+02:00
2026-05-21 02:10:50,108 - INFO - Inserted 288 new rows into actual_load.
2026-05-21 02:10:50,108 - INFO - Fetching generation mix from 2024-10-12 00:00:00+02:00 to 2024-10-15 00:00:00+02:00
2026-05-21 02:10:52,067 - INFO - Inserted 288 new rows into generation_mix.
2026-05-21 02:10:52,068 - INFO - Fetching Open-Meteo data from 2024-10-12 to 2024-10-15
2026-05-21 02:10:52,636 - INFO - Inserted 288 new rows into weather_data.
2026-05-21 02:10:57,639 - INFO - Fetching DA prices from 2024-10-15 00:00:00+02:00 to 2024-10-18 00:00:00+02:00
2026-05-21 02:10:58,378 - INFO - Inserted 288 new rows into day_ahead_prices.
2026-05-21 02:10:58,379 - INFO - Fetching actual load from 2024-10-15 00:00:00+02:00 to 2024-10-18 00:00:00+02:00
2026-05-21 02:10:58,879 - INFO - Inserted 288 new rows into actual_load.
2026-05-21 02:10:58,880 - INFO - Fetching generation mix from 2024-10-15 00:00:00+02:00 to 2024-10-18 00:00:00+02:00
2026-05-21 02:11:01,158 - INFO - Inserted 288 new rows into generation_mix.
2026-05-21 02:11:01,159 - INFO - Fetching Open-Meteo data from 2024-10-15 to 2024-10-18
2026-05-21 02:11:01,660 - INFO - Inserted 288 new rows into weather_data.
2026-05-21 02:11:06,662 - INFO - Fetching DA prices from 2024-10-18 00:00:00+02:00 to 2024-10-21 00:00:00+02:00
2026-05-21 02:11:07,465 - INFO - Inserted 288 new rows into day_ahead_prices.
2026-05-21 02:11:07,466 - INFO - Fetching actual load from 2024-10-18 00:00:00+02:00 to 2024-10-21 00:00:00+02:00
2026-05-21 02:11:08,013 - INFO - Inserted 288 new rows into actual_load.
2026-05-21 02:11:08,013 - INFO - Fetching generation mix from 2024-10-18 00:00:00+02:00 to 2024-10-21 00:00:00+02:00
2026-05-21 02:11:09,950 - INFO - Inserted 288 new rows into generation_mix.
2026-05-21 02:11:09,951 - INFO - Fetching Open-Meteo data from 2024-10-18 to 2024-10-21
2026-05-21 02:11:10,696 - INFO - Inserted 288 new rows into weather_data.
2026-05-21 02:11:15,699 - INFO - Fetching DA prices from 2024-10-21 00:00:00+02:00 to 2024-10-24 00:00:00+02:00
2026-05-21 02:11:16,458 - INFO - Inserted 288 new rows into day_ahead_prices.
2026-05-21 02:11:16,459 - INFO - Fetching actual load from 2024-10-21 00:00:00+02:00 to 2024-10-24 00:00:00+02:00
2026-05-21 02:11:17,004 - INFO - Inserted 288 new rows into actual_load.
2026-05-21 02:11:17,004 - INFO - Fetching generation mix from 2024-10-21 00:00:00+02:00 to 2024-10-24 00:00:00+02:00
2026-05-21 02:11:19,078 - INFO - Inserted 288 new rows into generation_mix.
2026-05-21 02:11:19,079 - INFO - Fetching Open-Meteo data from 2024-10-21 to 2024-10-24
2026-05-21 02:11:19,735 - INFO - Inserted 288 new rows into weather_data.
2026-05-21 02:11:24,738 - INFO - Fetching DA prices from 2024-10-24 00:00:00+02:00 to 2024-10-27 00:00:00+02:00
2026-05-21 02:11:25,474 - INFO - Inserted 288 new rows into day_ahead_prices.
2026-05-21 02:11:25,475 - INFO - Fetching actual load from 2024-10-24 00:00:00+02:00 to 2024-10-27 00:00:00+02:00
2026-05-21 02:11:25,964 - INFO - Inserted 288 new rows into actual_load.
2026-05-21 02:11:25,964 - INFO - Fetching generation mix from 2024-10-24 00:00:00+02:00 to 2024-10-27 00:00:00+02:00
2026-05-21 02:11:28,475 - INFO - Inserted 288 new rows into generation_mix.
2026-05-21 02:11:28,476 - INFO - Fetching Open-Meteo data from 2024-10-24 to 2024-10-27
2026-05-21 02:11:29,159 - INFO - Inserted 284 new rows into weather_data.
2026-05-21 02:11:34,162 - INFO - Fetching DA prices from 2024-10-27 00:00:00+02:00 to 2024-10-29 00:00:00+01:00
2026-05-21 02:11:35,008 - INFO - Inserted 192 new rows into day_ahead_prices.
2026-05-21 02:11:35,008 - INFO - Fetching actual load from 2024-10-27 00:00:00+02:00 to 2024-10-29 00:00:00+01:00
2026-05-21 02:11:35,653 - INFO - Inserted 192 new rows into actual_load.
2026-05-21 02:11:35,654 - INFO - Fetching generation mix from 2024-10-27 00:00:00+02:00 to 2024-10-29 00:00:00+01:00
2026-05-21 02:11:37,225 - INFO - Inserted 192 new rows into generation_mix.
2026-05-21 02:11:37,226 - INFO - Fetching Open-Meteo data from 2024-10-27 to 2024-10-29
2026-05-21 02:11:37,772 - INFO - Inserted 192 new rows into weather_data.
2026-05-21 02:11:42,774 - INFO - Fetching DA prices from 2024-10-29 00:00:00+01:00 to 2024-11-01 00:00:00+01:00
2026-05-21 02:11:43,602 - INFO - Inserted 288 new rows into day_ahead_prices.
2026-05-21 02:11:43,602 - INFO - Fetching actual load from 2024-10-29 00:00:00+01:00 to 2024-11-01 00:00:00+01:00
2026-05-21 02:11:44,203 - INFO - Inserted 288 new rows into actual_load.
2026-05-21 02:11:44,203 - INFO - Fetching generation mix from 2024-10-29 00:00:00+01:00 to 2024-11-01 00:00:00+01:00
2026-05-21 02:11:46,196 - INFO - Inserted 288 new rows into generation_mix.
2026-05-21 02:11:46,197 - INFO - Fetching Open-Meteo data from 2024-10-29 to 2024-11-01
2026-05-21 02:11:46,858 - INFO - Inserted 288 new rows into weather_data.
2026-05-21 02:11:51,860 - INFO - Fetching DA prices from 2024-11-01 00:00:00+01:00 to 2024-11-04 00:00:00+01:00
2026-05-21 02:11:52,775 - INFO - Inserted 288 new rows into day_ahead_prices.
2026-05-21 02:11:52,776 - INFO - Fetching actual load from 2024-11-01 00:00:00+01:00 to 2024-11-04 00:00:00+01:00
2026-05-21 02:11:53,232 - INFO - Inserted 288 new rows into actual_load.
2026-05-21 02:11:53,233 - INFO - Fetching generation mix from 2024-11-01 00:00:00+01:00 to 2024-11-04 00:00:00+01:00
2026-05-21 02:11:55,187 - INFO - Inserted 288 new rows into generation_mix.
2026-05-21 02:11:55,188 - INFO - Fetching Open-Meteo data from 2024-11-01 to 2024-11-04
2026-05-21 02:11:55,700 - INFO - Inserted 288 new rows into weather_data.
2026-05-21 02:12:00,703 - INFO - Fetching DA prices from 2024-11-04 00:00:00+01:00 to 2024-11-07 00:00:00+01:00
2026-05-21 02:12:02,621 - INFO - Inserted 288 new rows into day_ahead_prices.
2026-05-21 02:12:02,622 - INFO - Fetching actual load from 2024-11-04 00:00:00+01:00 to 2024-11-07 00:00:00+01:00
2026-05-21 02:12:03,389 - INFO - Inserted 288 new rows into actual_load.
2026-05-21 02:12:03,389 - INFO - Fetching generation mix from 2024-11-04 00:00:00+01:00 to 2024-11-07 00:00:00+01:00
2026-05-21 02:12:05,567 - INFO - Inserted 288 new rows into generation_mix.
2026-05-21 02:12:05,568 - INFO - Fetching Open-Meteo data from 2024-11-04 to 2024-11-07
2026-05-21 02:12:06,169 - INFO - Inserted 288 new rows into weather_data.
2026-05-21 02:12:11,171 - INFO - Fetching DA prices from 2024-11-07 00:00:00+01:00 to 2024-11-10 00:00:00+01:00
2026-05-21 02:12:12,010 - INFO - Inserted 288 new rows into day_ahead_prices.
2026-05-21 02:12:12,011 - INFO - Fetching actual load from 2024-11-07 00:00:00+01:00 to 2024-11-10 00:00:00+01:00
2026-05-21 02:12:12,544 - INFO - Inserted 288 new rows into actual_load.
2026-05-21 02:12:12,545 - INFO - Fetching generation mix from 2024-11-07 00:00:00+01:00 to 2024-11-10 00:00:00+01:00
2026-05-21 02:12:14,301 - INFO - Inserted 288 new rows into generation_mix.
2026-05-21 02:12:14,301 - INFO - Fetching Open-Meteo data from 2024-11-07 to 2024-11-10
2026-05-21 02:12:14,869 - INFO - Inserted 288 new rows into weather_data.
2026-05-21 02:12:19,871 - INFO - Fetching DA prices from 2024-11-10 00:00:00+01:00 to 2024-11-13 00:00:00+01:00
2026-05-21 02:12:20,675 - INFO - Inserted 288 new rows into day_ahead_prices.
2026-05-21 02:12:20,676 - INFO - Fetching actual load from 2024-11-10 00:00:00+01:00 to 2024-11-13 00:00:00+01:00
2026-05-21 02:12:21,176 - INFO - Inserted 288 new rows into actual_load.
2026-05-21 02:12:21,176 - INFO - Fetching generation mix from 2024-11-10 00:00:00+01:00 to 2024-11-13 00:00:00+01:00
2026-05-21 02:12:22,979 - INFO - Inserted 288 new rows into generation_mix.
2026-05-21 02:12:22,980 - INFO - Fetching Open-Meteo data from 2024-11-10 to 2024-11-13
2026-05-21 02:12:23,673 - INFO - Inserted 288 new rows into weather_data.
2026-05-21 02:12:28,676 - INFO - Fetching DA prices from 2024-11-13 00:00:00+01:00 to 2024-11-16 00:00:00+01:00
2026-05-21 02:12:29,548 - INFO - Inserted 288 new rows into day_ahead_prices.
2026-05-21 02:12:29,549 - INFO - Fetching actual load from 2024-11-13 00:00:00+01:00 to 2024-11-16 00:00:00+01:00
2026-05-21 02:12:30,475 - INFO - Inserted 288 new rows into actual_load.
2026-05-21 02:12:30,475 - INFO - Fetching generation mix from 2024-11-13 00:00:00+01:00 to 2024-11-16 00:00:00+01:00
2026-05-21 02:12:33,036 - INFO - Inserted 288 new rows into generation_mix.
2026-05-21 02:12:33,037 - INFO - Fetching Open-Meteo data from 2024-11-13 to 2024-11-16
2026-05-21 02:12:33,649 - INFO - Inserted 288 new rows into weather_data.
2026-05-21 02:12:38,651 - INFO - Fetching DA prices from 2024-11-16 00:00:00+01:00 to 2024-11-19 00:00:00+01:00
2026-05-21 02:12:39,412 - INFO - Inserted 288 new rows into day_ahead_prices.
2026-05-21 02:12:39,413 - INFO - Fetching actual load from 2024-11-16 00:00:00+01:00 to 2024-11-19 00:00:00+01:00
2026-05-21 02:12:39,858 - INFO - Inserted 288 new rows into actual_load.
2026-05-21 02:12:39,858 - INFO - Fetching generation mix from 2024-11-16 00:00:00+01:00 to 2024-11-19 00:00:00+01:00
2026-05-21 02:12:41,847 - INFO - Inserted 288 new rows into generation_mix.
2026-05-21 02:12:41,848 - INFO - Fetching Open-Meteo data from 2024-11-16 to 2024-11-19
2026-05-21 02:12:42,705 - INFO - Inserted 288 new rows into weather_data.
2026-05-21 02:12:47,706 - INFO - Fetching DA prices from 2024-11-19 00:00:00+01:00 to 2024-11-22 00:00:00+01:00
2026-05-21 02:12:48,427 - INFO - Inserted 288 new rows into day_ahead_prices.
2026-05-21 02:12:48,428 - INFO - Fetching actual load from 2024-11-19 00:00:00+01:00 to 2024-11-22 00:00:00+01:00
2026-05-21 02:12:49,007 - INFO - Inserted 288 new rows into actual_load.
2026-05-21 02:12:49,007 - INFO - Fetching generation mix from 2024-11-19 00:00:00+01:00 to 2024-11-22 00:00:00+01:00
2026-05-21 02:12:51,129 - INFO - Inserted 288 new rows into generation_mix.
2026-05-21 02:12:51,130 - INFO - Fetching Open-Meteo data from 2024-11-19 to 2024-11-22
2026-05-21 02:12:51,664 - INFO - Inserted 288 new rows into weather_data.
2026-05-21 02:12:56,667 - INFO - Fetching DA prices from 2024-11-22 00:00:00+01:00 to 2024-11-25 00:00:00+01:00
2026-05-21 02:12:57,475 - INFO - Inserted 288 new rows into day_ahead_prices.
2026-05-21 02:12:57,476 - INFO - Fetching actual load from 2024-11-22 00:00:00+01:00 to 2024-11-25 00:00:00+01:00
2026-05-21 02:12:58,154 - INFO - Inserted 288 new rows into actual_load.
2026-05-21 02:12:58,154 - INFO - Fetching generation mix from 2024-11-22 00:00:00+01:00 to 2024-11-25 00:00:00+01:00
2026-05-21 02:13:00,143 - INFO - Inserted 288 new rows into generation_mix.
2026-05-21 02:13:00,145 - INFO - Fetching Open-Meteo data from 2024-11-22 to 2024-11-25
2026-05-21 02:13:00,814 - INFO - Inserted 288 new rows into weather_data.
2026-05-21 02:13:05,817 - INFO - Fetching DA prices from 2024-11-25 00:00:00+01:00 to 2024-11-28 00:00:00+01:00
2026-05-21 02:13:06,553 - INFO - Inserted 288 new rows into day_ahead_prices.
2026-05-21 02:13:06,553 - INFO - Fetching actual load from 2024-11-25 00:00:00+01:00 to 2024-11-28 00:00:00+01:00
2026-05-21 02:13:07,065 - INFO - Inserted 288 new rows into actual_load.
2026-05-21 02:13:07,065 - INFO - Fetching generation mix from 2024-11-25 00:00:00+01:00 to 2024-11-28 00:00:00+01:00
2026-05-21 02:13:09,104 - INFO - Inserted 288 new rows into generation_mix.
2026-05-21 02:13:09,105 - INFO - Fetching Open-Meteo data from 2024-11-25 to 2024-11-28
2026-05-21 02:13:09,695 - INFO - Inserted 288 new rows into weather_data.
2026-05-21 02:13:14,698 - INFO - Fetching DA prices from 2024-11-28 00:00:00+01:00 to 2024-12-01 00:00:00+01:00
2026-05-21 02:13:15,511 - INFO - Inserted 288 new rows into day_ahead_prices.
2026-05-21 02:13:15,511 - INFO - Fetching actual load from 2024-11-28 00:00:00+01:00 to 2024-12-01 00:00:00+01:00
2026-05-21 02:13:16,217 - INFO - Inserted 288 new rows into actual_load.
2026-05-21 02:13:16,217 - INFO - Fetching generation mix from 2024-11-28 00:00:00+01:00 to 2024-12-01 00:00:00+01:00
2026-05-21 02:13:18,289 - INFO - Inserted 288 new rows into generation_mix.
2026-05-21 02:13:18,290 - INFO - Fetching Open-Meteo data from 2024-11-28 to 2024-12-01
2026-05-21 02:13:19,140 - INFO - Inserted 288 new rows into weather_data.
2026-05-21 02:13:24,142 - INFO - Fetching DA prices from 2024-12-01 00:00:00+01:00 to 2024-12-04 00:00:00+01:00
2026-05-21 02:13:25,285 - INFO - Inserted 288 new rows into day_ahead_prices.
2026-05-21 02:13:25,286 - INFO - Fetching actual load from 2024-12-01 00:00:00+01:00 to 2024-12-04 00:00:00+01:00
2026-05-21 02:13:25,969 - INFO - Inserted 288 new rows into actual_load.
2026-05-21 02:13:25,969 - INFO - Fetching generation mix from 2024-12-01 00:00:00+01:00 to 2024-12-04 00:00:00+01:00
2026-05-21 02:13:27,791 - INFO - Inserted 288 new rows into generation_mix.
2026-05-21 02:13:27,792 - INFO - Fetching Open-Meteo data from 2024-12-01 to 2024-12-04
2026-05-21 02:13:28,415 - INFO - Inserted 288 new rows into weather_data.
2026-05-21 02:13:33,418 - INFO - Fetching DA prices from 2024-12-04 00:00:00+01:00 to 2024-12-07 00:00:00+01:00
2026-05-21 02:13:34,929 - INFO - Inserted 288 new rows into day_ahead_prices.
2026-05-21 02:13:34,930 - INFO - Fetching actual load from 2024-12-04 00:00:00+01:00 to 2024-12-07 00:00:00+01:00
2026-05-21 02:13:35,430 - INFO - Inserted 288 new rows into actual_load.
2026-05-21 02:13:35,431 - INFO - Fetching generation mix from 2024-12-04 00:00:00+01:00 to 2024-12-07 00:00:00+01:00
2026-05-21 02:13:37,172 - INFO - Inserted 288 new rows into generation_mix.
2026-05-21 02:13:37,173 - INFO - Fetching Open-Meteo data from 2024-12-04 to 2024-12-07
2026-05-21 02:13:37,696 - INFO - Inserted 288 new rows into weather_data.
2026-05-21 02:13:42,698 - INFO - Fetching DA prices from 2024-12-07 00:00:00+01:00 to 2024-12-10 00:00:00+01:00
2026-05-21 02:13:43,415 - INFO - Inserted 288 new rows into day_ahead_prices.
2026-05-21 02:13:43,415 - INFO - Fetching actual load from 2024-12-07 00:00:00+01:00 to 2024-12-10 00:00:00+01:00
2026-05-21 02:13:43,949 - INFO - Inserted 288 new rows into actual_load.
2026-05-21 02:13:43,950 - INFO - Fetching generation mix from 2024-12-07 00:00:00+01:00 to 2024-12-10 00:00:00+01:00
2026-05-21 02:13:45,894 - INFO - Inserted 288 new rows into generation_mix.
2026-05-21 02:13:45,895 - INFO - Fetching Open-Meteo data from 2024-12-07 to 2024-12-10
2026-05-21 02:13:47,406 - INFO - Inserted 288 new rows into weather_data.
2026-05-21 02:13:52,409 - INFO - Fetching DA prices from 2024-12-10 00:00:00+01:00 to 2024-12-13 00:00:00+01:00
2026-05-21 02:13:53,235 - INFO - Inserted 288 new rows into day_ahead_prices.
2026-05-21 02:13:53,235 - INFO - Fetching actual load from 2024-12-10 00:00:00+01:00 to 2024-12-13 00:00:00+01:00
2026-05-21 02:13:53,940 - INFO - Inserted 288 new rows into actual_load.
2026-05-21 02:13:53,941 - INFO - Fetching generation mix from 2024-12-10 00:00:00+01:00 to 2024-12-13 00:00:00+01:00
2026-05-21 02:13:55,819 - INFO - Inserted 288 new rows into generation_mix.
2026-05-21 02:13:55,820 - INFO - Fetching Open-Meteo data from 2024-12-10 to 2024-12-13
2026-05-21 02:13:57,076 - INFO - Inserted 288 new rows into weather_data.
2026-05-21 02:14:02,079 - INFO - Fetching DA prices from 2024-12-13 00:00:00+01:00 to 2024-12-16 00:00:00+01:00
2026-05-21 02:14:02,953 - INFO - Inserted 288 new rows into day_ahead_prices.
2026-05-21 02:14:02,954 - INFO - Fetching actual load from 2024-12-13 00:00:00+01:00 to 2024-12-16 00:00:00+01:00
2026-05-21 02:14:03,409 - INFO - Inserted 288 new rows into actual_load.
2026-05-21 02:14:03,410 - INFO - Fetching generation mix from 2024-12-13 00:00:00+01:00 to 2024-12-16 00:00:00+01:00
2026-05-21 02:14:05,233 - INFO - Inserted 288 new rows into generation_mix.
2026-05-21 02:14:05,234 - INFO - Fetching Open-Meteo data from 2024-12-13 to 2024-12-16
2026-05-21 02:14:05,757 - INFO - Inserted 288 new rows into weather_data.
2026-05-21 02:14:10,759 - INFO - Fetching DA prices from 2024-12-16 00:00:00+01:00 to 2024-12-19 00:00:00+01:00
2026-05-21 02:14:11,554 - INFO - Inserted 288 new rows into day_ahead_prices.
2026-05-21 02:14:11,554 - INFO - Fetching actual load from 2024-12-16 00:00:00+01:00 to 2024-12-19 00:00:00+01:00
2026-05-21 02:14:12,210 - INFO - Inserted 288 new rows into actual_load.
2026-05-21 02:14:12,211 - INFO - Fetching generation mix from 2024-12-16 00:00:00+01:00 to 2024-12-19 00:00:00+01:00
2026-05-21 02:14:13,978 - INFO - Inserted 288 new rows into generation_mix.
2026-05-21 02:14:13,979 - INFO - Fetching Open-Meteo data from 2024-12-16 to 2024-12-19
2026-05-21 02:14:14,657 - INFO - Inserted 288 new rows into weather_data.
2026-05-21 02:14:19,660 - INFO - Fetching DA prices from 2024-12-19 00:00:00+01:00 to 2024-12-22 00:00:00+01:00
2026-05-21 02:14:20,468 - INFO - Inserted 288 new rows into day_ahead_prices.
2026-05-21 02:14:20,469 - INFO - Fetching actual load from 2024-12-19 00:00:00+01:00 to 2024-12-22 00:00:00+01:00
2026-05-21 02:14:21,013 - INFO - Inserted 288 new rows into actual_load.
2026-05-21 02:14:21,014 - INFO - Fetching generation mix from 2024-12-19 00:00:00+01:00 to 2024-12-22 00:00:00+01:00
2026-05-21 02:14:23,038 - INFO - Inserted 288 new rows into generation_mix.
2026-05-21 02:14:23,038 - INFO - Fetching Open-Meteo data from 2024-12-19 to 2024-12-22
2026-05-21 02:14:23,574 - INFO - Inserted 288 new rows into weather_data.
2026-05-21 02:14:28,576 - INFO - Fetching DA prices from 2024-12-22 00:00:00+01:00 to 2024-12-25 00:00:00+01:00
2026-05-21 02:14:29,490 - INFO - Inserted 288 new rows into day_ahead_prices.
2026-05-21 02:14:29,490 - INFO - Fetching actual load from 2024-12-22 00:00:00+01:00 to 2024-12-25 00:00:00+01:00
2026-05-21 02:14:29,958 - INFO - Inserted 288 new rows into actual_load.
2026-05-21 02:14:29,958 - INFO - Fetching generation mix from 2024-12-22 00:00:00+01:00 to 2024-12-25 00:00:00+01:00
2026-05-21 02:14:31,741 - INFO - Inserted 288 new rows into generation_mix.
2026-05-21 02:14:31,741 - INFO - Fetching Open-Meteo data from 2024-12-22 to 2024-12-25
2026-05-21 02:14:32,513 - INFO - Inserted 288 new rows into weather_data.
2026-05-21 02:14:37,516 - INFO - Fetching DA prices from 2024-12-25 00:00:00+01:00 to 2024-12-28 00:00:00+01:00
2026-05-21 02:14:38,526 - INFO - Inserted 288 new rows into day_ahead_prices.
2026-05-21 02:14:38,526 - INFO - Fetching actual load from 2024-12-25 00:00:00+01:00 to 2024-12-28 00:00:00+01:00
2026-05-21 02:14:39,127 - INFO - Inserted 288 new rows into actual_load.
2026-05-21 02:14:39,127 - INFO - Fetching generation mix from 2024-12-25 00:00:00+01:00 to 2024-12-28 00:00:00+01:00
2026-05-21 02:14:40,905 - INFO - Inserted 288 new rows into generation_mix.
2026-05-21 02:14:40,906 - INFO - Fetching Open-Meteo data from 2024-12-25 to 2024-12-28
2026-05-21 02:14:41,663 - INFO - Inserted 288 new rows into weather_data.
2026-05-21 02:14:46,665 - INFO - Fetching DA prices from 2024-12-28 00:00:00+01:00 to 2024-12-31 00:00:00+01:00
2026-05-21 02:14:47,406 - INFO - Inserted 288 new rows into day_ahead_prices.
2026-05-21 02:14:47,407 - INFO - Fetching actual load from 2024-12-28 00:00:00+01:00 to 2024-12-31 00:00:00+01:00
2026-05-21 02:14:47,929 - INFO - Inserted 288 new rows into actual_load.
2026-05-21 02:14:47,930 - INFO - Fetching generation mix from 2024-12-28 00:00:00+01:00 to 2024-12-31 00:00:00+01:00
2026-05-21 02:14:49,947 - INFO - Inserted 288 new rows into generation_mix.
2026-05-21 02:14:49,948 - INFO - Fetching Open-Meteo data from 2024-12-28 to 2024-12-31
2026-05-21 02:14:50,483 - INFO - Inserted 288 new rows into weather_data.
2026-05-21 02:14:55,485 - INFO - Fetching DA prices from 2024-12-31 00:00:00+01:00 to 2025-01-03 00:00:00+01:00
2026-05-21 02:14:56,363 - INFO - Inserted 288 new rows into day_ahead_prices.
2026-05-21 02:14:56,363 - INFO - Fetching actual load from 2024-12-31 00:00:00+01:00 to 2025-01-03 00:00:00+01:00
2026-05-21 02:14:56,941 - INFO - Inserted 288 new rows into actual_load.
2026-05-21 02:14:56,942 - INFO - Fetching generation mix from 2024-12-31 00:00:00+01:00 to 2025-01-03 00:00:00+01:00
2026-05-21 02:14:58,842 - INFO - Inserted 288 new rows into generation_mix.
2026-05-21 02:14:58,843 - INFO - Fetching Open-Meteo data from 2024-12-31 to 2025-01-03
2026-05-21 02:15:00,038 - INFO - Inserted 288 new rows into weather_data.
2026-05-21 02:15:05,041 - INFO - Fetching DA prices from 2025-01-03 00:00:00+01:00 to 2025-01-06 00:00:00+01:00
2026-05-21 02:15:07,185 - INFO - Inserted 288 new rows into day_ahead_prices.
2026-05-21 02:15:07,185 - INFO - Fetching actual load from 2025-01-03 00:00:00+01:00 to 2025-01-06 00:00:00+01:00
2026-05-21 02:15:08,666 - INFO - Inserted 288 new rows into actual_load.
2026-05-21 02:15:08,666 - INFO - Fetching generation mix from 2025-01-03 00:00:00+01:00 to 2025-01-06 00:00:00+01:00
2026-05-21 02:15:10,967 - INFO - Inserted 288 new rows into generation_mix.
2026-05-21 02:15:10,968 - INFO - Fetching Open-Meteo data from 2025-01-03 to 2025-01-06
2026-05-21 02:15:11,535 - INFO - Inserted 288 new rows into weather_data.
2026-05-21 02:15:16,538 - INFO - Fetching DA prices from 2025-01-06 00:00:00+01:00 to 2025-01-09 00:00:00+01:00
2026-05-21 02:15:17,335 - INFO - Inserted 288 new rows into day_ahead_prices.
2026-05-21 02:15:17,336 - INFO - Fetching actual load from 2025-01-06 00:00:00+01:00 to 2025-01-09 00:00:00+01:00
2026-05-21 02:15:17,847 - INFO - Inserted 288 new rows into actual_load.
2026-05-21 02:15:17,847 - INFO - Fetching generation mix from 2025-01-06 00:00:00+01:00 to 2025-01-09 00:00:00+01:00
2026-05-21 02:15:20,449 - INFO - Inserted 288 new rows into generation_mix.
2026-05-21 02:15:20,450 - INFO - Fetching Open-Meteo data from 2025-01-06 to 2025-01-09
2026-05-21 02:15:21,057 - INFO - Inserted 288 new rows into weather_data.
2026-05-21 02:15:26,059 - INFO - Fetching DA prices from 2025-01-09 00:00:00+01:00 to 2025-01-12 00:00:00+01:00
2026-05-21 02:15:27,388 - INFO - Inserted 288 new rows into day_ahead_prices.
2026-05-21 02:15:27,389 - INFO - Fetching actual load from 2025-01-09 00:00:00+01:00 to 2025-01-12 00:00:00+01:00
2026-05-21 02:15:28,122 - INFO - Inserted 288 new rows into actual_load.
2026-05-21 02:15:28,123 - INFO - Fetching generation mix from 2025-01-09 00:00:00+01:00 to 2025-01-12 00:00:00+01:00
2026-05-21 02:15:30,835 - INFO - Inserted 288 new rows into generation_mix.
2026-05-21 02:15:30,836 - INFO - Fetching Open-Meteo data from 2025-01-09 to 2025-01-12
2026-05-21 02:15:31,482 - INFO - Inserted 288 new rows into weather_data.
2026-05-21 02:15:36,484 - INFO - Fetching DA prices from 2025-01-12 00:00:00+01:00 to 2025-01-15 00:00:00+01:00
2026-05-21 02:15:37,300 - INFO - Inserted 288 new rows into day_ahead_prices.
2026-05-21 02:15:37,301 - INFO - Fetching actual load from 2025-01-12 00:00:00+01:00 to 2025-01-15 00:00:00+01:00
2026-05-21 02:15:38,012 - INFO - Inserted 288 new rows into actual_load.
2026-05-21 02:15:38,013 - INFO - Fetching generation mix from 2025-01-12 00:00:00+01:00 to 2025-01-15 00:00:00+01:00
2026-05-21 02:15:40,215 - INFO - Inserted 288 new rows into generation_mix.
2026-05-21 02:15:40,216 - INFO - Fetching Open-Meteo data from 2025-01-12 to 2025-01-15
2026-05-21 02:15:40,845 - INFO - Inserted 288 new rows into weather_data.
2026-05-21 02:15:45,848 - INFO - Fetching DA prices from 2025-01-15 00:00:00+01:00 to 2025-01-18 00:00:00+01:00
2026-05-21 02:15:46,695 - INFO - Inserted 288 new rows into day_ahead_prices.
2026-05-21 02:15:46,695 - INFO - Fetching actual load from 2025-01-15 00:00:00+01:00 to 2025-01-18 00:00:00+01:00
2026-05-21 02:15:47,418 - INFO - Inserted 288 new rows into actual_load.
2026-05-21 02:15:47,419 - INFO - Fetching generation mix from 2025-01-15 00:00:00+01:00 to 2025-01-18 00:00:00+01:00
2026-05-21 02:15:50,297 - INFO - Inserted 288 new rows into generation_mix.
2026-05-21 02:15:50,297 - INFO - Fetching Open-Meteo data from 2025-01-15 to 2025-01-18
2026-05-21 02:15:50,944 - INFO - Inserted 288 new rows into weather_data.
2026-05-21 02:15:55,946 - INFO - Fetching DA prices from 2025-01-18 00:00:00+01:00 to 2025-01-21 00:00:00+01:00
2026-05-21 02:15:56,736 - INFO - Inserted 288 new rows into day_ahead_prices.
2026-05-21 02:15:56,737 - INFO - Fetching actual load from 2025-01-18 00:00:00+01:00 to 2025-01-21 00:00:00+01:00
2026-05-21 02:15:57,247 - INFO - Inserted 288 new rows into actual_load.
2026-05-21 02:15:57,248 - INFO - Fetching generation mix from 2025-01-18 00:00:00+01:00 to 2025-01-21 00:00:00+01:00
2026-05-21 02:15:59,559 - INFO - Inserted 288 new rows into generation_mix.
2026-05-21 02:15:59,560 - INFO - Fetching Open-Meteo data from 2025-01-18 to 2025-01-21
2026-05-21 02:16:00,139 - INFO - Inserted 288 new rows into weather_data.
2026-05-21 02:16:05,140 - INFO - Fetching DA prices from 2025-01-21 00:00:00+01:00 to 2025-01-24 00:00:00+01:00
2026-05-21 02:16:05,933 - INFO - Inserted 288 new rows into day_ahead_prices.
2026-05-21 02:16:05,934 - INFO - Fetching actual load from 2025-01-21 00:00:00+01:00 to 2025-01-24 00:00:00+01:00
2026-05-21 02:16:06,406 - INFO - Inserted 288 new rows into actual_load.
2026-05-21 02:16:06,406 - INFO - Fetching generation mix from 2025-01-21 00:00:00+01:00 to 2025-01-24 00:00:00+01:00
2026-05-21 02:16:08,584 - INFO - Inserted 288 new rows into generation_mix.
2026-05-21 02:16:08,585 - INFO - Fetching Open-Meteo data from 2025-01-21 to 2025-01-24
2026-05-21 02:16:09,130 - INFO - Inserted 288 new rows into weather_data.
2026-05-21 02:16:14,133 - INFO - Fetching DA prices from 2025-01-24 00:00:00+01:00 to 2025-01-27 00:00:00+01:00
2026-05-21 02:16:15,307 - INFO - Inserted 288 new rows into day_ahead_prices.
2026-05-21 02:16:15,307 - INFO - Fetching actual load from 2025-01-24 00:00:00+01:00 to 2025-01-27 00:00:00+01:00
2026-05-21 02:16:15,908 - INFO - Inserted 288 new rows into actual_load.
2026-05-21 02:16:15,908 - INFO - Fetching generation mix from 2025-01-24 00:00:00+01:00 to 2025-01-27 00:00:00+01:00
2026-05-21 02:16:17,980 - INFO - Inserted 288 new rows into generation_mix.
2026-05-21 02:16:17,981 - INFO - Fetching Open-Meteo data from 2025-01-24 to 2025-01-27
2026-05-21 02:16:18,582 - INFO - Inserted 288 new rows into weather_data.
2026-05-21 02:16:23,585 - INFO - Fetching DA prices from 2025-01-27 00:00:00+01:00 to 2025-01-30 00:00:00+01:00
2026-05-21 02:16:24,381 - INFO - Inserted 288 new rows into day_ahead_prices.
2026-05-21 02:16:24,381 - INFO - Fetching actual load from 2025-01-27 00:00:00+01:00 to 2025-01-30 00:00:00+01:00
2026-05-21 02:16:24,926 - INFO - Inserted 288 new rows into actual_load.
2026-05-21 02:16:24,926 - INFO - Fetching generation mix from 2025-01-27 00:00:00+01:00 to 2025-01-30 00:00:00+01:00
2026-05-21 02:16:27,038 - INFO - Inserted 288 new rows into generation_mix.
2026-05-21 02:16:27,039 - INFO - Fetching Open-Meteo data from 2025-01-27 to 2025-01-30
2026-05-21 02:16:27,718 - INFO - Inserted 288 new rows into weather_data.
2026-05-21 02:16:32,720 - INFO - Fetching DA prices from 2025-01-30 00:00:00+01:00 to 2025-02-02 00:00:00+01:00
2026-05-21 02:16:33,513 - INFO - Inserted 288 new rows into day_ahead_prices.
2026-05-21 02:16:33,513 - INFO - Fetching actual load from 2025-01-30 00:00:00+01:00 to 2025-02-02 00:00:00+01:00
2026-05-21 02:16:34,136 - INFO - Inserted 288 new rows into actual_load.
2026-05-21 02:16:34,136 - INFO - Fetching generation mix from 2025-01-30 00:00:00+01:00 to 2025-02-02 00:00:00+01:00
2026-05-21 02:16:35,892 - INFO - Inserted 288 new rows into generation_mix.
2026-05-21 02:16:35,893 - INFO - Fetching Open-Meteo data from 2025-01-30 to 2025-02-02
2026-05-21 02:16:36,472 - INFO - Inserted 288 new rows into weather_data.
2026-05-21 02:16:41,474 - INFO - Fetching DA prices from 2025-02-02 00:00:00+01:00 to 2025-02-05 00:00:00+01:00
2026-05-21 02:16:42,167 - INFO - Inserted 288 new rows into day_ahead_prices.
2026-05-21 02:16:42,167 - INFO - Fetching actual load from 2025-02-02 00:00:00+01:00 to 2025-02-05 00:00:00+01:00
2026-05-21 02:16:42,778 - INFO - Inserted 288 new rows into actual_load.
2026-05-21 02:16:42,779 - INFO - Fetching generation mix from 2025-02-02 00:00:00+01:00 to 2025-02-05 00:00:00+01:00
2026-05-21 02:16:44,446 - INFO - Inserted 288 new rows into generation_mix.
2026-05-21 02:16:44,447 - INFO - Fetching Open-Meteo data from 2025-02-02 to 2025-02-05
2026-05-21 02:16:44,970 - INFO - Inserted 288 new rows into weather_data.
2026-05-21 02:16:49,973 - INFO - Fetching DA prices from 2025-02-05 00:00:00+01:00 to 2025-02-08 00:00:00+01:00
2026-05-21 02:16:50,809 - INFO - Inserted 288 new rows into day_ahead_prices.
2026-05-21 02:16:50,810 - INFO - Fetching actual load from 2025-02-05 00:00:00+01:00 to 2025-02-08 00:00:00+01:00
2026-05-21 02:16:51,321 - INFO - Inserted 288 new rows into actual_load.
2026-05-21 02:16:51,322 - INFO - Fetching generation mix from 2025-02-05 00:00:00+01:00 to 2025-02-08 00:00:00+01:00
2026-05-21 02:16:52,956 - INFO - Inserted 288 new rows into generation_mix.
2026-05-21 02:16:52,957 - INFO - Fetching Open-Meteo data from 2025-02-05 to 2025-02-08
2026-05-21 02:16:53,457 - INFO - Inserted 288 new rows into weather_data.
2026-05-21 02:16:58,460 - INFO - Fetching DA prices from 2025-02-08 00:00:00+01:00 to 2025-02-11 00:00:00+01:00
2026-05-21 02:16:59,287 - INFO - Inserted 288 new rows into day_ahead_prices.
2026-05-21 02:16:59,288 - INFO - Fetching actual load from 2025-02-08 00:00:00+01:00 to 2025-02-11 00:00:00+01:00
2026-05-21 02:16:59,744 - INFO - Inserted 288 new rows into actual_load.
2026-05-21 02:16:59,745 - INFO - Fetching generation mix from 2025-02-08 00:00:00+01:00 to 2025-02-11 00:00:00+01:00
2026-05-21 02:17:01,578 - INFO - Inserted 288 new rows into generation_mix.
2026-05-21 02:17:01,579 - INFO - Fetching Open-Meteo data from 2025-02-08 to 2025-02-11
2026-05-21 02:17:02,240 - INFO - Inserted 288 new rows into weather_data.
2026-05-21 02:17:07,243 - INFO - Fetching DA prices from 2025-02-11 00:00:00+01:00 to 2025-02-14 00:00:00+01:00
2026-05-21 02:17:07,980 - INFO - Inserted 288 new rows into day_ahead_prices.
2026-05-21 02:17:07,981 - INFO - Fetching actual load from 2025-02-11 00:00:00+01:00 to 2025-02-14 00:00:00+01:00
2026-05-21 02:17:08,426 - INFO - Inserted 288 new rows into actual_load.
2026-05-21 02:17:08,426 - INFO - Fetching generation mix from 2025-02-11 00:00:00+01:00 to 2025-02-14 00:00:00+01:00
2026-05-21 02:17:10,205 - INFO - Inserted 288 new rows into generation_mix.
2026-05-21 02:17:10,206 - INFO - Fetching Open-Meteo data from 2025-02-11 to 2025-02-14
2026-05-21 02:17:10,771 - INFO - Inserted 288 new rows into weather_data.
2026-05-21 02:17:15,774 - INFO - Fetching DA prices from 2025-02-14 00:00:00+01:00 to 2025-02-17 00:00:00+01:00
2026-05-21 02:17:16,514 - INFO - Inserted 288 new rows into day_ahead_prices.
2026-05-21 02:17:16,515 - INFO - Fetching actual load from 2025-02-14 00:00:00+01:00 to 2025-02-17 00:00:00+01:00
2026-05-21 02:17:17,211 - INFO - Inserted 288 new rows into actual_load.
2026-05-21 02:17:17,211 - INFO - Fetching generation mix from 2025-02-14 00:00:00+01:00 to 2025-02-17 00:00:00+01:00
2026-05-21 02:17:19,078 - INFO - Inserted 288 new rows into generation_mix.
2026-05-21 02:17:19,079 - INFO - Fetching Open-Meteo data from 2025-02-14 to 2025-02-17
2026-05-21 02:17:19,780 - INFO - Inserted 288 new rows into weather_data.
2026-05-21 02:17:24,782 - INFO - Fetching DA prices from 2025-02-17 00:00:00+01:00 to 2025-02-20 00:00:00+01:00
2026-05-21 02:17:25,633 - INFO - Inserted 288 new rows into day_ahead_prices.
2026-05-21 02:17:25,633 - INFO - Fetching actual load from 2025-02-17 00:00:00+01:00 to 2025-02-20 00:00:00+01:00
2026-05-21 02:17:26,611 - INFO - Inserted 288 new rows into actual_load.
2026-05-21 02:17:26,612 - INFO - Fetching generation mix from 2025-02-17 00:00:00+01:00 to 2025-02-20 00:00:00+01:00
2026-05-21 02:17:28,712 - INFO - Inserted 288 new rows into generation_mix.
2026-05-21 02:17:28,713 - INFO - Fetching Open-Meteo data from 2025-02-17 to 2025-02-20
2026-05-21 02:17:29,208 - INFO - Inserted 288 new rows into weather_data.
2026-05-21 02:17:34,210 - INFO - Fetching DA prices from 2025-02-20 00:00:00+01:00 to 2025-02-23 00:00:00+01:00
2026-05-21 02:17:34,976 - INFO - Inserted 288 new rows into day_ahead_prices.
2026-05-21 02:17:34,976 - INFO - Fetching actual load from 2025-02-20 00:00:00+01:00 to 2025-02-23 00:00:00+01:00
2026-05-21 02:17:35,577 - INFO - Inserted 288 new rows into actual_load.
2026-05-21 02:17:35,577 - INFO - Fetching generation mix from 2025-02-20 00:00:00+01:00 to 2025-02-23 00:00:00+01:00
2026-05-21 02:17:37,882 - INFO - Inserted 288 new rows into generation_mix.
2026-05-21 02:17:37,883 - INFO - Fetching Open-Meteo data from 2025-02-20 to 2025-02-23
2026-05-21 02:17:38,597 - INFO - Inserted 288 new rows into weather_data.
2026-05-21 02:17:43,599 - INFO - Fetching DA prices from 2025-02-23 00:00:00+01:00 to 2025-02-26 00:00:00+01:00
2026-05-21 02:17:44,307 - INFO - Inserted 288 new rows into day_ahead_prices.
2026-05-21 02:17:44,307 - INFO - Fetching actual load from 2025-02-23 00:00:00+01:00 to 2025-02-26 00:00:00+01:00
2026-05-21 02:17:44,763 - INFO - Inserted 288 new rows into actual_load.
2026-05-21 02:17:44,764 - INFO - Fetching generation mix from 2025-02-23 00:00:00+01:00 to 2025-02-26 00:00:00+01:00
2026-05-21 02:17:46,542 - INFO - Inserted 288 new rows into generation_mix.
2026-05-21 02:17:46,543 - INFO - Fetching Open-Meteo data from 2025-02-23 to 2025-02-26
2026-05-21 02:17:47,177 - INFO - Inserted 288 new rows into weather_data.
2026-05-21 02:17:52,179 - INFO - Fetching DA prices from 2025-02-26 00:00:00+01:00 to 2025-03-01 00:00:00+01:00
2026-05-21 02:17:52,916 - INFO - Inserted 288 new rows into day_ahead_prices.
2026-05-21 02:17:52,917 - INFO - Fetching actual load from 2025-02-26 00:00:00+01:00 to 2025-03-01 00:00:00+01:00
2026-05-21 02:17:53,484 - INFO - Inserted 288 new rows into actual_load.
2026-05-21 02:17:53,484 - INFO - Fetching generation mix from 2025-02-26 00:00:00+01:00 to 2025-03-01 00:00:00+01:00
2026-05-21 02:17:55,151 - INFO - Inserted 288 new rows into generation_mix.
2026-05-21 02:17:55,152 - INFO - Fetching Open-Meteo data from 2025-02-26 to 2025-03-01
2026-05-21 02:17:55,720 - INFO - Inserted 288 new rows into weather_data.
2026-05-21 02:18:00,721 - INFO - Fetching DA prices from 2025-03-01 00:00:00+01:00 to 2025-03-04 00:00:00+01:00
2026-05-21 02:18:02,388 - INFO - Inserted 288 new rows into day_ahead_prices.
2026-05-21 02:18:02,389 - INFO - Fetching actual load from 2025-03-01 00:00:00+01:00 to 2025-03-04 00:00:00+01:00
2026-05-21 02:18:02,889 - INFO - Inserted 288 new rows into actual_load.
2026-05-21 02:18:02,890 - INFO - Fetching generation mix from 2025-03-01 00:00:00+01:00 to 2025-03-04 00:00:00+01:00
2026-05-21 02:18:04,835 - INFO - Inserted 288 new rows into generation_mix.
2026-05-21 02:18:04,835 - INFO - Fetching Open-Meteo data from 2025-03-01 to 2025-03-04
2026-05-21 02:18:05,381 - INFO - Inserted 288 new rows into weather_data.
2026-05-21 02:18:10,383 - INFO - Fetching DA prices from 2025-03-04 00:00:00+01:00 to 2025-03-07 00:00:00+01:00
2026-05-21 02:18:11,303 - INFO - Inserted 288 new rows into day_ahead_prices.
2026-05-21 02:18:11,304 - INFO - Fetching actual load from 2025-03-04 00:00:00+01:00 to 2025-03-07 00:00:00+01:00
2026-05-21 02:18:11,904 - INFO - Inserted 288 new rows into actual_load.
2026-05-21 02:18:11,905 - INFO - Fetching generation mix from 2025-03-04 00:00:00+01:00 to 2025-03-07 00:00:00+01:00
2026-05-21 02:18:15,004 - INFO - Inserted 288 new rows into generation_mix.
2026-05-21 02:18:15,005 - INFO - Fetching Open-Meteo data from 2025-03-04 to 2025-03-07
2026-05-21 02:18:15,517 - INFO - Inserted 288 new rows into weather_data.
2026-05-21 02:18:20,519 - INFO - Fetching DA prices from 2025-03-07 00:00:00+01:00 to 2025-03-10 00:00:00+01:00
2026-05-21 02:18:21,530 - INFO - Inserted 288 new rows into day_ahead_prices.
2026-05-21 02:18:21,530 - INFO - Fetching actual load from 2025-03-07 00:00:00+01:00 to 2025-03-10 00:00:00+01:00
2026-05-21 02:18:22,042 - INFO - Inserted 288 new rows into actual_load.
2026-05-21 02:18:22,042 - INFO - Fetching generation mix from 2025-03-07 00:00:00+01:00 to 2025-03-10 00:00:00+01:00
2026-05-21 02:18:23,934 - INFO - Inserted 288 new rows into generation_mix.
2026-05-21 02:18:23,935 - INFO - Fetching Open-Meteo data from 2025-03-07 to 2025-03-10
2026-05-21 02:18:24,569 - INFO - Inserted 288 new rows into weather_data.
2026-05-21 02:18:29,572 - INFO - Fetching DA prices from 2025-03-10 00:00:00+01:00 to 2025-03-13 00:00:00+01:00
2026-05-21 02:18:30,313 - INFO - Inserted 288 new rows into day_ahead_prices.
2026-05-21 02:18:30,314 - INFO - Fetching actual load from 2025-03-10 00:00:00+01:00 to 2025-03-13 00:00:00+01:00
2026-05-21 02:18:30,859 - INFO - Inserted 288 new rows into actual_load.
2026-05-21 02:18:30,859 - INFO - Fetching generation mix from 2025-03-10 00:00:00+01:00 to 2025-03-13 00:00:00+01:00
2026-05-21 02:18:33,162 - INFO - Inserted 288 new rows into generation_mix.
2026-05-21 02:18:33,162 - INFO - Fetching Open-Meteo data from 2025-03-10 to 2025-03-13
2026-05-21 02:18:33,719 - INFO - Inserted 288 new rows into weather_data.
2026-05-21 02:18:38,722 - INFO - Fetching DA prices from 2025-03-13 00:00:00+01:00 to 2025-03-16 00:00:00+01:00
2026-05-21 02:18:39,473 - INFO - Inserted 288 new rows into day_ahead_prices.
2026-05-21 02:18:39,473 - INFO - Fetching actual load from 2025-03-13 00:00:00+01:00 to 2025-03-16 00:00:00+01:00
2026-05-21 02:18:39,996 - INFO - Inserted 288 new rows into actual_load.
2026-05-21 02:18:39,996 - INFO - Fetching generation mix from 2025-03-13 00:00:00+01:00 to 2025-03-16 00:00:00+01:00
2026-05-21 02:18:42,136 - INFO - Inserted 288 new rows into generation_mix.
2026-05-21 02:18:42,137 - INFO - Fetching Open-Meteo data from 2025-03-13 to 2025-03-16
2026-05-21 02:18:42,737 - INFO - Inserted 288 new rows into weather_data.
2026-05-21 02:18:47,740 - INFO - Fetching DA prices from 2025-03-16 00:00:00+01:00 to 2025-03-19 00:00:00+01:00
2026-05-21 02:18:48,487 - INFO - Inserted 288 new rows into day_ahead_prices.
2026-05-21 02:18:48,488 - INFO - Fetching actual load from 2025-03-16 00:00:00+01:00 to 2025-03-19 00:00:00+01:00
2026-05-21 02:18:49,104 - INFO - Inserted 288 new rows into actual_load.
2026-05-21 02:18:49,104 - INFO - Fetching generation mix from 2025-03-16 00:00:00+01:00 to 2025-03-19 00:00:00+01:00
2026-05-21 02:18:51,249 - INFO - Inserted 288 new rows into generation_mix.
2026-05-21 02:18:51,250 - INFO - Fetching Open-Meteo data from 2025-03-16 to 2025-03-19
2026-05-21 02:18:51,829 - INFO - Inserted 288 new rows into weather_data.
2026-05-21 02:18:56,831 - INFO - Fetching DA prices from 2025-03-19 00:00:00+01:00 to 2025-03-22 00:00:00+01:00
2026-05-21 02:18:57,553 - INFO - Inserted 288 new rows into day_ahead_prices.
2026-05-21 02:18:57,553 - INFO - Fetching actual load from 2025-03-19 00:00:00+01:00 to 2025-03-22 00:00:00+01:00
2026-05-21 02:18:57,987 - INFO - Inserted 288 new rows into actual_load.
2026-05-21 02:18:57,988 - INFO - Fetching generation mix from 2025-03-19 00:00:00+01:00 to 2025-03-22 00:00:00+01:00
2026-05-21 02:19:00,080 - INFO - Inserted 288 new rows into generation_mix.
2026-05-21 02:19:00,080 - INFO - Fetching Open-Meteo data from 2025-03-19 to 2025-03-22
2026-05-21 02:19:00,693 - INFO - Inserted 288 new rows into weather_data.
2026-05-21 02:19:05,695 - INFO - Fetching DA prices from 2025-03-22 00:00:00+01:00 to 2025-03-25 00:00:00+01:00
2026-05-21 02:19:06,628 - INFO - Inserted 288 new rows into day_ahead_prices.
2026-05-21 02:19:06,628 - INFO - Fetching actual load from 2025-03-22 00:00:00+01:00 to 2025-03-25 00:00:00+01:00
2026-05-21 02:19:07,217 - INFO - Inserted 288 new rows into actual_load.
2026-05-21 02:19:07,218 - INFO - Fetching generation mix from 2025-03-22 00:00:00+01:00 to 2025-03-25 00:00:00+01:00
2026-05-21 02:19:09,073 - INFO - Inserted 288 new rows into generation_mix.
2026-05-21 02:19:09,073 - INFO - Fetching Open-Meteo data from 2025-03-22 to 2025-03-25
2026-05-21 02:19:09,586 - INFO - Inserted 288 new rows into weather_data.
2026-05-21 02:19:14,588 - INFO - Fetching DA prices from 2025-03-25 00:00:00+01:00 to 2025-03-28 00:00:00+01:00
2026-05-21 02:19:15,384 - INFO - Inserted 288 new rows into day_ahead_prices.
2026-05-21 02:19:15,384 - INFO - Fetching actual load from 2025-03-25 00:00:00+01:00 to 2025-03-28 00:00:00+01:00
2026-05-21 02:19:15,929 - INFO - Inserted 288 new rows into actual_load.
2026-05-21 02:19:15,929 - INFO - Fetching generation mix from 2025-03-25 00:00:00+01:00 to 2025-03-28 00:00:00+01:00
2026-05-21 02:19:18,423 - INFO - Inserted 288 new rows into generation_mix.
2026-05-21 02:19:18,424 - INFO - Fetching Open-Meteo data from 2025-03-25 to 2025-03-28
2026-05-21 02:19:19,119 - INFO - Inserted 288 new rows into weather_data.
2026-05-21 02:19:24,122 - INFO - Fetching DA prices from 2025-03-28 00:00:00+01:00 to 2025-04-01 00:00:00+02:00
2026-05-21 02:19:25,002 - INFO - Inserted 380 new rows into day_ahead_prices.
2026-05-21 02:19:25,003 - INFO - Fetching actual load from 2025-03-28 00:00:00+01:00 to 2025-04-01 00:00:00+02:00
2026-05-21 02:19:25,569 - INFO - Inserted 380 new rows into actual_load.
2026-05-21 02:19:25,570 - INFO - Fetching generation mix from 2025-03-28 00:00:00+01:00 to 2025-04-01 00:00:00+02:00
2026-05-21 02:19:28,042 - INFO - Inserted 380 new rows into generation_mix.
2026-05-21 02:19:28,043 - INFO - Fetching Open-Meteo data from 2025-03-28 to 2025-04-01
2026-05-21 02:19:29,214 - INFO - Inserted 384 new rows into weather_data.
2026-05-21 02:19:34,217 - INFO - Fetching DA prices from 2025-04-01 00:00:00+02:00 to 2025-04-04 00:00:00+02:00
2026-05-21 02:19:34,903 - INFO - Inserted 288 new rows into day_ahead_prices.
2026-05-21 02:19:34,903 - INFO - Fetching actual load from 2025-04-01 00:00:00+02:00 to 2025-04-04 00:00:00+02:00
2026-05-21 02:19:35,437 - INFO - Inserted 288 new rows into actual_load.
2026-05-21 02:19:35,438 - INFO - Fetching generation mix from 2025-04-01 00:00:00+02:00 to 2025-04-04 00:00:00+02:00
2026-05-21 02:19:37,399 - INFO - Inserted 288 new rows into generation_mix.
2026-05-21 02:19:37,400 - INFO - Fetching Open-Meteo data from 2025-04-01 to 2025-04-04
2026-05-21 02:19:38,026 - INFO - Inserted 288 new rows into weather_data.
2026-05-21 02:19:43,029 - INFO - Fetching DA prices from 2025-04-04 00:00:00+02:00 to 2025-04-07 00:00:00+02:00
2026-05-21 02:19:43,969 - INFO - Inserted 288 new rows into day_ahead_prices.
2026-05-21 02:19:43,969 - INFO - Fetching actual load from 2025-04-04 00:00:00+02:00 to 2025-04-07 00:00:00+02:00
2026-05-21 02:19:44,436 - INFO - Inserted 288 new rows into actual_load.
2026-05-21 02:19:44,437 - INFO - Fetching generation mix from 2025-04-04 00:00:00+02:00 to 2025-04-07 00:00:00+02:00
2026-05-21 02:19:46,140 - INFO - Inserted 288 new rows into generation_mix.
2026-05-21 02:19:46,141 - INFO - Fetching Open-Meteo data from 2025-04-04 to 2025-04-07
2026-05-21 02:19:46,709 - INFO - Inserted 288 new rows into weather_data.
2026-05-21 02:19:51,711 - INFO - Fetching DA prices from 2025-04-07 00:00:00+02:00 to 2025-04-10 00:00:00+02:00
2026-05-21 02:19:52,450 - INFO - Inserted 288 new rows into day_ahead_prices.
2026-05-21 02:19:52,451 - INFO - Fetching actual load from 2025-04-07 00:00:00+02:00 to 2025-04-10 00:00:00+02:00
2026-05-21 02:19:52,962 - INFO - Inserted 288 new rows into actual_load.
2026-05-21 02:19:52,963 - INFO - Fetching generation mix from 2025-04-07 00:00:00+02:00 to 2025-04-10 00:00:00+02:00
2026-05-21 02:19:54,685 - INFO - Inserted 288 new rows into generation_mix.
2026-05-21 02:19:54,686 - INFO - Fetching Open-Meteo data from 2025-04-07 to 2025-04-10
2026-05-21 02:19:55,220 - INFO - Inserted 288 new rows into weather_data.
2026-05-21 02:20:00,222 - INFO - Fetching DA prices from 2025-04-10 00:00:00+02:00 to 2025-04-13 00:00:00+02:00
2026-05-21 02:20:02,152 - INFO - Inserted 288 new rows into day_ahead_prices.
2026-05-21 02:20:02,153 - INFO - Fetching actual load from 2025-04-10 00:00:00+02:00 to 2025-04-13 00:00:00+02:00
2026-05-21 02:20:10,575 - INFO - Inserted 288 new rows into actual_load.
2026-05-21 02:20:10,576 - INFO - Fetching generation mix from 2025-04-10 00:00:00+02:00 to 2025-04-13 00:00:00+02:00
2026-05-21 02:20:14,357 - INFO - Inserted 288 new rows into generation_mix.
2026-05-21 02:20:14,358 - INFO - Fetching Open-Meteo data from 2025-04-10 to 2025-04-13
2026-05-21 02:20:15,015 - INFO - Inserted 288 new rows into weather_data.
2026-05-21 02:20:20,018 - INFO - Fetching DA prices from 2025-04-13 00:00:00+02:00 to 2025-04-16 00:00:00+02:00
2026-05-21 02:20:21,678 - INFO - Inserted 288 new rows into day_ahead_prices.
2026-05-21 02:20:21,679 - INFO - Fetching actual load from 2025-04-13 00:00:00+02:00 to 2025-04-16 00:00:00+02:00
2026-05-21 02:20:22,213 - INFO - Inserted 288 new rows into actual_load.
2026-05-21 02:20:22,213 - INFO - Fetching generation mix from 2025-04-13 00:00:00+02:00 to 2025-04-16 00:00:00+02:00
2026-05-21 02:20:24,254 - INFO - Inserted 288 new rows into generation_mix.
2026-05-21 02:20:24,255 - INFO - Fetching Open-Meteo data from 2025-04-13 to 2025-04-16
2026-05-21 02:20:24,911 - INFO - Inserted 288 new rows into weather_data.
2026-05-21 02:20:29,914 - INFO - Fetching DA prices from 2025-04-16 00:00:00+02:00 to 2025-04-19 00:00:00+02:00
2026-05-21 02:20:30,672 - INFO - Inserted 288 new rows into day_ahead_prices.
2026-05-21 02:20:30,673 - INFO - Fetching actual load from 2025-04-16 00:00:00+02:00 to 2025-04-19 00:00:00+02:00
2026-05-21 02:20:31,362 - INFO - Inserted 288 new rows into actual_load.
2026-05-21 02:20:31,363 - INFO - Fetching generation mix from 2025-04-16 00:00:00+02:00 to 2025-04-19 00:00:00+02:00
2026-05-21 02:20:34,001 - INFO - Inserted 288 new rows into generation_mix.
2026-05-21 02:20:34,002 - INFO - Fetching Open-Meteo data from 2025-04-16 to 2025-04-19
2026-05-21 02:20:34,537 - INFO - Inserted 288 new rows into weather_data.
2026-05-21 02:20:39,539 - INFO - Fetching DA prices from 2025-04-19 00:00:00+02:00 to 2025-04-22 00:00:00+02:00
2026-05-21 02:20:40,367 - INFO - Inserted 288 new rows into day_ahead_prices.
2026-05-21 02:20:40,367 - INFO - Fetching actual load from 2025-04-19 00:00:00+02:00 to 2025-04-22 00:00:00+02:00
2026-05-21 02:20:41,012 - INFO - Inserted 288 new rows into actual_load.
2026-05-21 02:20:41,013 - INFO - Fetching generation mix from 2025-04-19 00:00:00+02:00 to 2025-04-22 00:00:00+02:00
2026-05-21 02:20:42,993 - INFO - Inserted 288 new rows into generation_mix.
2026-05-21 02:20:42,994 - INFO - Fetching Open-Meteo data from 2025-04-19 to 2025-04-22
2026-05-21 02:20:43,666 - INFO - Inserted 288 new rows into weather_data.
2026-05-21 02:20:48,668 - INFO - Fetching DA prices from 2025-04-22 00:00:00+02:00 to 2025-04-25 00:00:00+02:00
2026-05-21 02:20:49,478 - INFO - Inserted 288 new rows into day_ahead_prices.
2026-05-21 02:20:49,479 - INFO - Fetching actual load from 2025-04-22 00:00:00+02:00 to 2025-04-25 00:00:00+02:00
2026-05-21 02:20:49,924 - INFO - Inserted 288 new rows into actual_load.
2026-05-21 02:20:49,924 - INFO - Fetching generation mix from 2025-04-22 00:00:00+02:00 to 2025-04-25 00:00:00+02:00
2026-05-21 02:20:52,268 - INFO - Inserted 288 new rows into generation_mix.
2026-05-21 02:20:52,269 - INFO - Fetching Open-Meteo data from 2025-04-22 to 2025-04-25
2026-05-21 02:20:52,881 - INFO - Inserted 288 new rows into weather_data.
2026-05-21 02:20:57,884 - INFO - Fetching DA prices from 2025-04-25 00:00:00+02:00 to 2025-04-28 00:00:00+02:00
2026-05-21 02:20:58,656 - INFO - Inserted 288 new rows into day_ahead_prices.
2026-05-21 02:20:58,657 - INFO - Fetching actual load from 2025-04-25 00:00:00+02:00 to 2025-04-28 00:00:00+02:00
2026-05-21 02:20:59,124 - INFO - Inserted 288 new rows into actual_load.
2026-05-21 02:20:59,124 - INFO - Fetching generation mix from 2025-04-25 00:00:00+02:00 to 2025-04-28 00:00:00+02:00
2026-05-21 02:21:01,286 - INFO - Inserted 288 new rows into generation_mix.
2026-05-21 02:21:01,287 - INFO - Fetching Open-Meteo data from 2025-04-25 to 2025-04-28
2026-05-21 02:21:01,914 - INFO - Inserted 288 new rows into weather_data.
2026-05-21 02:21:06,916 - INFO - Fetching DA prices from 2025-04-28 00:00:00+02:00 to 2025-05-01 00:00:00+02:00
2026-05-21 02:21:08,319 - INFO - Inserted 288 new rows into day_ahead_prices.
2026-05-21 02:21:08,320 - INFO - Fetching actual load from 2025-04-28 00:00:00+02:00 to 2025-05-01 00:00:00+02:00
2026-05-21 02:21:10,776 - INFO - Inserted 288 new rows into actual_load.
2026-05-21 02:21:10,776 - INFO - Fetching generation mix from 2025-04-28 00:00:00+02:00 to 2025-05-01 00:00:00+02:00
2026-05-21 02:21:12,866 - INFO - Inserted 288 new rows into generation_mix.
2026-05-21 02:21:12,867 - INFO - Fetching Open-Meteo data from 2025-04-28 to 2025-05-01
2026-05-21 02:21:13,457 - INFO - Inserted 288 new rows into weather_data.
2026-05-21 02:21:18,458 - INFO - Fetching DA prices from 2025-05-01 00:00:00+02:00 to 2025-05-04 00:00:00+02:00
2026-05-21 02:21:19,322 - INFO - Inserted 288 new rows into day_ahead_prices.
2026-05-21 02:21:19,323 - INFO - Fetching actual load from 2025-05-01 00:00:00+02:00 to 2025-05-04 00:00:00+02:00
2026-05-21 02:21:19,951 - INFO - Inserted 288 new rows into actual_load.
2026-05-21 02:21:19,952 - INFO - Fetching generation mix from 2025-05-01 00:00:00+02:00 to 2025-05-04 00:00:00+02:00
2026-05-21 02:21:22,575 - INFO - Inserted 288 new rows into generation_mix.
2026-05-21 02:21:22,575 - INFO - Fetching Open-Meteo data from 2025-05-01 to 2025-05-04
2026-05-21 02:21:23,143 - INFO - Inserted 288 new rows into weather_data.
2026-05-21 02:21:28,146 - INFO - Fetching DA prices from 2025-05-04 00:00:00+02:00 to 2025-05-07 00:00:00+02:00
2026-05-21 02:21:28,997 - INFO - Inserted 288 new rows into day_ahead_prices.
2026-05-21 02:21:28,997 - INFO - Fetching actual load from 2025-05-04 00:00:00+02:00 to 2025-05-07 00:00:00+02:00
2026-05-21 02:21:29,538 - INFO - Inserted 288 new rows into actual_load.
2026-05-21 02:21:29,539 - INFO - Fetching generation mix from 2025-05-04 00:00:00+02:00 to 2025-05-07 00:00:00+02:00
2026-05-21 02:21:31,461 - INFO - Inserted 288 new rows into generation_mix.
2026-05-21 02:21:31,462 - INFO - Fetching Open-Meteo data from 2025-05-04 to 2025-05-07
2026-05-21 02:21:31,941 - INFO - Inserted 288 new rows into weather_data.
2026-05-21 02:21:36,943 - INFO - Fetching DA prices from 2025-05-07 00:00:00+02:00 to 2025-05-10 00:00:00+02:00
2026-05-21 02:21:37,740 - INFO - Inserted 288 new rows into day_ahead_prices.
2026-05-21 02:21:37,741 - INFO - Fetching actual load from 2025-05-07 00:00:00+02:00 to 2025-05-10 00:00:00+02:00
2026-05-21 02:21:38,219 - INFO - Inserted 288 new rows into actual_load.
2026-05-21 02:21:38,220 - INFO - Fetching generation mix from 2025-05-07 00:00:00+02:00 to 2025-05-10 00:00:00+02:00
2026-05-21 02:21:40,284 - INFO - Inserted 288 new rows into generation_mix.
2026-05-21 02:21:40,285 - INFO - Fetching Open-Meteo data from 2025-05-07 to 2025-05-10
2026-05-21 02:21:41,085 - INFO - Inserted 288 new rows into weather_data.
2026-05-21 02:21:46,087 - INFO - Fetching DA prices from 2025-05-10 00:00:00+02:00 to 2025-05-13 00:00:00+02:00
2026-05-21 02:21:46,893 - INFO - Inserted 288 new rows into day_ahead_prices.
2026-05-21 02:21:46,894 - INFO - Fetching actual load from 2025-05-10 00:00:00+02:00 to 2025-05-13 00:00:00+02:00
2026-05-21 02:21:47,405 - INFO - Inserted 288 new rows into actual_load.
2026-05-21 02:21:47,406 - INFO - Fetching generation mix from 2025-05-10 00:00:00+02:00 to 2025-05-13 00:00:00+02:00
2026-05-21 02:21:49,175 - INFO - Inserted 288 new rows into generation_mix.
2026-05-21 02:21:49,176 - INFO - Fetching Open-Meteo data from 2025-05-10 to 2025-05-13
2026-05-21 02:21:49,710 - INFO - Inserted 288 new rows into weather_data.
2026-05-21 02:21:54,713 - INFO - Fetching DA prices from 2025-05-13 00:00:00+02:00 to 2025-05-16 00:00:00+02:00
2026-05-21 02:21:55,526 - INFO - Inserted 288 new rows into day_ahead_prices.
2026-05-21 02:21:55,526 - INFO - Fetching actual load from 2025-05-13 00:00:00+02:00 to 2025-05-16 00:00:00+02:00
2026-05-21 02:21:56,060 - INFO - Inserted 288 new rows into actual_load.
2026-05-21 02:21:56,061 - INFO - Fetching generation mix from 2025-05-13 00:00:00+02:00 to 2025-05-16 00:00:00+02:00
2026-05-21 02:21:57,732 - INFO - Inserted 288 new rows into generation_mix.
2026-05-21 02:21:57,733 - INFO - Fetching Open-Meteo data from 2025-05-13 to 2025-05-16
2026-05-21 02:21:58,701 - INFO - Inserted 288 new rows into weather_data.
2026-05-21 02:22:03,703 - INFO - Fetching DA prices from 2025-05-16 00:00:00+02:00 to 2025-05-19 00:00:00+02:00
2026-05-21 02:22:04,462 - INFO - Inserted 288 new rows into day_ahead_prices.
2026-05-21 02:22:04,463 - INFO - Fetching actual load from 2025-05-16 00:00:00+02:00 to 2025-05-19 00:00:00+02:00
2026-05-21 02:22:05,063 - INFO - Inserted 288 new rows into actual_load.
2026-05-21 02:22:05,064 - INFO - Fetching generation mix from 2025-05-16 00:00:00+02:00 to 2025-05-19 00:00:00+02:00
2026-05-21 02:22:06,853 - INFO - Inserted 288 new rows into generation_mix.
2026-05-21 02:22:06,854 - INFO - Fetching Open-Meteo data from 2025-05-16 to 2025-05-19
2026-05-21 02:22:07,366 - INFO - Inserted 288 new rows into weather_data.
2026-05-21 02:22:12,368 - INFO - Fetching DA prices from 2025-05-19 00:00:00+02:00 to 2025-05-22 00:00:00+02:00
2026-05-21 02:22:13,240 - INFO - Inserted 288 new rows into day_ahead_prices.
2026-05-21 02:22:13,241 - INFO - Fetching actual load from 2025-05-19 00:00:00+02:00 to 2025-05-22 00:00:00+02:00
2026-05-21 02:22:13,764 - INFO - Inserted 288 new rows into actual_load.
2026-05-21 02:22:13,764 - INFO - Fetching generation mix from 2025-05-19 00:00:00+02:00 to 2025-05-22 00:00:00+02:00
2026-05-21 02:22:15,631 - INFO - Inserted 288 new rows into generation_mix.
2026-05-21 02:22:15,633 - INFO - Fetching Open-Meteo data from 2025-05-19 to 2025-05-22
2026-05-21 02:22:16,267 - INFO - Inserted 288 new rows into weather_data.
2026-05-21 02:22:21,269 - INFO - Fetching DA prices from 2025-05-22 00:00:00+02:00 to 2025-05-25 00:00:00+02:00
2026-05-21 02:22:22,133 - INFO - Inserted 288 new rows into day_ahead_prices.
2026-05-21 02:22:22,134 - INFO - Fetching actual load from 2025-05-22 00:00:00+02:00 to 2025-05-25 00:00:00+02:00
2026-05-21 02:22:22,779 - INFO - Inserted 288 new rows into actual_load.
2026-05-21 02:22:22,779 - INFO - Fetching generation mix from 2025-05-22 00:00:00+02:00 to 2025-05-25 00:00:00+02:00
2026-05-21 02:22:24,752 - INFO - Inserted 288 new rows into generation_mix.
2026-05-21 02:22:24,753 - INFO - Fetching Open-Meteo data from 2025-05-22 to 2025-05-25
2026-05-21 02:22:25,354 - INFO - Inserted 288 new rows into weather_data.
2026-05-21 02:22:30,356 - INFO - Fetching DA prices from 2025-05-25 00:00:00+02:00 to 2025-05-28 00:00:00+02:00
2026-05-21 02:22:31,562 - INFO - Inserted 288 new rows into day_ahead_prices.
2026-05-21 02:22:31,562 - INFO - Fetching actual load from 2025-05-25 00:00:00+02:00 to 2025-05-28 00:00:00+02:00
2026-05-21 02:22:32,140 - INFO - Inserted 288 new rows into actual_load.
2026-05-21 02:22:32,141 - INFO - Fetching generation mix from 2025-05-25 00:00:00+02:00 to 2025-05-28 00:00:00+02:00
2026-05-21 02:22:33,935 - INFO - Inserted 288 new rows into generation_mix.
2026-05-21 02:22:33,936 - INFO - Fetching Open-Meteo data from 2025-05-25 to 2025-05-28
2026-05-21 02:22:34,459 - INFO - Inserted 288 new rows into weather_data.
2026-05-21 02:22:39,462 - INFO - Fetching DA prices from 2025-05-28 00:00:00+02:00 to 2025-05-31 00:00:00+02:00
2026-05-21 02:22:40,358 - INFO - Inserted 288 new rows into day_ahead_prices.
2026-05-21 02:22:40,359 - INFO - Fetching actual load from 2025-05-28 00:00:00+02:00 to 2025-05-31 00:00:00+02:00
2026-05-21 02:22:40,926 - INFO - Inserted 288 new rows into actual_load.
2026-05-21 02:22:40,926 - INFO - Fetching generation mix from 2025-05-28 00:00:00+02:00 to 2025-05-31 00:00:00+02:00
2026-05-21 02:22:42,920 - INFO - Inserted 288 new rows into generation_mix.
2026-05-21 02:22:42,920 - INFO - Fetching Open-Meteo data from 2025-05-28 to 2025-05-31
2026-05-21 02:22:43,468 - INFO - Inserted 288 new rows into weather_data.
2026-05-21 02:22:48,471 - INFO - Fetching DA prices from 2025-05-31 00:00:00+02:00 to 2025-06-03 00:00:00+02:00
2026-05-21 02:22:49,535 - INFO - Inserted 288 new rows into day_ahead_prices.
2026-05-21 02:22:49,535 - INFO - Fetching actual load from 2025-05-31 00:00:00+02:00 to 2025-06-03 00:00:00+02:00
2026-05-21 02:22:50,092 - INFO - Inserted 288 new rows into actual_load.
2026-05-21 02:22:50,092 - INFO - Fetching generation mix from 2025-05-31 00:00:00+02:00 to 2025-06-03 00:00:00+02:00
2026-05-21 02:22:51,826 - INFO - Inserted 288 new rows into generation_mix.
2026-05-21 02:22:51,827 - INFO - Fetching Open-Meteo data from 2025-05-31 to 2025-06-03
2026-05-21 02:22:52,428 - INFO - Inserted 288 new rows into weather_data.
2026-05-21 02:22:57,430 - INFO - Fetching DA prices from 2025-06-03 00:00:00+02:00 to 2025-06-06 00:00:00+02:00
2026-05-21 02:22:58,417 - INFO - Inserted 288 new rows into day_ahead_prices.
2026-05-21 02:22:58,417 - INFO - Fetching actual load from 2025-06-03 00:00:00+02:00 to 2025-06-06 00:00:00+02:00
2026-05-21 02:22:58,973 - INFO - Inserted 288 new rows into actual_load.
2026-05-21 02:22:58,974 - INFO - Fetching generation mix from 2025-06-03 00:00:00+02:00 to 2025-06-06 00:00:00+02:00
2026-05-21 02:23:00,685 - INFO - Inserted 288 new rows into generation_mix.
2026-05-21 02:23:00,686 - INFO - Fetching Open-Meteo data from 2025-06-03 to 2025-06-06
2026-05-21 02:23:01,487 - INFO - Inserted 288 new rows into weather_data.
2026-05-21 02:23:06,489 - INFO - Fetching DA prices from 2025-06-06 00:00:00+02:00 to 2025-06-09 00:00:00+02:00
2026-05-21 02:23:07,226 - INFO - Inserted 288 new rows into day_ahead_prices.
2026-05-21 02:23:07,226 - INFO - Fetching actual load from 2025-06-06 00:00:00+02:00 to 2025-06-09 00:00:00+02:00
2026-05-21 02:23:07,727 - INFO - Inserted 288 new rows into actual_load.
2026-05-21 02:23:07,727 - INFO - Fetching generation mix from 2025-06-06 00:00:00+02:00 to 2025-06-09 00:00:00+02:00
2026-05-21 02:23:09,439 - INFO - Inserted 288 new rows into generation_mix.
2026-05-21 02:23:09,439 - INFO - Fetching Open-Meteo data from 2025-06-06 to 2025-06-09
2026-05-21 02:23:10,096 - INFO - Inserted 288 new rows into weather_data.
2026-05-21 02:23:15,099 - INFO - Fetching DA prices from 2025-06-09 00:00:00+02:00 to 2025-06-12 00:00:00+02:00
2026-05-21 02:23:15,907 - INFO - Inserted 288 new rows into day_ahead_prices.
2026-05-21 02:23:15,908 - INFO - Fetching actual load from 2025-06-09 00:00:00+02:00 to 2025-06-12 00:00:00+02:00
2026-05-21 02:23:16,430 - INFO - Inserted 288 new rows into actual_load.
2026-05-21 02:23:16,431 - INFO - Fetching generation mix from 2025-06-09 00:00:00+02:00 to 2025-06-12 00:00:00+02:00
2026-05-21 02:23:18,436 - INFO - Inserted 288 new rows into generation_mix.
2026-05-21 02:23:18,437 - INFO - Fetching Open-Meteo data from 2025-06-09 to 2025-06-12
2026-05-21 02:23:19,116 - INFO - Inserted 288 new rows into weather_data.
2026-05-21 02:23:24,118 - INFO - Fetching DA prices from 2025-06-12 00:00:00+02:00 to 2025-06-15 00:00:00+02:00
2026-05-21 02:23:24,891 - INFO - Inserted 288 new rows into day_ahead_prices.
2026-05-21 02:23:24,891 - INFO - Fetching actual load from 2025-06-12 00:00:00+02:00 to 2025-06-15 00:00:00+02:00
2026-05-21 02:23:25,445 - INFO - Inserted 288 new rows into actual_load.
2026-05-21 02:23:25,445 - INFO - Fetching generation mix from 2025-06-12 00:00:00+02:00 to 2025-06-15 00:00:00+02:00
2026-05-21 02:23:27,534 - INFO - Inserted 288 new rows into generation_mix.
2026-05-21 02:23:27,535 - INFO - Fetching Open-Meteo data from 2025-06-12 to 2025-06-15
2026-05-21 02:23:28,091 - INFO - Inserted 288 new rows into weather_data.
2026-05-21 02:23:33,093 - INFO - Fetching DA prices from 2025-06-15 00:00:00+02:00 to 2025-06-18 00:00:00+02:00
2026-05-21 02:23:33,943 - INFO - Inserted 288 new rows into day_ahead_prices.
2026-05-21 02:23:33,943 - INFO - Fetching actual load from 2025-06-15 00:00:00+02:00 to 2025-06-18 00:00:00+02:00
2026-05-21 02:23:34,500 - INFO - Inserted 288 new rows into actual_load.
2026-05-21 02:23:34,500 - INFO - Fetching generation mix from 2025-06-15 00:00:00+02:00 to 2025-06-18 00:00:00+02:00
2026-05-21 02:23:37,805 - INFO - Inserted 288 new rows into generation_mix.
2026-05-21 02:23:37,806 - INFO - Fetching Open-Meteo data from 2025-06-15 to 2025-06-18
2026-05-21 02:23:38,433 - INFO - Inserted 288 new rows into weather_data.
2026-05-21 02:23:43,436 - INFO - Fetching DA prices from 2025-06-18 00:00:00+02:00 to 2025-06-21 00:00:00+02:00
2026-05-21 02:23:44,161 - INFO - Inserted 288 new rows into day_ahead_prices.
2026-05-21 02:23:44,162 - INFO - Fetching actual load from 2025-06-18 00:00:00+02:00 to 2025-06-21 00:00:00+02:00
2026-05-21 02:23:44,629 - INFO - Inserted 288 new rows into actual_load.
2026-05-21 02:23:44,629 - INFO - Fetching generation mix from 2025-06-18 00:00:00+02:00 to 2025-06-21 00:00:00+02:00
2026-05-21 02:23:46,321 - INFO - Inserted 288 new rows into generation_mix.
2026-05-21 02:23:46,322 - INFO - Fetching Open-Meteo data from 2025-06-18 to 2025-06-21
2026-05-21 02:23:46,867 - INFO - Inserted 288 new rows into weather_data.
2026-05-21 02:23:51,870 - INFO - Fetching DA prices from 2025-06-21 00:00:00+02:00 to 2025-06-24 00:00:00+02:00
2026-05-21 02:23:52,670 - INFO - Inserted 288 new rows into day_ahead_prices.
2026-05-21 02:23:52,671 - INFO - Fetching actual load from 2025-06-21 00:00:00+02:00 to 2025-06-24 00:00:00+02:00
2026-05-21 02:23:53,304 - INFO - Inserted 288 new rows into actual_load.
2026-05-21 02:23:53,305 - INFO - Fetching generation mix from 2025-06-21 00:00:00+02:00 to 2025-06-24 00:00:00+02:00
2026-05-21 02:23:54,994 - INFO - Inserted 288 new rows into generation_mix.
2026-05-21 02:23:54,995 - INFO - Fetching Open-Meteo data from 2025-06-21 to 2025-06-24
2026-05-21 02:23:56,663 - INFO - Inserted 288 new rows into weather_data.
2026-05-21 02:24:01,665 - INFO - Fetching DA prices from 2025-06-24 00:00:00+02:00 to 2025-06-27 00:00:00+02:00
2026-05-21 02:24:02,454 - INFO - Inserted 288 new rows into day_ahead_prices.
2026-05-21 02:24:02,454 - INFO - Fetching actual load from 2025-06-24 00:00:00+02:00 to 2025-06-27 00:00:00+02:00
2026-05-21 02:24:03,198 - INFO - Inserted 288 new rows into actual_load.
2026-05-21 02:24:03,198 - INFO - Fetching generation mix from 2025-06-24 00:00:00+02:00 to 2025-06-27 00:00:00+02:00
2026-05-21 02:24:04,988 - INFO - Inserted 288 new rows into generation_mix.
2026-05-21 02:24:04,988 - INFO - Fetching Open-Meteo data from 2025-06-24 to 2025-06-27
2026-05-21 02:24:05,578 - INFO - Inserted 288 new rows into weather_data.
2026-05-21 02:24:10,580 - INFO - Fetching DA prices from 2025-06-27 00:00:00+02:00 to 2025-06-30 00:00:00+02:00
2026-05-21 02:24:11,386 - INFO - Inserted 288 new rows into day_ahead_prices.
2026-05-21 02:24:11,387 - INFO - Fetching actual load from 2025-06-27 00:00:00+02:00 to 2025-06-30 00:00:00+02:00
2026-05-21 02:24:11,887 - INFO - Inserted 288 new rows into actual_load.
2026-05-21 02:24:11,888 - INFO - Fetching generation mix from 2025-06-27 00:00:00+02:00 to 2025-06-30 00:00:00+02:00
2026-05-21 02:24:13,733 - INFO - Inserted 288 new rows into generation_mix.
2026-05-21 02:24:13,734 - INFO - Fetching Open-Meteo data from 2025-06-27 to 2025-06-30
2026-05-21 02:24:14,223 - INFO - Inserted 288 new rows into weather_data.
2026-05-21 02:24:19,226 - INFO - Fetching DA prices from 2025-06-30 00:00:00+02:00 to 2025-07-03 00:00:00+02:00
2026-05-21 02:24:19,976 - INFO - Inserted 288 new rows into day_ahead_prices.
2026-05-21 02:24:19,977 - INFO - Fetching actual load from 2025-06-30 00:00:00+02:00 to 2025-07-03 00:00:00+02:00
2026-05-21 02:24:20,466 - INFO - Inserted 288 new rows into actual_load.
2026-05-21 02:24:20,466 - INFO - Fetching generation mix from 2025-06-30 00:00:00+02:00 to 2025-07-03 00:00:00+02:00
2026-05-21 02:24:22,358 - INFO - Inserted 288 new rows into generation_mix.
2026-05-21 02:24:22,359 - INFO - Fetching Open-Meteo data from 2025-06-30 to 2025-07-03
2026-05-21 02:24:23,538 - INFO - Inserted 288 new rows into weather_data.
2026-05-21 02:24:28,540 - INFO - Fetching DA prices from 2025-07-03 00:00:00+02:00 to 2025-07-06 00:00:00+02:00
2026-05-21 02:24:29,336 - INFO - Inserted 288 new rows into day_ahead_prices.
2026-05-21 02:24:29,336 - INFO - Fetching actual load from 2025-07-03 00:00:00+02:00 to 2025-07-06 00:00:00+02:00
2026-05-21 02:24:29,824 - INFO - Inserted 288 new rows into actual_load.
2026-05-21 02:24:29,824 - INFO - Fetching generation mix from 2025-07-03 00:00:00+02:00 to 2025-07-06 00:00:00+02:00
2026-05-21 02:24:31,574 - INFO - Inserted 288 new rows into generation_mix.
2026-05-21 02:24:31,575 - INFO - Fetching Open-Meteo data from 2025-07-03 to 2025-07-06
2026-05-21 02:24:32,120 - INFO - Inserted 288 new rows into weather_data.
2026-05-21 02:24:37,122 - INFO - Fetching DA prices from 2025-07-06 00:00:00+02:00 to 2025-07-09 00:00:00+02:00
2026-05-21 02:24:37,908 - INFO - Inserted 288 new rows into day_ahead_prices.
2026-05-21 02:24:37,909 - INFO - Fetching actual load from 2025-07-06 00:00:00+02:00 to 2025-07-09 00:00:00+02:00
2026-05-21 02:24:38,476 - INFO - Inserted 288 new rows into actual_load.
2026-05-21 02:24:38,476 - INFO - Fetching generation mix from 2025-07-06 00:00:00+02:00 to 2025-07-09 00:00:00+02:00
2026-05-21 02:24:40,806 - INFO - Inserted 288 new rows into generation_mix.
2026-05-21 02:24:40,807 - INFO - Fetching Open-Meteo data from 2025-07-06 to 2025-07-09
2026-05-21 02:24:41,319 - INFO - Inserted 288 new rows into weather_data.
2026-05-21 02:24:46,322 - INFO - Fetching DA prices from 2025-07-09 00:00:00+02:00 to 2025-07-12 00:00:00+02:00
2026-05-21 02:24:47,052 - INFO - Inserted 288 new rows into day_ahead_prices.
2026-05-21 02:24:47,053 - INFO - Fetching actual load from 2025-07-09 00:00:00+02:00 to 2025-07-12 00:00:00+02:00
2026-05-21 02:24:47,609 - INFO - Inserted 288 new rows into actual_load.
2026-05-21 02:24:47,609 - INFO - Fetching generation mix from 2025-07-09 00:00:00+02:00 to 2025-07-12 00:00:00+02:00
2026-05-21 02:24:50,113 - INFO - Inserted 288 new rows into generation_mix.
2026-05-21 02:24:50,114 - INFO - Fetching Open-Meteo data from 2025-07-09 to 2025-07-12
2026-05-21 02:24:50,808 - INFO - Inserted 288 new rows into weather_data.
2026-05-21 02:24:55,810 - INFO - Fetching DA prices from 2025-07-12 00:00:00+02:00 to 2025-07-15 00:00:00+02:00
2026-05-21 02:24:56,662 - INFO - Inserted 288 new rows into day_ahead_prices.
2026-05-21 02:24:56,662 - INFO - Fetching actual load from 2025-07-12 00:00:00+02:00 to 2025-07-15 00:00:00+02:00
2026-05-21 02:24:57,324 - INFO - Inserted 288 new rows into actual_load.
2026-05-21 02:24:57,325 - INFO - Fetching generation mix from 2025-07-12 00:00:00+02:00 to 2025-07-15 00:00:00+02:00
2026-05-21 02:24:59,036 - INFO - Inserted 288 new rows into generation_mix.
2026-05-21 02:24:59,037 - INFO - Fetching Open-Meteo data from 2025-07-12 to 2025-07-15
2026-05-21 02:24:59,581 - INFO - Inserted 288 new rows into weather_data.
2026-05-21 02:25:04,584 - INFO - Fetching DA prices from 2025-07-15 00:00:00+02:00 to 2025-07-18 00:00:00+02:00
2026-05-21 02:25:05,478 - INFO - Inserted 288 new rows into day_ahead_prices.
2026-05-21 02:25:05,479 - INFO - Fetching actual load from 2025-07-15 00:00:00+02:00 to 2025-07-18 00:00:00+02:00
2026-05-21 02:25:06,087 - INFO - Inserted 288 new rows into actual_load.
2026-05-21 02:25:06,088 - INFO - Fetching generation mix from 2025-07-15 00:00:00+02:00 to 2025-07-18 00:00:00+02:00
2026-05-21 02:25:07,891 - INFO - Inserted 288 new rows into generation_mix.
2026-05-21 02:25:07,892 - INFO - Fetching Open-Meteo data from 2025-07-15 to 2025-07-18
2026-05-21 02:25:08,470 - INFO - Inserted 288 new rows into weather_data.
2026-05-21 02:25:13,472 - INFO - Fetching DA prices from 2025-07-18 00:00:00+02:00 to 2025-07-21 00:00:00+02:00
2026-05-21 02:25:14,247 - INFO - Inserted 288 new rows into day_ahead_prices.
2026-05-21 02:25:14,247 - INFO - Fetching actual load from 2025-07-18 00:00:00+02:00 to 2025-07-21 00:00:00+02:00
2026-05-21 02:25:14,759 - INFO - Inserted 288 new rows into actual_load.
2026-05-21 02:25:14,759 - INFO - Fetching generation mix from 2025-07-18 00:00:00+02:00 to 2025-07-21 00:00:00+02:00
2026-05-21 02:25:16,686 - INFO - Inserted 288 new rows into generation_mix.
2026-05-21 02:25:16,686 - INFO - Fetching Open-Meteo data from 2025-07-18 to 2025-07-21
2026-05-21 02:25:17,430 - INFO - Inserted 288 new rows into weather_data.
2026-05-21 02:25:22,433 - INFO - Fetching DA prices from 2025-07-21 00:00:00+02:00 to 2025-07-24 00:00:00+02:00
2026-05-21 02:25:23,252 - INFO - Inserted 288 new rows into day_ahead_prices.
2026-05-21 02:25:23,252 - INFO - Fetching actual load from 2025-07-21 00:00:00+02:00 to 2025-07-24 00:00:00+02:00
2026-05-21 02:25:23,819 - INFO - Inserted 288 new rows into actual_load.
2026-05-21 02:25:23,820 - INFO - Fetching generation mix from 2025-07-21 00:00:00+02:00 to 2025-07-24 00:00:00+02:00
2026-05-21 02:25:26,041 - INFO - Inserted 288 new rows into generation_mix.
2026-05-21 02:25:26,042 - INFO - Fetching Open-Meteo data from 2025-07-21 to 2025-07-24
2026-05-21 02:25:26,803 - INFO - Inserted 288 new rows into weather_data.
2026-05-21 02:25:31,805 - INFO - Fetching DA prices from 2025-07-24 00:00:00+02:00 to 2025-07-27 00:00:00+02:00
2026-05-21 02:25:32,567 - INFO - Inserted 288 new rows into day_ahead_prices.
2026-05-21 02:25:32,567 - INFO - Fetching actual load from 2025-07-24 00:00:00+02:00 to 2025-07-27 00:00:00+02:00
2026-05-21 02:25:33,123 - INFO - Inserted 288 new rows into actual_load.
2026-05-21 02:25:33,124 - INFO - Fetching generation mix from 2025-07-24 00:00:00+02:00 to 2025-07-27 00:00:00+02:00
2026-05-21 02:25:34,857 - INFO - Inserted 288 new rows into generation_mix.
2026-05-21 02:25:34,858 - INFO - Fetching Open-Meteo data from 2025-07-24 to 2025-07-27
2026-05-21 02:25:35,359 - INFO - Inserted 288 new rows into weather_data.
2026-05-21 02:25:40,362 - INFO - Fetching DA prices from 2025-07-27 00:00:00+02:00 to 2025-07-30 00:00:00+02:00
2026-05-21 02:25:41,144 - INFO - Inserted 288 new rows into day_ahead_prices.
2026-05-21 02:25:41,144 - INFO - Fetching actual load from 2025-07-27 00:00:00+02:00 to 2025-07-30 00:00:00+02:00
2026-05-21 02:25:41,645 - INFO - Inserted 288 new rows into actual_load.
2026-05-21 02:25:41,645 - INFO - Fetching generation mix from 2025-07-27 00:00:00+02:00 to 2025-07-30 00:00:00+02:00
2026-05-21 02:25:43,479 - INFO - Inserted 288 new rows into generation_mix.
2026-05-21 02:25:43,480 - INFO - Fetching Open-Meteo data from 2025-07-27 to 2025-07-30
2026-05-21 02:25:44,070 - INFO - Inserted 288 new rows into weather_data.
2026-05-21 02:25:49,073 - INFO - Fetching DA prices from 2025-07-30 00:00:00+02:00 to 2025-08-02 00:00:00+02:00
2026-05-21 02:25:49,831 - INFO - Inserted 288 new rows into day_ahead_prices.
2026-05-21 02:25:49,831 - INFO - Fetching actual load from 2025-07-30 00:00:00+02:00 to 2025-08-02 00:00:00+02:00
2026-05-21 02:25:50,343 - INFO - Inserted 288 new rows into actual_load.
2026-05-21 02:25:50,343 - INFO - Fetching generation mix from 2025-07-30 00:00:00+02:00 to 2025-08-02 00:00:00+02:00
2026-05-21 02:25:52,142 - INFO - Inserted 288 new rows into generation_mix.
2026-05-21 02:25:52,143 - INFO - Fetching Open-Meteo data from 2025-07-30 to 2025-08-02
2026-05-21 02:25:52,744 - INFO - Inserted 288 new rows into weather_data.
2026-05-21 02:25:57,746 - INFO - Fetching DA prices from 2025-08-02 00:00:00+02:00 to 2025-08-05 00:00:00+02:00
2026-05-21 02:25:58,519 - INFO - Inserted 288 new rows into day_ahead_prices.
2026-05-21 02:25:58,519 - INFO - Fetching actual load from 2025-08-02 00:00:00+02:00 to 2025-08-05 00:00:00+02:00
2026-05-21 02:25:58,953 - INFO - Inserted 288 new rows into actual_load.
2026-05-21 02:25:58,954 - INFO - Fetching generation mix from 2025-08-02 00:00:00+02:00 to 2025-08-05 00:00:00+02:00
2026-05-21 02:26:01,265 - INFO - Inserted 288 new rows into generation_mix.
2026-05-21 02:26:01,266 - INFO - Fetching Open-Meteo data from 2025-08-02 to 2025-08-05
2026-05-21 02:26:01,823 - INFO - Inserted 288 new rows into weather_data.
2026-05-21 02:26:06,825 - INFO - Fetching DA prices from 2025-08-05 00:00:00+02:00 to 2025-08-08 00:00:00+02:00
2026-05-21 02:26:07,606 - INFO - Inserted 288 new rows into day_ahead_prices.
2026-05-21 02:26:07,607 - INFO - Fetching actual load from 2025-08-05 00:00:00+02:00 to 2025-08-08 00:00:00+02:00
2026-05-21 02:26:08,085 - INFO - Inserted 288 new rows into actual_load.
2026-05-21 02:26:08,085 - INFO - Fetching generation mix from 2025-08-05 00:00:00+02:00 to 2025-08-08 00:00:00+02:00
2026-05-21 02:26:10,089 - INFO - Inserted 288 new rows into generation_mix.
2026-05-21 02:26:10,090 - INFO - Fetching Open-Meteo data from 2025-08-05 to 2025-08-08
2026-05-21 02:26:10,613 - INFO - Inserted 288 new rows into weather_data.
2026-05-21 02:26:15,616 - INFO - Fetching DA prices from 2025-08-08 00:00:00+02:00 to 2025-08-11 00:00:00+02:00
2026-05-21 02:26:16,504 - INFO - Inserted 288 new rows into day_ahead_prices.
2026-05-21 02:26:16,504 - INFO - Fetching actual load from 2025-08-08 00:00:00+02:00 to 2025-08-11 00:00:00+02:00
2026-05-21 02:26:16,994 - INFO - Inserted 288 new rows into actual_load.
2026-05-21 02:26:16,994 - INFO - Fetching generation mix from 2025-08-08 00:00:00+02:00 to 2025-08-11 00:00:00+02:00
2026-05-21 02:26:19,038 - INFO - Inserted 288 new rows into generation_mix.
2026-05-21 02:26:19,038 - INFO - Fetching Open-Meteo data from 2025-08-08 to 2025-08-11
2026-05-21 02:26:19,773 - INFO - Inserted 288 new rows into weather_data.
2026-05-21 02:26:24,775 - INFO - Fetching DA prices from 2025-08-11 00:00:00+02:00 to 2025-08-14 00:00:00+02:00
2026-05-21 02:26:25,556 - INFO - Inserted 288 new rows into day_ahead_prices.
2026-05-21 02:26:25,557 - INFO - Fetching actual load from 2025-08-11 00:00:00+02:00 to 2025-08-14 00:00:00+02:00
2026-05-21 02:26:26,080 - INFO - Inserted 288 new rows into actual_load.
2026-05-21 02:26:26,080 - INFO - Fetching generation mix from 2025-08-11 00:00:00+02:00 to 2025-08-14 00:00:00+02:00
2026-05-21 02:26:28,103 - INFO - Inserted 288 new rows into generation_mix.
2026-05-21 02:26:28,104 - INFO - Fetching Open-Meteo data from 2025-08-11 to 2025-08-14
2026-05-21 02:26:28,660 - INFO - Inserted 288 new rows into weather_data.
2026-05-21 02:26:33,663 - INFO - Fetching DA prices from 2025-08-14 00:00:00+02:00 to 2025-08-17 00:00:00+02:00
2026-05-21 02:26:34,475 - INFO - Inserted 288 new rows into day_ahead_prices.
2026-05-21 02:26:34,476 - INFO - Fetching actual load from 2025-08-14 00:00:00+02:00 to 2025-08-17 00:00:00+02:00
2026-05-21 02:26:35,042 - INFO - Inserted 288 new rows into actual_load.
2026-05-21 02:26:35,042 - INFO - Fetching generation mix from 2025-08-14 00:00:00+02:00 to 2025-08-17 00:00:00+02:00
2026-05-21 02:26:36,798 - INFO - Inserted 288 new rows into generation_mix.
2026-05-21 02:26:36,799 - INFO - Fetching Open-Meteo data from 2025-08-14 to 2025-08-17
2026-05-21 02:26:37,449 - INFO - Inserted 288 new rows into weather_data.
2026-05-21 02:26:42,452 - INFO - Fetching DA prices from 2025-08-17 00:00:00+02:00 to 2025-08-20 00:00:00+02:00
2026-05-21 02:26:43,259 - INFO - Inserted 288 new rows into day_ahead_prices.
2026-05-21 02:26:43,260 - INFO - Fetching actual load from 2025-08-17 00:00:00+02:00 to 2025-08-20 00:00:00+02:00
2026-05-21 02:26:43,838 - INFO - Inserted 288 new rows into actual_load.
2026-05-21 02:26:43,839 - INFO - Fetching generation mix from 2025-08-17 00:00:00+02:00 to 2025-08-20 00:00:00+02:00
2026-05-21 02:26:45,672 - INFO - Inserted 288 new rows into generation_mix.
2026-05-21 02:26:45,673 - INFO - Fetching Open-Meteo data from 2025-08-17 to 2025-08-20
2026-05-21 02:26:46,263 - INFO - Inserted 288 new rows into weather_data.
2026-05-21 02:26:51,266 - INFO - Fetching DA prices from 2025-08-20 00:00:00+02:00 to 2025-08-23 00:00:00+02:00
2026-05-21 02:26:52,139 - INFO - Inserted 288 new rows into day_ahead_prices.
2026-05-21 02:26:52,140 - INFO - Fetching actual load from 2025-08-20 00:00:00+02:00 to 2025-08-23 00:00:00+02:00
2026-05-21 02:26:52,618 - INFO - Inserted 288 new rows into actual_load.
2026-05-21 02:26:52,618 - INFO - Fetching generation mix from 2025-08-20 00:00:00+02:00 to 2025-08-23 00:00:00+02:00
2026-05-21 02:26:54,430 - INFO - Inserted 288 new rows into generation_mix.
2026-05-21 02:26:54,431 - INFO - Fetching Open-Meteo data from 2025-08-20 to 2025-08-23
2026-05-21 02:26:55,032 - INFO - Inserted 288 new rows into weather_data.
2026-05-21 02:27:00,034 - INFO - Fetching DA prices from 2025-08-23 00:00:00+02:00 to 2025-08-26 00:00:00+02:00
2026-05-21 02:27:01,373 - INFO - Inserted 288 new rows into day_ahead_prices.
2026-05-21 02:27:01,374 - INFO - Fetching actual load from 2025-08-23 00:00:00+02:00 to 2025-08-26 00:00:00+02:00
2026-05-21 02:27:02,941 - INFO - Inserted 288 new rows into actual_load.
2026-05-21 02:27:02,942 - INFO - Fetching generation mix from 2025-08-23 00:00:00+02:00 to 2025-08-26 00:00:00+02:00
2026-05-21 02:27:04,753 - INFO - Inserted 288 new rows into generation_mix.
2026-05-21 02:27:04,754 - INFO - Fetching Open-Meteo data from 2025-08-23 to 2025-08-26
2026-05-21 02:27:05,299 - INFO - Inserted 288 new rows into weather_data.
2026-05-21 02:27:10,302 - INFO - Fetching DA prices from 2025-08-26 00:00:00+02:00 to 2025-08-29 00:00:00+02:00
2026-05-21 02:27:11,092 - INFO - Inserted 288 new rows into day_ahead_prices.
2026-05-21 02:27:11,093 - INFO - Fetching actual load from 2025-08-26 00:00:00+02:00 to 2025-08-29 00:00:00+02:00
2026-05-21 02:27:11,560 - INFO - Inserted 288 new rows into actual_load.
2026-05-21 02:27:11,560 - INFO - Fetching generation mix from 2025-08-26 00:00:00+02:00 to 2025-08-29 00:00:00+02:00
2026-05-21 02:27:13,416 - INFO - Inserted 288 new rows into generation_mix.
2026-05-21 02:27:13,417 - INFO - Fetching Open-Meteo data from 2025-08-26 to 2025-08-29
2026-05-21 02:27:13,996 - INFO - Inserted 288 new rows into weather_data.
2026-05-21 02:27:18,998 - INFO - Fetching DA prices from 2025-08-29 00:00:00+02:00 to 2025-09-01 00:00:00+02:00
2026-05-21 02:27:19,719 - INFO - Inserted 288 new rows into day_ahead_prices.
2026-05-21 02:27:19,719 - INFO - Fetching actual load from 2025-08-29 00:00:00+02:00 to 2025-09-01 00:00:00+02:00
2026-05-21 02:27:20,165 - INFO - Inserted 288 new rows into actual_load.
2026-05-21 02:27:20,166 - INFO - Fetching generation mix from 2025-08-29 00:00:00+02:00 to 2025-09-01 00:00:00+02:00
2026-05-21 02:27:21,960 - INFO - Inserted 288 new rows into generation_mix.
2026-05-21 02:27:21,961 - INFO - Fetching Open-Meteo data from 2025-08-29 to 2025-09-01
2026-05-21 02:27:22,506 - INFO - Inserted 288 new rows into weather_data.
2026-05-21 02:27:27,508 - INFO - Fetching DA prices from 2025-09-01 00:00:00+02:00 to 2025-09-04 00:00:00+02:00
2026-05-21 02:27:28,411 - INFO - Inserted 288 new rows into day_ahead_prices.
2026-05-21 02:27:28,411 - INFO - Fetching actual load from 2025-09-01 00:00:00+02:00 to 2025-09-04 00:00:00+02:00
2026-05-21 02:27:28,988 - INFO - Inserted 288 new rows into actual_load.
2026-05-21 02:27:28,988 - INFO - Fetching generation mix from 2025-09-01 00:00:00+02:00 to 2025-09-04 00:00:00+02:00
2026-05-21 02:27:30,789 - INFO - Inserted 288 new rows into generation_mix.
2026-05-21 02:27:30,790 - INFO - Fetching Open-Meteo data from 2025-09-01 to 2025-09-04
2026-05-21 02:27:31,269 - INFO - Inserted 288 new rows into weather_data.
2026-05-21 02:27:36,271 - INFO - Fetching DA prices from 2025-09-04 00:00:00+02:00 to 2025-09-07 00:00:00+02:00
2026-05-21 02:27:37,185 - INFO - Inserted 288 new rows into day_ahead_prices.
2026-05-21 02:27:37,185 - INFO - Fetching actual load from 2025-09-04 00:00:00+02:00 to 2025-09-07 00:00:00+02:00
2026-05-21 02:27:37,652 - INFO - Inserted 288 new rows into actual_load.
2026-05-21 02:27:37,653 - INFO - Fetching generation mix from 2025-09-04 00:00:00+02:00 to 2025-09-07 00:00:00+02:00
2026-05-21 02:27:39,412 - INFO - Inserted 288 new rows into generation_mix.
2026-05-21 02:27:39,413 - INFO - Fetching Open-Meteo data from 2025-09-04 to 2025-09-07
2026-05-21 02:27:40,046 - INFO - Inserted 288 new rows into weather_data.
2026-05-21 02:27:45,048 - INFO - Fetching DA prices from 2025-09-07 00:00:00+02:00 to 2025-09-10 00:00:00+02:00
2026-05-21 02:27:45,841 - INFO - Inserted 288 new rows into day_ahead_prices.
2026-05-21 02:27:45,841 - INFO - Fetching actual load from 2025-09-07 00:00:00+02:00 to 2025-09-10 00:00:00+02:00
2026-05-21 02:27:46,464 - INFO - Inserted 288 new rows into actual_load.
2026-05-21 02:27:46,464 - INFO - Fetching generation mix from 2025-09-07 00:00:00+02:00 to 2025-09-10 00:00:00+02:00
2026-05-21 02:27:48,490 - INFO - Inserted 288 new rows into generation_mix.
2026-05-21 02:27:48,491 - INFO - Fetching Open-Meteo data from 2025-09-07 to 2025-09-10
2026-05-21 02:27:50,045 - INFO - Inserted 288 new rows into weather_data.
2026-05-21 02:27:55,048 - INFO - Fetching DA prices from 2025-09-10 00:00:00+02:00 to 2025-09-13 00:00:00+02:00
2026-05-21 02:27:55,864 - INFO - Inserted 288 new rows into day_ahead_prices.
2026-05-21 02:27:55,865 - INFO - Fetching actual load from 2025-09-10 00:00:00+02:00 to 2025-09-13 00:00:00+02:00
2026-05-21 02:27:56,509 - INFO - Inserted 288 new rows into actual_load.
2026-05-21 02:27:56,510 - INFO - Fetching generation mix from 2025-09-10 00:00:00+02:00 to 2025-09-13 00:00:00+02:00
2026-05-21 02:27:58,518 - INFO - Inserted 288 new rows into generation_mix.
2026-05-21 02:27:58,519 - INFO - Fetching Open-Meteo data from 2025-09-10 to 2025-09-13
2026-05-21 02:27:59,053 - INFO - Inserted 288 new rows into weather_data.
2026-05-21 02:28:04,055 - INFO - Fetching DA prices from 2025-09-13 00:00:00+02:00 to 2025-09-16 00:00:00+02:00
2026-05-21 02:28:04,770 - INFO - Inserted 288 new rows into day_ahead_prices.
2026-05-21 02:28:04,770 - INFO - Fetching actual load from 2025-09-13 00:00:00+02:00 to 2025-09-16 00:00:00+02:00
2026-05-21 02:28:05,260 - INFO - Inserted 288 new rows into actual_load.
2026-05-21 02:28:05,260 - INFO - Fetching generation mix from 2025-09-13 00:00:00+02:00 to 2025-09-16 00:00:00+02:00
2026-05-21 02:28:07,228 - INFO - Inserted 288 new rows into generation_mix.
2026-05-21 02:28:07,229 - INFO - Fetching Open-Meteo data from 2025-09-13 to 2025-09-16
2026-05-21 02:28:07,875 - INFO - Inserted 288 new rows into weather_data.
2026-05-21 02:28:12,877 - INFO - Fetching DA prices from 2025-09-16 00:00:00+02:00 to 2025-09-19 00:00:00+02:00
2026-05-21 02:28:13,916 - INFO - Inserted 288 new rows into day_ahead_prices.
2026-05-21 02:28:13,917 - INFO - Fetching actual load from 2025-09-16 00:00:00+02:00 to 2025-09-19 00:00:00+02:00
2026-05-21 02:28:14,550 - INFO - Inserted 288 new rows into actual_load.
2026-05-21 02:28:14,551 - INFO - Fetching generation mix from 2025-09-16 00:00:00+02:00 to 2025-09-19 00:00:00+02:00
2026-05-21 02:28:16,773 - INFO - Inserted 288 new rows into generation_mix.
2026-05-21 02:28:16,774 - INFO - Fetching Open-Meteo data from 2025-09-16 to 2025-09-19
2026-05-21 02:28:17,491 - INFO - Inserted 288 new rows into weather_data.
2026-05-21 02:28:22,494 - INFO - Fetching DA prices from 2025-09-19 00:00:00+02:00 to 2025-09-22 00:00:00+02:00
2026-05-21 02:28:23,226 - INFO - Inserted 288 new rows into day_ahead_prices.
2026-05-21 02:28:23,226 - INFO - Fetching actual load from 2025-09-19 00:00:00+02:00 to 2025-09-22 00:00:00+02:00
2026-05-21 02:28:23,972 - INFO - Inserted 288 new rows into actual_load.
2026-05-21 02:28:23,973 - INFO - Fetching generation mix from 2025-09-19 00:00:00+02:00 to 2025-09-22 00:00:00+02:00
2026-05-21 02:28:25,947 - INFO - Inserted 288 new rows into generation_mix.
2026-05-21 02:28:25,948 - INFO - Fetching Open-Meteo data from 2025-09-19 to 2025-09-22
2026-05-21 02:28:26,565 - INFO - Inserted 288 new rows into weather_data.
2026-05-21 02:28:31,567 - INFO - Fetching DA prices from 2025-09-22 00:00:00+02:00 to 2025-09-25 00:00:00+02:00
2026-05-21 02:28:32,327 - INFO - Inserted 288 new rows into day_ahead_prices.
2026-05-21 02:28:32,327 - INFO - Fetching actual load from 2025-09-22 00:00:00+02:00 to 2025-09-25 00:00:00+02:00
2026-05-21 02:28:32,950 - INFO - Inserted 288 new rows into actual_load.
2026-05-21 02:28:32,951 - INFO - Fetching generation mix from 2025-09-22 00:00:00+02:00 to 2025-09-25 00:00:00+02:00
2026-05-21 02:28:35,106 - INFO - Inserted 288 new rows into generation_mix.
2026-05-21 02:28:35,107 - INFO - Fetching Open-Meteo data from 2025-09-22 to 2025-09-25
2026-05-21 02:28:35,742 - INFO - Inserted 288 new rows into weather_data.
2026-05-21 02:28:40,744 - INFO - Fetching DA prices from 2025-09-25 00:00:00+02:00 to 2025-09-28 00:00:00+02:00
2026-05-21 02:28:41,623 - INFO - Inserted 288 new rows into day_ahead_prices.
2026-05-21 02:28:41,624 - INFO - Fetching actual load from 2025-09-25 00:00:00+02:00 to 2025-09-28 00:00:00+02:00
2026-05-21 02:28:42,180 - INFO - Inserted 288 new rows into actual_load.
2026-05-21 02:28:42,180 - INFO - Fetching generation mix from 2025-09-25 00:00:00+02:00 to 2025-09-28 00:00:00+02:00
2026-05-21 02:28:44,658 - INFO - Inserted 288 new rows into generation_mix.
2026-05-21 02:28:44,660 - INFO - Fetching Open-Meteo data from 2025-09-25 to 2025-09-28
2026-05-21 02:28:45,582 - INFO - Inserted 288 new rows into weather_data.
2026-05-21 02:28:50,583 - INFO - Fetching DA prices from 2025-09-28 00:00:00+02:00 to 2025-10-01 00:00:00+02:00
2026-05-21 02:28:51,492 - INFO - Inserted 288 new rows into day_ahead_prices.
2026-05-21 02:28:51,492 - INFO - Fetching actual load from 2025-09-28 00:00:00+02:00 to 2025-10-01 00:00:00+02:00
2026-05-21 02:28:51,948 - INFO - Inserted 288 new rows into actual_load.
2026-05-21 02:28:51,949 - INFO - Fetching generation mix from 2025-09-28 00:00:00+02:00 to 2025-10-01 00:00:00+02:00
2026-05-21 02:28:54,196 - INFO - Inserted 288 new rows into generation_mix.
2026-05-21 02:28:54,197 - INFO - Fetching Open-Meteo data from 2025-09-28 to 2025-10-01
2026-05-21 02:28:54,731 - INFO - Inserted 288 new rows into weather_data.
2026-05-21 02:28:59,733 - INFO - Fetching DA prices from 2025-10-01 00:00:00+02:00 to 2025-10-04 00:00:00+02:00
2026-05-21 02:29:00,753 - INFO - Inserted 288 new rows into day_ahead_prices.
2026-05-21 02:29:00,753 - INFO - Fetching actual load from 2025-10-01 00:00:00+02:00 to 2025-10-04 00:00:00+02:00
2026-05-21 02:29:01,265 - INFO - Inserted 288 new rows into actual_load.
2026-05-21 02:29:01,265 - INFO - Fetching generation mix from 2025-10-01 00:00:00+02:00 to 2025-10-04 00:00:00+02:00
2026-05-21 02:29:03,355 - INFO - Inserted 288 new rows into generation_mix.
2026-05-21 02:29:03,356 - INFO - Fetching Open-Meteo data from 2025-10-01 to 2025-10-04
2026-05-21 02:29:03,990 - INFO - Inserted 288 new rows into weather_data.
2026-05-21 02:29:08,992 - INFO - Fetching DA prices from 2025-10-04 00:00:00+02:00 to 2025-10-07 00:00:00+02:00
2026-05-21 02:29:09,797 - INFO - Inserted 288 new rows into day_ahead_prices.
2026-05-21 02:29:09,797 - INFO - Fetching actual load from 2025-10-04 00:00:00+02:00 to 2025-10-07 00:00:00+02:00
2026-05-21 02:29:10,221 - INFO - Inserted 288 new rows into actual_load.
2026-05-21 02:29:10,221 - INFO - Fetching generation mix from 2025-10-04 00:00:00+02:00 to 2025-10-07 00:00:00+02:00
2026-05-21 02:29:12,444 - INFO - Inserted 288 new rows into generation_mix.
2026-05-21 02:29:12,445 - INFO - Fetching Open-Meteo data from 2025-10-04 to 2025-10-07
2026-05-21 02:29:12,957 - INFO - Inserted 288 new rows into weather_data.
2026-05-21 02:29:17,959 - INFO - Fetching DA prices from 2025-10-07 00:00:00+02:00 to 2025-10-10 00:00:00+02:00
2026-05-21 02:29:18,773 - INFO - Inserted 288 new rows into day_ahead_prices.
2026-05-21 02:29:18,773 - INFO - Fetching actual load from 2025-10-07 00:00:00+02:00 to 2025-10-10 00:00:00+02:00
2026-05-21 02:29:19,232 - INFO - Inserted 288 new rows into actual_load.
2026-05-21 02:29:19,233 - INFO - Fetching generation mix from 2025-10-07 00:00:00+02:00 to 2025-10-10 00:00:00+02:00
2026-05-21 02:29:21,492 - INFO - Inserted 288 new rows into generation_mix.
2026-05-21 02:29:21,493 - INFO - Fetching Open-Meteo data from 2025-10-07 to 2025-10-10
2026-05-21 02:29:22,294 - INFO - Inserted 288 new rows into weather_data.
2026-05-21 02:29:27,296 - INFO - Fetching DA prices from 2025-10-10 00:00:00+02:00 to 2025-10-13 00:00:00+02:00
2026-05-21 02:29:28,315 - INFO - Inserted 288 new rows into day_ahead_prices.
2026-05-21 02:29:28,316 - INFO - Fetching actual load from 2025-10-10 00:00:00+02:00 to 2025-10-13 00:00:00+02:00
2026-05-21 02:29:28,957 - INFO - Inserted 288 new rows into actual_load.
2026-05-21 02:29:28,958 - INFO - Fetching generation mix from 2025-10-10 00:00:00+02:00 to 2025-10-13 00:00:00+02:00
2026-05-21 02:29:31,105 - INFO - Inserted 288 new rows into generation_mix.
2026-05-21 02:29:31,106 - INFO - Fetching Open-Meteo data from 2025-10-10 to 2025-10-13
2026-05-21 02:29:31,811 - INFO - Inserted 288 new rows into weather_data.
2026-05-21 02:29:36,814 - INFO - Fetching DA prices from 2025-10-13 00:00:00+02:00 to 2025-10-16 00:00:00+02:00
2026-05-21 02:29:37,747 - INFO - Inserted 288 new rows into day_ahead_prices.
2026-05-21 02:29:37,747 - INFO - Fetching actual load from 2025-10-13 00:00:00+02:00 to 2025-10-16 00:00:00+02:00
2026-05-21 02:29:38,213 - INFO - Inserted 288 new rows into actual_load.
2026-05-21 02:29:38,214 - INFO - Fetching generation mix from 2025-10-13 00:00:00+02:00 to 2025-10-16 00:00:00+02:00
2026-05-21 02:29:40,536 - INFO - Inserted 288 new rows into generation_mix.
2026-05-21 02:29:40,537 - INFO - Fetching Open-Meteo data from 2025-10-13 to 2025-10-16
2026-05-21 02:29:41,049 - INFO - Inserted 288 new rows into weather_data.
2026-05-21 02:29:46,052 - INFO - Fetching DA prices from 2025-10-16 00:00:00+02:00 to 2025-10-19 00:00:00+02:00
2026-05-21 02:29:46,793 - INFO - Inserted 288 new rows into day_ahead_prices.
2026-05-21 02:29:46,794 - INFO - Fetching actual load from 2025-10-16 00:00:00+02:00 to 2025-10-19 00:00:00+02:00
2026-05-21 02:29:47,228 - INFO - Inserted 288 new rows into actual_load.
2026-05-21 02:29:47,228 - INFO - Fetching generation mix from 2025-10-16 00:00:00+02:00 to 2025-10-19 00:00:00+02:00
2026-05-21 02:29:49,422 - INFO - Inserted 288 new rows into generation_mix.
2026-05-21 02:29:49,423 - INFO - Fetching Open-Meteo data from 2025-10-16 to 2025-10-19
2026-05-21 02:29:51,302 - INFO - Inserted 288 new rows into weather_data.
2026-05-21 02:29:56,304 - INFO - Fetching DA prices from 2025-10-19 00:00:00+02:00 to 2025-10-22 00:00:00+02:00
2026-05-21 02:29:57,192 - INFO - Inserted 288 new rows into day_ahead_prices.
2026-05-21 02:29:57,193 - INFO - Fetching actual load from 2025-10-19 00:00:00+02:00 to 2025-10-22 00:00:00+02:00
2026-05-21 02:29:57,674 - INFO - Inserted 288 new rows into actual_load.
2026-05-21 02:29:57,674 - INFO - Fetching generation mix from 2025-10-19 00:00:00+02:00 to 2025-10-22 00:00:00+02:00
2026-05-21 02:29:59,813 - INFO - Inserted 288 new rows into generation_mix.
2026-05-21 02:29:59,814 - INFO - Fetching Open-Meteo data from 2025-10-19 to 2025-10-22
2026-05-21 02:30:00,369 - INFO - Inserted 288 new rows into weather_data.
2026-05-21 02:30:05,372 - INFO - Fetching DA prices from 2025-10-22 00:00:00+02:00 to 2025-10-25 00:00:00+02:00
2026-05-21 02:31:17,241 - INFO - Inserted 288 new rows into day_ahead_prices.
2026-05-21 02:31:17,241 - INFO - Fetching actual load from 2025-10-22 00:00:00+02:00 to 2025-10-25 00:00:00+02:00
2026-05-21 02:31:21,500 - INFO - Inserted 288 new rows into actual_load.
2026-05-21 02:31:21,500 - INFO - Fetching generation mix from 2025-10-22 00:00:00+02:00 to 2025-10-25 00:00:00+02:00
2026-05-21 02:31:34,413 - INFO - Inserted 288 new rows into generation_mix.
2026-05-21 02:31:34,414 - INFO - Fetching Open-Meteo data from 2025-10-22 to 2025-10-25
2026-05-21 02:31:36,037 - INFO - Inserted 288 new rows into weather_data.
2026-05-21 02:31:41,040 - INFO - Fetching DA prices from 2025-10-25 00:00:00+02:00 to 2025-10-27 00:00:00+01:00
2026-05-21 02:31:48,756 - INFO - Inserted 192 new rows into day_ahead_prices.
2026-05-21 02:31:48,757 - INFO - Fetching actual load from 2025-10-25 00:00:00+02:00 to 2025-10-27 00:00:00+01:00
2026-05-21 02:31:49,243 - INFO - Inserted 192 new rows into actual_load.
2026-05-21 02:31:49,244 - INFO - Fetching generation mix from 2025-10-25 00:00:00+02:00 to 2025-10-27 00:00:00+01:00
2026-05-21 02:31:56,705 - INFO - Inserted 192 new rows into generation_mix.
2026-05-21 02:31:56,705 - INFO - Fetching Open-Meteo data from 2025-10-25 to 2025-10-27
2026-05-21 02:31:57,967 - INFO - Inserted 188 new rows into weather_data.
2026-05-21 02:32:02,969 - INFO - Fetching DA prices from 2025-10-27 00:00:00+01:00 to 2025-10-30 00:00:00+01:00
2026-05-21 02:32:07,567 - INFO - Inserted 288 new rows into day_ahead_prices.
2026-05-21 02:32:07,568 - INFO - Fetching actual load from 2025-10-27 00:00:00+01:00 to 2025-10-30 00:00:00+01:00
2026-05-21 02:32:10,802 - INFO - Inserted 288 new rows into actual_load.
2026-05-21 02:32:10,802 - INFO - Fetching generation mix from 2025-10-27 00:00:00+01:00 to 2025-10-30 00:00:00+01:00
2026-05-21 02:32:16,475 - INFO - Inserted 288 new rows into generation_mix.
2026-05-21 02:32:16,476 - INFO - Fetching Open-Meteo data from 2025-10-27 to 2025-10-30
2026-05-21 02:32:17,043 - INFO - Inserted 288 new rows into weather_data.
2026-05-21 02:32:22,045 - INFO - Fetching DA prices from 2025-10-30 00:00:00+01:00 to 2025-11-02 00:00:00+01:00
2026-05-21 02:32:23,228 - INFO - Inserted 288 new rows into day_ahead_prices.
2026-05-21 02:32:23,229 - INFO - Fetching actual load from 2025-10-30 00:00:00+01:00 to 2025-11-02 00:00:00+01:00
2026-05-21 02:32:24,018 - INFO - Inserted 288 new rows into actual_load.
2026-05-21 02:32:24,018 - INFO - Fetching generation mix from 2025-10-30 00:00:00+01:00 to 2025-11-02 00:00:00+01:00
2026-05-21 02:32:27,507 - INFO - Inserted 288 new rows into generation_mix.
2026-05-21 02:32:27,508 - INFO - Fetching Open-Meteo data from 2025-10-30 to 2025-11-02
2026-05-21 02:32:28,209 - INFO - Inserted 288 new rows into weather_data.
2026-05-21 02:32:33,212 - INFO - Fetching DA prices from 2025-11-02 00:00:00+01:00 to 2025-11-05 00:00:00+01:00
2026-05-21 02:32:34,995 - INFO - Inserted 288 new rows into day_ahead_prices.
2026-05-21 02:32:34,996 - INFO - Fetching actual load from 2025-11-02 00:00:00+01:00 to 2025-11-05 00:00:00+01:00
2026-05-21 02:32:35,484 - INFO - Inserted 288 new rows into actual_load.
2026-05-21 02:32:35,485 - INFO - Fetching generation mix from 2025-11-02 00:00:00+01:00 to 2025-11-05 00:00:00+01:00
2026-05-21 02:32:39,407 - INFO - Inserted 288 new rows into generation_mix.
2026-05-21 02:32:39,408 - INFO - Fetching Open-Meteo data from 2025-11-02 to 2025-11-05
2026-05-21 02:32:40,201 - INFO - Inserted 288 new rows into weather_data.
2026-05-21 02:32:45,204 - INFO - Fetching DA prices from 2025-11-05 00:00:00+01:00 to 2025-11-08 00:00:00+01:00
2026-05-21 02:32:46,073 - INFO - Inserted 288 new rows into day_ahead_prices.
2026-05-21 02:32:46,074 - INFO - Fetching actual load from 2025-11-05 00:00:00+01:00 to 2025-11-08 00:00:00+01:00
2026-05-21 02:32:47,257 - INFO - Inserted 288 new rows into actual_load.
2026-05-21 02:32:47,257 - INFO - Fetching generation mix from 2025-11-05 00:00:00+01:00 to 2025-11-08 00:00:00+01:00
2026-05-21 02:32:50,513 - INFO - Inserted 288 new rows into generation_mix.
2026-05-21 02:32:50,514 - INFO - Fetching Open-Meteo data from 2025-11-05 to 2025-11-08
2026-05-21 02:32:51,948 - INFO - Inserted 288 new rows into weather_data.
2026-05-21 02:32:56,951 - INFO - Fetching DA prices from 2025-11-08 00:00:00+01:00 to 2025-11-11 00:00:00+01:00
2026-05-21 02:32:58,539 - INFO - Inserted 288 new rows into day_ahead_prices.
2026-05-21 02:32:58,539 - INFO - Fetching actual load from 2025-11-08 00:00:00+01:00 to 2025-11-11 00:00:00+01:00
2026-05-21 02:32:59,695 - INFO - Inserted 288 new rows into actual_load.
2026-05-21 02:32:59,696 - INFO - Fetching generation mix from 2025-11-08 00:00:00+01:00 to 2025-11-11 00:00:00+01:00
2026-05-21 02:33:02,907 - INFO - Inserted 288 new rows into generation_mix.
2026-05-21 02:33:02,908 - INFO - Fetching Open-Meteo data from 2025-11-08 to 2025-11-11
2026-05-21 02:33:03,620 - INFO - Inserted 288 new rows into weather_data.
2026-05-21 02:33:08,623 - INFO - Fetching DA prices from 2025-11-11 00:00:00+01:00 to 2025-11-14 00:00:00+01:00
2026-05-21 02:33:09,491 - INFO - Inserted 288 new rows into day_ahead_prices.
2026-05-21 02:33:09,492 - INFO - Fetching actual load from 2025-11-11 00:00:00+01:00 to 2025-11-14 00:00:00+01:00
2026-05-21 02:33:11,681 - INFO - Inserted 288 new rows into actual_load.
2026-05-21 02:33:11,682 - INFO - Fetching generation mix from 2025-11-11 00:00:00+01:00 to 2025-11-14 00:00:00+01:00
2026-05-21 02:33:15,363 - INFO - Inserted 288 new rows into generation_mix.
2026-05-21 02:33:15,363 - INFO - Fetching Open-Meteo data from 2025-11-11 to 2025-11-14
2026-05-21 02:33:15,876 - INFO - Inserted 288 new rows into weather_data.
2026-05-21 02:33:20,878 - INFO - Fetching DA prices from 2025-11-14 00:00:00+01:00 to 2025-11-17 00:00:00+01:00
2026-05-21 02:33:22,366 - INFO - Inserted 288 new rows into day_ahead_prices.
2026-05-21 02:33:22,367 - INFO - Fetching actual load from 2025-11-14 00:00:00+01:00 to 2025-11-17 00:00:00+01:00
2026-05-21 02:33:23,412 - INFO - Inserted 288 new rows into actual_load.
2026-05-21 02:33:23,412 - INFO - Fetching generation mix from 2025-11-14 00:00:00+01:00 to 2025-11-17 00:00:00+01:00
2026-05-21 02:33:26,457 - INFO - Inserted 288 new rows into generation_mix.
2026-05-21 02:33:26,458 - INFO - Fetching Open-Meteo data from 2025-11-14 to 2025-11-17
2026-05-21 02:33:26,948 - INFO - Inserted 288 new rows into weather_data.
2026-05-21 02:33:31,951 - INFO - Fetching DA prices from 2025-11-17 00:00:00+01:00 to 2025-11-20 00:00:00+01:00
2026-05-21 02:33:33,558 - INFO - Inserted 288 new rows into day_ahead_prices.
2026-05-21 02:33:33,559 - INFO - Fetching actual load from 2025-11-17 00:00:00+01:00 to 2025-11-20 00:00:00+01:00
2026-05-21 02:33:34,348 - INFO - Inserted 288 new rows into actual_load.
2026-05-21 02:33:34,348 - INFO - Fetching generation mix from 2025-11-17 00:00:00+01:00 to 2025-11-20 00:00:00+01:00
2026-05-21 02:33:37,735 - INFO - Inserted 288 new rows into generation_mix.
2026-05-21 02:33:37,736 - INFO - Fetching Open-Meteo data from 2025-11-17 to 2025-11-20
2026-05-21 02:33:38,292 - INFO - Inserted 288 new rows into weather_data.
2026-05-21 02:33:43,295 - INFO - Fetching DA prices from 2025-11-20 00:00:00+01:00 to 2025-11-23 00:00:00+01:00
2026-05-21 02:33:45,495 - INFO - Inserted 288 new rows into day_ahead_prices.
2026-05-21 02:33:45,496 - INFO - Fetching actual load from 2025-11-20 00:00:00+01:00 to 2025-11-23 00:00:00+01:00
2026-05-21 02:33:46,085 - INFO - Inserted 288 new rows into actual_load.
2026-05-21 02:33:46,086 - INFO - Fetching generation mix from 2025-11-20 00:00:00+01:00 to 2025-11-23 00:00:00+01:00
2026-05-21 02:33:48,653 - INFO - Inserted 288 new rows into generation_mix.
2026-05-21 02:33:48,654 - INFO - Fetching Open-Meteo data from 2025-11-20 to 2025-11-23
2026-05-21 02:33:49,216 - INFO - Inserted 288 new rows into weather_data.
2026-05-21 02:33:54,219 - INFO - Fetching DA prices from 2025-11-23 00:00:00+01:00 to 2025-11-26 00:00:00+01:00
2026-05-21 02:33:55,058 - INFO - Inserted 288 new rows into day_ahead_prices.
2026-05-21 02:33:55,058 - INFO - Fetching actual load from 2025-11-23 00:00:00+01:00 to 2025-11-26 00:00:00+01:00
2026-05-21 02:33:55,914 - INFO - Inserted 288 new rows into actual_load.
2026-05-21 02:33:55,915 - INFO - Fetching generation mix from 2025-11-23 00:00:00+01:00 to 2025-11-26 00:00:00+01:00
2026-05-21 02:33:59,380 - INFO - Inserted 288 new rows into generation_mix.
2026-05-21 02:33:59,381 - INFO - Fetching Open-Meteo data from 2025-11-23 to 2025-11-26
2026-05-21 02:34:00,582 - INFO - Inserted 288 new rows into weather_data.
2026-05-21 02:34:05,585 - INFO - Fetching DA prices from 2025-11-26 00:00:00+01:00 to 2025-11-29 00:00:00+01:00
2026-05-21 02:34:06,646 - INFO - Inserted 288 new rows into day_ahead_prices.
2026-05-21 02:34:06,646 - INFO - Fetching actual load from 2025-11-26 00:00:00+01:00 to 2025-11-29 00:00:00+01:00
2026-05-21 02:34:07,391 - INFO - Inserted 288 new rows into actual_load.
2026-05-21 02:34:07,392 - INFO - Fetching generation mix from 2025-11-26 00:00:00+01:00 to 2025-11-29 00:00:00+01:00
2026-05-21 02:34:10,356 - INFO - Inserted 288 new rows into generation_mix.
2026-05-21 02:34:10,357 - INFO - Fetching Open-Meteo data from 2025-11-26 to 2025-11-29
2026-05-21 02:34:10,891 - INFO - Inserted 288 new rows into weather_data.
2026-05-21 02:34:15,893 - INFO - Fetching DA prices from 2025-11-29 00:00:00+01:00 to 2025-12-02 00:00:00+01:00
2026-05-21 02:34:16,777 - INFO - Inserted 288 new rows into day_ahead_prices.
2026-05-21 02:34:16,777 - INFO - Fetching actual load from 2025-11-29 00:00:00+01:00 to 2025-12-02 00:00:00+01:00
2026-05-21 02:34:17,405 - INFO - Inserted 288 new rows into actual_load.
2026-05-21 02:34:17,406 - INFO - Fetching generation mix from 2025-11-29 00:00:00+01:00 to 2025-12-02 00:00:00+01:00
2026-05-21 02:34:19,715 - INFO - Inserted 288 new rows into generation_mix.
2026-05-21 02:34:19,715 - INFO - Fetching Open-Meteo data from 2025-11-29 to 2025-12-02
2026-05-21 02:34:20,294 - INFO - Inserted 288 new rows into weather_data.
2026-05-21 02:34:25,295 - INFO - Fetching DA prices from 2025-12-02 00:00:00+01:00 to 2025-12-05 00:00:00+01:00
2026-05-21 02:34:26,663 - INFO - Inserted 288 new rows into day_ahead_prices.
2026-05-21 02:34:26,663 - INFO - Fetching actual load from 2025-12-02 00:00:00+01:00 to 2025-12-05 00:00:00+01:00
2026-05-21 02:34:27,446 - INFO - Inserted 288 new rows into actual_load.
2026-05-21 02:34:27,447 - INFO - Fetching generation mix from 2025-12-02 00:00:00+01:00 to 2025-12-05 00:00:00+01:00
2026-05-21 02:34:29,408 - INFO - Inserted 288 new rows into generation_mix.
2026-05-21 02:34:29,408 - INFO - Fetching Open-Meteo data from 2025-12-02 to 2025-12-05
2026-05-21 02:34:30,319 - INFO - Inserted 288 new rows into weather_data.
2026-05-21 02:34:35,321 - INFO - Fetching DA prices from 2025-12-05 00:00:00+01:00 to 2025-12-08 00:00:00+01:00
2026-05-21 02:34:36,323 - INFO - Inserted 288 new rows into day_ahead_prices.
2026-05-21 02:34:36,324 - INFO - Fetching actual load from 2025-12-05 00:00:00+01:00 to 2025-12-08 00:00:00+01:00
2026-05-21 02:34:37,093 - INFO - Inserted 288 new rows into actual_load.
2026-05-21 02:34:37,094 - INFO - Fetching generation mix from 2025-12-05 00:00:00+01:00 to 2025-12-08 00:00:00+01:00
2026-05-21 02:34:39,173 - INFO - Inserted 288 new rows into generation_mix.
2026-05-21 02:34:39,174 - INFO - Fetching Open-Meteo data from 2025-12-05 to 2025-12-08
2026-05-21 02:34:40,299 - INFO - Inserted 288 new rows into weather_data.
2026-05-21 02:34:45,301 - INFO - Fetching DA prices from 2025-12-08 00:00:00+01:00 to 2025-12-11 00:00:00+01:00
2026-05-21 02:34:46,269 - INFO - Inserted 288 new rows into day_ahead_prices.
2026-05-21 02:34:46,270 - INFO - Fetching actual load from 2025-12-08 00:00:00+01:00 to 2025-12-11 00:00:00+01:00
2026-05-21 02:34:46,815 - INFO - Inserted 288 new rows into actual_load.
2026-05-21 02:34:46,815 - INFO - Fetching generation mix from 2025-12-08 00:00:00+01:00 to 2025-12-11 00:00:00+01:00
2026-05-21 02:34:50,027 - INFO - Inserted 288 new rows into generation_mix.
2026-05-21 02:34:50,028 - INFO - Fetching Open-Meteo data from 2025-12-08 to 2025-12-11
2026-05-21 02:34:51,591 - INFO - Inserted 288 new rows into weather_data.
2026-05-21 02:34:56,593 - INFO - Fetching DA prices from 2025-12-11 00:00:00+01:00 to 2025-12-14 00:00:00+01:00
2026-05-21 02:34:57,388 - INFO - Inserted 288 new rows into day_ahead_prices.
2026-05-21 02:34:57,388 - INFO - Fetching actual load from 2025-12-11 00:00:00+01:00 to 2025-12-14 00:00:00+01:00
2026-05-21 02:34:57,967 - INFO - Inserted 288 new rows into actual_load.
2026-05-21 02:34:57,967 - INFO - Fetching generation mix from 2025-12-11 00:00:00+01:00 to 2025-12-14 00:00:00+01:00
2026-05-21 02:35:01,017 - INFO - Inserted 288 new rows into generation_mix.
2026-05-21 02:35:01,018 - INFO - Fetching Open-Meteo data from 2025-12-11 to 2025-12-14
2026-05-21 02:35:01,651 - INFO - Inserted 288 new rows into weather_data.
2026-05-21 02:35:06,653 - INFO - Fetching DA prices from 2025-12-14 00:00:00+01:00 to 2025-12-17 00:00:00+01:00
2026-05-21 02:35:07,861 - INFO - Inserted 288 new rows into day_ahead_prices.
2026-05-21 02:35:07,862 - INFO - Fetching actual load from 2025-12-14 00:00:00+01:00 to 2025-12-17 00:00:00+01:00
2026-05-21 02:35:08,750 - INFO - Inserted 288 new rows into actual_load.
2026-05-21 02:35:08,750 - INFO - Fetching generation mix from 2025-12-14 00:00:00+01:00 to 2025-12-17 00:00:00+01:00
2026-05-21 02:35:11,628 - INFO - Inserted 288 new rows into generation_mix.
2026-05-21 02:35:11,629 - INFO - Fetching Open-Meteo data from 2025-12-14 to 2025-12-17
2026-05-21 02:35:12,211 - INFO - Inserted 288 new rows into weather_data.
2026-05-21 02:35:17,214 - INFO - Fetching DA prices from 2025-12-17 00:00:00+01:00 to 2025-12-20 00:00:00+01:00
2026-05-21 02:35:18,483 - INFO - Inserted 288 new rows into day_ahead_prices.
2026-05-21 02:35:18,483 - INFO - Fetching actual load from 2025-12-17 00:00:00+01:00 to 2025-12-20 00:00:00+01:00
2026-05-21 02:35:19,061 - INFO - Inserted 288 new rows into actual_load.
2026-05-21 02:35:19,062 - INFO - Fetching generation mix from 2025-12-17 00:00:00+01:00 to 2025-12-20 00:00:00+01:00
2026-05-21 02:35:21,465 - INFO - Inserted 288 new rows into generation_mix.
2026-05-21 02:35:21,466 - INFO - Fetching Open-Meteo data from 2025-12-17 to 2025-12-20
2026-05-21 02:35:22,101 - INFO - Inserted 288 new rows into weather_data.
2026-05-21 02:35:27,103 - INFO - Fetching DA prices from 2025-12-20 00:00:00+01:00 to 2025-12-23 00:00:00+01:00
2026-05-21 02:35:27,965 - INFO - Inserted 288 new rows into day_ahead_prices.
2026-05-21 02:35:27,965 - INFO - Fetching actual load from 2025-12-20 00:00:00+01:00 to 2025-12-23 00:00:00+01:00
2026-05-21 02:35:28,488 - INFO - Inserted 288 new rows into actual_load.
2026-05-21 02:35:28,488 - INFO - Fetching generation mix from 2025-12-20 00:00:00+01:00 to 2025-12-23 00:00:00+01:00
2026-05-21 02:35:31,249 - INFO - Inserted 288 new rows into generation_mix.
2026-05-21 02:35:31,250 - INFO - Fetching Open-Meteo data from 2025-12-20 to 2025-12-23
2026-05-21 02:35:31,984 - INFO - Inserted 288 new rows into weather_data.
2026-05-21 02:35:36,987 - INFO - Fetching DA prices from 2025-12-23 00:00:00+01:00 to 2025-12-26 00:00:00+01:00
2026-05-21 02:35:37,897 - INFO - Inserted 288 new rows into day_ahead_prices.
2026-05-21 02:35:37,898 - INFO - Fetching actual load from 2025-12-23 00:00:00+01:00 to 2025-12-26 00:00:00+01:00
2026-05-21 02:35:38,634 - INFO - Inserted 288 new rows into actual_load.
2026-05-21 02:35:38,634 - INFO - Fetching generation mix from 2025-12-23 00:00:00+01:00 to 2025-12-26 00:00:00+01:00
2026-05-21 02:35:41,138 - INFO - Inserted 288 new rows into generation_mix.
2026-05-21 02:35:41,139 - INFO - Fetching Open-Meteo data from 2025-12-23 to 2025-12-26
2026-05-21 02:35:41,629 - INFO - Inserted 288 new rows into weather_data.
2026-05-21 02:35:46,632 - INFO - Fetching DA prices from 2025-12-26 00:00:00+01:00 to 2025-12-29 00:00:00+01:00
2026-05-21 02:35:47,792 - INFO - Inserted 288 new rows into day_ahead_prices.
2026-05-21 02:35:47,792 - INFO - Fetching actual load from 2025-12-26 00:00:00+01:00 to 2025-12-29 00:00:00+01:00
2026-05-21 02:35:48,366 - INFO - Inserted 288 new rows into actual_load.
2026-05-21 02:35:48,367 - INFO - Fetching generation mix from 2025-12-26 00:00:00+01:00 to 2025-12-29 00:00:00+01:00
2026-05-21 02:35:50,904 - INFO - Inserted 288 new rows into generation_mix.
2026-05-21 02:35:50,905 - INFO - Fetching Open-Meteo data from 2025-12-26 to 2025-12-29
2026-05-21 02:35:51,460 - INFO - Inserted 288 new rows into weather_data.
2026-05-21 02:35:56,463 - INFO - Fetching DA prices from 2025-12-29 00:00:00+01:00 to 2026-01-01 00:00:00+01:00
2026-05-21 02:35:57,618 - INFO - Inserted 288 new rows into day_ahead_prices.
2026-05-21 02:35:57,618 - INFO - Fetching actual load from 2025-12-29 00:00:00+01:00 to 2026-01-01 00:00:00+01:00
2026-05-21 02:35:58,296 - INFO - Inserted 288 new rows into actual_load.
2026-05-21 02:35:58,297 - INFO - Fetching generation mix from 2025-12-29 00:00:00+01:00 to 2026-01-01 00:00:00+01:00
2026-05-21 02:36:00,653 - INFO - Inserted 288 new rows into generation_mix.
2026-05-21 02:36:00,654 - INFO - Fetching Open-Meteo data from 2025-12-29 to 2026-01-01
2026-05-21 02:36:01,166 - INFO - Inserted 288 new rows into weather_data.
2026-05-21 02:36:06,169 - INFO - Fetching DA prices from 2026-01-01 00:00:00+01:00 to 2026-01-04 00:00:00+01:00
2026-05-21 02:36:07,243 - INFO - Inserted 288 new rows into day_ahead_prices.
2026-05-21 02:36:07,244 - INFO - Fetching actual load from 2026-01-01 00:00:00+01:00 to 2026-01-04 00:00:00+01:00
2026-05-21 02:36:07,811 - INFO - Inserted 288 new rows into actual_load.
2026-05-21 02:36:07,811 - INFO - Fetching generation mix from 2026-01-01 00:00:00+01:00 to 2026-01-04 00:00:00+01:00
2026-05-21 02:36:10,170 - INFO - Inserted 288 new rows into generation_mix.
2026-05-21 02:36:10,170 - INFO - Fetching Open-Meteo data from 2026-01-01 to 2026-01-04
2026-05-21 02:36:10,683 - INFO - Inserted 288 new rows into weather_data.
2026-05-21 02:36:15,686 - INFO - Fetching DA prices from 2026-01-04 00:00:00+01:00 to 2026-01-07 00:00:00+01:00
2026-05-21 02:36:16,598 - INFO - Inserted 288 new rows into day_ahead_prices.
2026-05-21 02:36:16,598 - INFO - Fetching actual load from 2026-01-04 00:00:00+01:00 to 2026-01-07 00:00:00+01:00
2026-05-21 02:36:17,320 - INFO - Inserted 288 new rows into actual_load.
2026-05-21 02:36:17,320 - INFO - Fetching generation mix from 2026-01-04 00:00:00+01:00 to 2026-01-07 00:00:00+01:00
2026-05-21 02:36:19,590 - INFO - Inserted 288 new rows into generation_mix.
2026-05-21 02:36:19,591 - INFO - Fetching Open-Meteo data from 2026-01-04 to 2026-01-07
2026-05-21 02:36:20,092 - INFO - Inserted 288 new rows into weather_data.
2026-05-21 02:36:25,094 - INFO - Fetching DA prices from 2026-01-07 00:00:00+01:00 to 2026-01-10 00:00:00+01:00
2026-05-21 02:36:26,534 - INFO - Inserted 288 new rows into day_ahead_prices.
2026-05-21 02:36:26,535 - INFO - Fetching actual load from 2026-01-07 00:00:00+01:00 to 2026-01-10 00:00:00+01:00
2026-05-21 02:36:27,424 - INFO - Inserted 288 new rows into actual_load.
2026-05-21 02:36:27,425 - INFO - Fetching generation mix from 2026-01-07 00:00:00+01:00 to 2026-01-10 00:00:00+01:00
2026-05-21 02:36:29,638 - INFO - Inserted 288 new rows into generation_mix.
2026-05-21 02:36:29,639 - INFO - Fetching Open-Meteo data from 2026-01-07 to 2026-01-10
2026-05-21 02:36:30,151 - INFO - Inserted 288 new rows into weather_data.
2026-05-21 02:36:35,154 - INFO - Fetching DA prices from 2026-01-10 00:00:00+01:00 to 2026-01-13 00:00:00+01:00
2026-05-21 02:36:36,079 - INFO - Inserted 288 new rows into day_ahead_prices.
2026-05-21 02:36:36,080 - INFO - Fetching actual load from 2026-01-10 00:00:00+01:00 to 2026-01-13 00:00:00+01:00
2026-05-21 02:36:37,047 - INFO - Inserted 288 new rows into actual_load.
2026-05-21 02:36:37,047 - INFO - Fetching generation mix from 2026-01-10 00:00:00+01:00 to 2026-01-13 00:00:00+01:00
2026-05-21 02:36:39,645 - INFO - Inserted 288 new rows into generation_mix.
2026-05-21 02:36:39,646 - INFO - Fetching Open-Meteo data from 2026-01-10 to 2026-01-13
2026-05-21 02:36:40,269 - INFO - Inserted 288 new rows into weather_data.
2026-05-21 02:36:45,272 - INFO - Fetching DA prices from 2026-01-13 00:00:00+01:00 to 2026-01-16 00:00:00+01:00
2026-05-21 02:36:46,173 - INFO - Inserted 288 new rows into day_ahead_prices.
2026-05-21 02:36:46,174 - INFO - Fetching actual load from 2026-01-13 00:00:00+01:00 to 2026-01-16 00:00:00+01:00
2026-05-21 02:36:47,174 - INFO - Inserted 288 new rows into actual_load.
2026-05-21 02:36:47,174 - INFO - Fetching generation mix from 2026-01-13 00:00:00+01:00 to 2026-01-16 00:00:00+01:00
2026-05-21 02:36:49,902 - INFO - Inserted 288 new rows into generation_mix.
2026-05-21 02:36:49,903 - INFO - Fetching Open-Meteo data from 2026-01-13 to 2026-01-16
2026-05-21 02:36:50,548 - INFO - Inserted 288 new rows into weather_data.
2026-05-21 02:36:55,551 - INFO - Fetching DA prices from 2026-01-16 00:00:00+01:00 to 2026-01-19 00:00:00+01:00
2026-05-21 02:36:56,565 - INFO - Inserted 288 new rows into day_ahead_prices.
2026-05-21 02:36:56,565 - INFO - Fetching actual load from 2026-01-16 00:00:00+01:00 to 2026-01-19 00:00:00+01:00
2026-05-21 02:36:57,626 - INFO - Inserted 288 new rows into actual_load.
2026-05-21 02:36:57,627 - INFO - Fetching generation mix from 2026-01-16 00:00:00+01:00 to 2026-01-19 00:00:00+01:00
2026-05-21 02:37:00,038 - INFO - Inserted 288 new rows into generation_mix.
2026-05-21 02:37:00,039 - INFO - Fetching Open-Meteo data from 2026-01-16 to 2026-01-19
2026-05-21 02:37:00,618 - INFO - Inserted 288 new rows into weather_data.
2026-05-21 02:37:05,620 - INFO - Fetching DA prices from 2026-01-19 00:00:00+01:00 to 2026-01-22 00:00:00+01:00
2026-05-21 02:37:06,570 - INFO - Inserted 288 new rows into day_ahead_prices.
2026-05-21 02:37:06,571 - INFO - Fetching actual load from 2026-01-19 00:00:00+01:00 to 2026-01-22 00:00:00+01:00
2026-05-21 02:37:07,405 - INFO - Inserted 288 new rows into actual_load.
2026-05-21 02:37:07,405 - INFO - Fetching generation mix from 2026-01-19 00:00:00+01:00 to 2026-01-22 00:00:00+01:00
2026-05-21 02:37:09,728 - INFO - Inserted 288 new rows into generation_mix.
2026-05-21 02:37:09,729 - INFO - Fetching Open-Meteo data from 2026-01-19 to 2026-01-22
2026-05-21 02:37:10,274 - INFO - Inserted 288 new rows into weather_data.
2026-05-21 02:37:15,277 - INFO - Fetching DA prices from 2026-01-22 00:00:00+01:00 to 2026-01-25 00:00:00+01:00
2026-05-21 02:37:16,174 - INFO - Inserted 288 new rows into day_ahead_prices.
2026-05-21 02:37:16,174 - INFO - Fetching actual load from 2026-01-22 00:00:00+01:00 to 2026-01-25 00:00:00+01:00
2026-05-21 02:37:16,908 - INFO - Inserted 288 new rows into actual_load.
2026-05-21 02:37:16,908 - INFO - Fetching generation mix from 2026-01-22 00:00:00+01:00 to 2026-01-25 00:00:00+01:00
2026-05-21 02:37:19,117 - INFO - Inserted 288 new rows into generation_mix.
2026-05-21 02:37:19,118 - INFO - Fetching Open-Meteo data from 2026-01-22 to 2026-01-25
2026-05-21 02:37:19,751 - INFO - Inserted 288 new rows into weather_data.
2026-05-21 02:37:24,754 - INFO - Fetching DA prices from 2026-01-25 00:00:00+01:00 to 2026-01-28 00:00:00+01:00
2026-05-21 02:37:25,724 - INFO - Inserted 288 new rows into day_ahead_prices.
2026-05-21 02:37:25,725 - INFO - Fetching actual load from 2026-01-25 00:00:00+01:00 to 2026-01-28 00:00:00+01:00
2026-05-21 02:37:26,458 - INFO - Inserted 288 new rows into actual_load.
2026-05-21 02:37:26,459 - INFO - Fetching generation mix from 2026-01-25 00:00:00+01:00 to 2026-01-28 00:00:00+01:00
2026-05-21 02:37:28,497 - INFO - Inserted 288 new rows into generation_mix.
2026-05-21 02:37:28,498 - INFO - Fetching Open-Meteo data from 2026-01-25 to 2026-01-28
2026-05-21 02:37:29,010 - INFO - Inserted 288 new rows into weather_data.
2026-05-21 02:37:34,013 - INFO - Fetching DA prices from 2026-01-28 00:00:00+01:00 to 2026-01-31 00:00:00+01:00
2026-05-21 02:37:34,915 - INFO - Inserted 288 new rows into day_ahead_prices.
2026-05-21 02:37:34,915 - INFO - Fetching actual load from 2026-01-28 00:00:00+01:00 to 2026-01-31 00:00:00+01:00
2026-05-21 02:37:35,782 - INFO - Inserted 288 new rows into actual_load.
2026-05-21 02:37:35,783 - INFO - Fetching generation mix from 2026-01-28 00:00:00+01:00 to 2026-01-31 00:00:00+01:00
2026-05-21 02:37:38,499 - INFO - Inserted 288 new rows into generation_mix.
2026-05-21 02:37:38,500 - INFO - Fetching Open-Meteo data from 2026-01-28 to 2026-01-31
2026-05-21 02:37:39,047 - INFO - Inserted 288 new rows into weather_data.
2026-05-21 02:37:44,050 - INFO - Fetching DA prices from 2026-01-31 00:00:00+01:00 to 2026-02-03 00:00:00+01:00
2026-05-21 02:37:44,968 - INFO - Inserted 288 new rows into day_ahead_prices.
2026-05-21 02:37:44,969 - INFO - Fetching actual load from 2026-01-31 00:00:00+01:00 to 2026-02-03 00:00:00+01:00
2026-05-21 02:37:46,247 - INFO - Inserted 288 new rows into actual_load.
2026-05-21 02:37:46,248 - INFO - Fetching generation mix from 2026-01-31 00:00:00+01:00 to 2026-02-03 00:00:00+01:00
2026-05-21 02:37:49,621 - INFO - Inserted 288 new rows into generation_mix.
2026-05-21 02:37:49,622 - INFO - Fetching Open-Meteo data from 2026-01-31 to 2026-02-03
2026-05-21 02:37:50,233 - INFO - Inserted 288 new rows into weather_data.
2026-05-21 02:37:55,237 - INFO - Fetching DA prices from 2026-02-03 00:00:00+01:00 to 2026-02-06 00:00:00+01:00
2026-05-21 02:37:56,247 - INFO - Inserted 288 new rows into day_ahead_prices.
2026-05-21 02:37:56,247 - INFO - Fetching actual load from 2026-02-03 00:00:00+01:00 to 2026-02-06 00:00:00+01:00
2026-05-21 02:37:56,861 - INFO - Inserted 288 new rows into actual_load.
2026-05-21 02:37:56,861 - INFO - Fetching generation mix from 2026-02-03 00:00:00+01:00 to 2026-02-06 00:00:00+01:00
2026-05-21 02:37:59,549 - INFO - Inserted 288 new rows into generation_mix.
2026-05-21 02:37:59,550 - INFO - Fetching Open-Meteo data from 2026-02-03 to 2026-02-06
2026-05-21 02:38:00,234 - INFO - Inserted 288 new rows into weather_data.
2026-05-21 02:38:05,237 - INFO - Fetching DA prices from 2026-02-06 00:00:00+01:00 to 2026-02-09 00:00:00+01:00
2026-05-21 02:38:06,173 - INFO - Inserted 288 new rows into day_ahead_prices.
2026-05-21 02:38:06,173 - INFO - Fetching actual load from 2026-02-06 00:00:00+01:00 to 2026-02-09 00:00:00+01:00
2026-05-21 02:38:06,696 - INFO - Inserted 288 new rows into actual_load.
2026-05-21 02:38:06,697 - INFO - Fetching generation mix from 2026-02-06 00:00:00+01:00 to 2026-02-09 00:00:00+01:00
2026-05-21 02:38:09,075 - INFO - Inserted 288 new rows into generation_mix.
2026-05-21 02:38:09,076 - INFO - Fetching Open-Meteo data from 2026-02-06 to 2026-02-09
2026-05-21 02:38:09,677 - INFO - Inserted 288 new rows into weather_data.
2026-05-21 02:38:14,679 - INFO - Fetching DA prices from 2026-02-09 00:00:00+01:00 to 2026-02-12 00:00:00+01:00
2026-05-21 02:38:15,583 - INFO - Inserted 288 new rows into day_ahead_prices.
2026-05-21 02:38:15,583 - INFO - Fetching actual load from 2026-02-09 00:00:00+01:00 to 2026-02-12 00:00:00+01:00
2026-05-21 02:38:16,219 - INFO - Inserted 288 new rows into actual_load.
2026-05-21 02:38:16,220 - INFO - Fetching generation mix from 2026-02-09 00:00:00+01:00 to 2026-02-12 00:00:00+01:00
2026-05-21 02:38:18,472 - INFO - Inserted 288 new rows into generation_mix.
2026-05-21 02:38:18,473 - INFO - Fetching Open-Meteo data from 2026-02-09 to 2026-02-12
2026-05-21 02:38:19,310 - INFO - Inserted 288 new rows into weather_data.
2026-05-21 02:38:24,313 - INFO - Fetching DA prices from 2026-02-12 00:00:00+01:00 to 2026-02-15 00:00:00+01:00
2026-05-21 02:38:25,276 - INFO - Inserted 288 new rows into day_ahead_prices.
2026-05-21 02:38:25,276 - INFO - Fetching actual load from 2026-02-12 00:00:00+01:00 to 2026-02-15 00:00:00+01:00
2026-05-21 02:38:25,966 - INFO - Inserted 288 new rows into actual_load.
2026-05-21 02:38:25,966 - INFO - Fetching generation mix from 2026-02-12 00:00:00+01:00 to 2026-02-15 00:00:00+01:00
2026-05-21 02:38:30,977 - INFO - Inserted 288 new rows into generation_mix.
2026-05-21 02:38:30,978 - INFO - Fetching Open-Meteo data from 2026-02-12 to 2026-02-15
2026-05-21 02:38:31,801 - INFO - Inserted 288 new rows into weather_data.
2026-05-21 02:38:36,804 - INFO - Fetching DA prices from 2026-02-15 00:00:00+01:00 to 2026-02-18 00:00:00+01:00
2026-05-21 02:38:37,845 - INFO - Inserted 288 new rows into day_ahead_prices.
2026-05-21 02:38:37,846 - INFO - Fetching actual load from 2026-02-15 00:00:00+01:00 to 2026-02-18 00:00:00+01:00
2026-05-21 02:38:38,735 - INFO - Inserted 288 new rows into actual_load.
2026-05-21 02:38:38,736 - INFO - Fetching generation mix from 2026-02-15 00:00:00+01:00 to 2026-02-18 00:00:00+01:00
2026-05-21 02:38:42,151 - INFO - Inserted 288 new rows into generation_mix.
2026-05-21 02:38:42,152 - INFO - Fetching Open-Meteo data from 2026-02-15 to 2026-02-18
2026-05-21 02:38:42,653 - INFO - Inserted 288 new rows into weather_data.
2026-05-21 02:38:47,655 - INFO - Fetching DA prices from 2026-02-18 00:00:00+01:00 to 2026-02-21 00:00:00+01:00
2026-05-21 02:38:48,866 - INFO - Inserted 288 new rows into day_ahead_prices.
2026-05-21 02:38:48,866 - INFO - Fetching actual load from 2026-02-18 00:00:00+01:00 to 2026-02-21 00:00:00+01:00
2026-05-21 02:38:49,609 - INFO - Inserted 288 new rows into actual_load.
2026-05-21 02:38:49,610 - INFO - Fetching generation mix from 2026-02-18 00:00:00+01:00 to 2026-02-21 00:00:00+01:00
2026-05-21 02:38:53,358 - INFO - Inserted 288 new rows into generation_mix.
2026-05-21 02:38:53,359 - INFO - Fetching Open-Meteo data from 2026-02-18 to 2026-02-21
2026-05-21 02:38:54,248 - INFO - Inserted 288 new rows into weather_data.
2026-05-21 02:38:59,251 - INFO - Fetching DA prices from 2026-02-21 00:00:00+01:00 to 2026-02-24 00:00:00+01:00
2026-05-21 02:39:00,143 - INFO - Inserted 288 new rows into day_ahead_prices.
2026-05-21 02:39:00,143 - INFO - Fetching actual load from 2026-02-21 00:00:00+01:00 to 2026-02-24 00:00:00+01:00
2026-05-21 02:39:01,177 - INFO - Inserted 288 new rows into actual_load.
2026-05-21 02:39:01,178 - INFO - Fetching generation mix from 2026-02-21 00:00:00+01:00 to 2026-02-24 00:00:00+01:00
2026-05-21 02:39:05,067 - INFO - Inserted 288 new rows into generation_mix.
2026-05-21 02:39:05,068 - INFO - Fetching Open-Meteo data from 2026-02-21 to 2026-02-24
2026-05-21 02:39:05,591 - INFO - Inserted 288 new rows into weather_data.
2026-05-21 02:39:10,593 - INFO - Fetching DA prices from 2026-02-24 00:00:00+01:00 to 2026-02-27 00:00:00+01:00
2026-05-21 02:39:11,508 - INFO - Inserted 288 new rows into day_ahead_prices.
2026-05-21 02:39:11,509 - INFO - Fetching actual load from 2026-02-24 00:00:00+01:00 to 2026-02-27 00:00:00+01:00
2026-05-21 02:39:12,053 - INFO - Inserted 288 new rows into actual_load.
2026-05-21 02:39:12,054 - INFO - Fetching generation mix from 2026-02-24 00:00:00+01:00 to 2026-02-27 00:00:00+01:00
2026-05-21 02:39:15,155 - INFO - Inserted 288 new rows into generation_mix.
2026-05-21 02:39:15,156 - INFO - Fetching Open-Meteo data from 2026-02-24 to 2026-02-27
2026-05-21 02:39:15,656 - INFO - Inserted 288 new rows into weather_data.
2026-05-21 02:39:20,659 - INFO - Fetching DA prices from 2026-02-27 00:00:00+01:00 to 2026-03-02 00:00:00+01:00
2026-05-21 02:39:21,815 - INFO - Inserted 288 new rows into day_ahead_prices.
2026-05-21 02:39:21,816 - INFO - Fetching actual load from 2026-02-27 00:00:00+01:00 to 2026-03-02 00:00:00+01:00
2026-05-21 02:39:22,706 - INFO - Inserted 288 new rows into actual_load.
2026-05-21 02:39:22,706 - INFO - Fetching generation mix from 2026-02-27 00:00:00+01:00 to 2026-03-02 00:00:00+01:00
2026-05-21 02:39:26,110 - INFO - Inserted 288 new rows into generation_mix.
2026-05-21 02:39:26,111 - INFO - Fetching Open-Meteo data from 2026-02-27 to 2026-03-02
2026-05-21 02:39:26,739 - INFO - Inserted 288 new rows into weather_data.
2026-05-21 02:39:31,742 - INFO - Fetching DA prices from 2026-03-02 00:00:00+01:00 to 2026-03-05 00:00:00+01:00
2026-05-21 02:39:32,697 - INFO - Inserted 288 new rows into day_ahead_prices.
2026-05-21 02:39:32,697 - INFO - Fetching actual load from 2026-03-02 00:00:00+01:00 to 2026-03-05 00:00:00+01:00
2026-05-21 02:39:33,523 - INFO - Inserted 288 new rows into actual_load.
2026-05-21 02:39:33,523 - INFO - Fetching generation mix from 2026-03-02 00:00:00+01:00 to 2026-03-05 00:00:00+01:00
2026-05-21 02:39:35,791 - INFO - Inserted 288 new rows into generation_mix.
2026-05-21 02:39:35,792 - INFO - Fetching Open-Meteo data from 2026-03-02 to 2026-03-05
2026-05-21 02:39:36,470 - INFO - Inserted 288 new rows into weather_data.
2026-05-21 02:39:41,473 - INFO - Fetching DA prices from 2026-03-05 00:00:00+01:00 to 2026-03-08 00:00:00+01:00
2026-05-21 02:39:42,232 - INFO - Inserted 288 new rows into day_ahead_prices.
2026-05-21 02:39:42,232 - INFO - Fetching actual load from 2026-03-05 00:00:00+01:00 to 2026-03-08 00:00:00+01:00
2026-05-21 02:39:42,955 - INFO - Inserted 288 new rows into actual_load.
2026-05-21 02:39:42,955 - INFO - Fetching generation mix from 2026-03-05 00:00:00+01:00 to 2026-03-08 00:00:00+01:00
2026-05-21 02:39:45,404 - INFO - Inserted 288 new rows into generation_mix.
2026-05-21 02:39:45,405 - INFO - Fetching Open-Meteo data from 2026-03-05 to 2026-03-08
2026-05-21 02:39:46,261 - INFO - Inserted 288 new rows into weather_data.
2026-05-21 02:39:51,264 - INFO - Fetching DA prices from 2026-03-08 00:00:00+01:00 to 2026-03-11 00:00:00+01:00
2026-05-21 02:39:52,126 - INFO - Inserted 288 new rows into day_ahead_prices.
2026-05-21 02:39:52,127 - INFO - Fetching actual load from 2026-03-08 00:00:00+01:00 to 2026-03-11 00:00:00+01:00
2026-05-21 02:39:52,849 - INFO - Inserted 288 new rows into actual_load.
2026-05-21 02:39:52,850 - INFO - Fetching generation mix from 2026-03-08 00:00:00+01:00 to 2026-03-11 00:00:00+01:00
2026-05-21 02:39:55,219 - INFO - Inserted 288 new rows into generation_mix.
2026-05-21 02:39:55,220 - INFO - Fetching Open-Meteo data from 2026-03-08 to 2026-03-11
2026-05-21 02:39:55,742 - INFO - Inserted 288 new rows into weather_data.
2026-05-21 02:40:00,745 - INFO - Fetching DA prices from 2026-03-11 00:00:00+01:00 to 2026-03-14 00:00:00+01:00
2026-05-21 02:40:02,196 - INFO - Inserted 288 new rows into day_ahead_prices.
2026-05-21 02:40:02,196 - INFO - Fetching actual load from 2026-03-11 00:00:00+01:00 to 2026-03-14 00:00:00+01:00
2026-05-21 02:40:03,152 - INFO - Inserted 288 new rows into actual_load.
2026-05-21 02:40:03,153 - INFO - Fetching generation mix from 2026-03-11 00:00:00+01:00 to 2026-03-14 00:00:00+01:00
2026-05-21 02:40:06,312 - INFO - Inserted 288 new rows into generation_mix.
2026-05-21 02:40:06,313 - INFO - Fetching Open-Meteo data from 2026-03-11 to 2026-03-14
2026-05-21 02:40:06,869 - INFO - Inserted 288 new rows into weather_data.
2026-05-21 02:40:11,871 - INFO - Fetching DA prices from 2026-03-14 00:00:00+01:00 to 2026-03-17 00:00:00+01:00
2026-05-21 02:40:12,912 - INFO - Inserted 288 new rows into day_ahead_prices.
2026-05-21 02:40:12,913 - INFO - Fetching actual load from 2026-03-14 00:00:00+01:00 to 2026-03-17 00:00:00+01:00
2026-05-21 02:40:13,829 - INFO - Inserted 288 new rows into actual_load.
2026-05-21 02:40:13,830 - INFO - Fetching generation mix from 2026-03-14 00:00:00+01:00 to 2026-03-17 00:00:00+01:00
2026-05-21 02:40:15,741 - INFO - Inserted 288 new rows into generation_mix.
2026-05-21 02:40:15,742 - INFO - Fetching Open-Meteo data from 2026-03-14 to 2026-03-17
2026-05-21 02:40:16,432 - INFO - Inserted 288 new rows into weather_data.
2026-05-21 02:40:21,434 - INFO - Fetching DA prices from 2026-03-17 00:00:00+01:00 to 2026-03-20 00:00:00+01:00
2026-05-21 02:40:22,265 - INFO - Inserted 288 new rows into day_ahead_prices.
2026-05-21 02:40:22,266 - INFO - Fetching actual load from 2026-03-17 00:00:00+01:00 to 2026-03-20 00:00:00+01:00
2026-05-21 02:40:23,099 - INFO - Inserted 288 new rows into actual_load.
2026-05-21 02:40:23,100 - INFO - Fetching generation mix from 2026-03-17 00:00:00+01:00 to 2026-03-20 00:00:00+01:00
2026-05-21 02:40:25,178 - INFO - Inserted 288 new rows into generation_mix.
2026-05-21 02:40:25,179 - INFO - Fetching Open-Meteo data from 2026-03-17 to 2026-03-20
2026-05-21 02:40:25,858 - INFO - Inserted 288 new rows into weather_data.
2026-05-21 02:40:30,861 - INFO - Fetching DA prices from 2026-03-20 00:00:00+01:00 to 2026-03-23 00:00:00+01:00
2026-05-21 02:40:32,302 - INFO - Inserted 288 new rows into day_ahead_prices.
2026-05-21 02:40:32,302 - INFO - Fetching actual load from 2026-03-20 00:00:00+01:00 to 2026-03-23 00:00:00+01:00
2026-05-21 02:40:33,147 - INFO - Inserted 288 new rows into actual_load.
2026-05-21 02:40:33,148 - INFO - Fetching generation mix from 2026-03-20 00:00:00+01:00 to 2026-03-23 00:00:00+01:00
2026-05-21 02:40:35,348 - INFO - Inserted 288 new rows into generation_mix.
2026-05-21 02:40:35,349 - INFO - Fetching Open-Meteo data from 2026-03-20 to 2026-03-23
2026-05-21 02:40:36,184 - INFO - Inserted 288 new rows into weather_data.
2026-05-21 02:40:41,186 - INFO - Fetching DA prices from 2026-03-23 00:00:00+01:00 to 2026-03-26 00:00:00+01:00
2026-05-21 02:40:42,676 - INFO - Inserted 288 new rows into day_ahead_prices.
2026-05-21 02:40:42,676 - INFO - Fetching actual load from 2026-03-23 00:00:00+01:00 to 2026-03-26 00:00:00+01:00
2026-05-21 02:40:43,288 - INFO - Inserted 288 new rows into actual_load.
2026-05-21 02:40:43,288 - INFO - Fetching generation mix from 2026-03-23 00:00:00+01:00 to 2026-03-26 00:00:00+01:00
2026-05-21 02:40:45,350 - INFO - Inserted 288 new rows into generation_mix.
2026-05-21 02:40:45,351 - INFO - Fetching Open-Meteo data from 2026-03-23 to 2026-03-26
2026-05-21 02:40:45,996 - INFO - Inserted 288 new rows into weather_data.
2026-05-21 02:40:50,998 - INFO - Fetching DA prices from 2026-03-26 00:00:00+01:00 to 2026-03-30 00:00:00+02:00
2026-05-21 02:40:51,857 - INFO - Inserted 380 new rows into day_ahead_prices.
2026-05-21 02:40:51,857 - INFO - Fetching actual load from 2026-03-26 00:00:00+01:00 to 2026-03-30 00:00:00+02:00
2026-05-21 02:40:52,472 - INFO - Inserted 380 new rows into actual_load.
2026-05-21 02:40:52,473 - INFO - Fetching generation mix from 2026-03-26 00:00:00+01:00 to 2026-03-30 00:00:00+02:00
2026-05-21 02:40:55,938 - INFO - Inserted 380 new rows into generation_mix.
2026-05-21 02:40:55,939 - INFO - Fetching Open-Meteo data from 2026-03-26 to 2026-03-30
2026-05-21 02:40:56,473 - INFO - Inserted 384 new rows into weather_data.
2026-05-21 02:41:01,475 - INFO - Fetching DA prices from 2026-03-30 00:00:00+02:00 to 2026-04-02 00:00:00+02:00
2026-05-21 02:41:02,357 - INFO - Inserted 288 new rows into day_ahead_prices.
2026-05-21 02:41:02,357 - INFO - Fetching actual load from 2026-03-30 00:00:00+02:00 to 2026-04-02 00:00:00+02:00
2026-05-21 02:41:03,135 - INFO - Inserted 288 new rows into actual_load.
2026-05-21 02:41:03,136 - INFO - Fetching generation mix from 2026-03-30 00:00:00+02:00 to 2026-04-02 00:00:00+02:00
2026-05-21 02:41:05,528 - INFO - Inserted 288 new rows into generation_mix.
2026-05-21 02:41:05,529 - INFO - Fetching Open-Meteo data from 2026-03-30 to 2026-04-02
2026-05-21 02:41:06,079 - INFO - Inserted 288 new rows into weather_data.
2026-05-21 02:41:11,082 - INFO - Fetching DA prices from 2026-04-02 00:00:00+02:00 to 2026-04-05 00:00:00+02:00
2026-05-21 02:41:12,008 - INFO - Inserted 288 new rows into day_ahead_prices.
2026-05-21 02:41:12,008 - INFO - Fetching actual load from 2026-04-02 00:00:00+02:00 to 2026-04-05 00:00:00+02:00
2026-05-21 02:41:12,731 - INFO - Inserted 288 new rows into actual_load.
2026-05-21 02:41:12,731 - INFO - Fetching generation mix from 2026-04-02 00:00:00+02:00 to 2026-04-05 00:00:00+02:00
2026-05-21 02:41:14,910 - INFO - Inserted 288 new rows into generation_mix.
2026-05-21 02:41:14,911 - INFO - Fetching Open-Meteo data from 2026-04-02 to 2026-04-05
2026-05-21 02:41:15,447 - INFO - Inserted 288 new rows into weather_data.
2026-05-21 02:41:20,450 - INFO - Fetching DA prices from 2026-04-05 00:00:00+02:00 to 2026-04-08 00:00:00+02:00
2026-05-21 02:41:21,326 - INFO - Inserted 288 new rows into day_ahead_prices.
2026-05-21 02:41:21,327 - INFO - Fetching actual load from 2026-04-05 00:00:00+02:00 to 2026-04-08 00:00:00+02:00
2026-05-21 02:41:22,127 - INFO - Inserted 288 new rows into actual_load.
2026-05-21 02:41:22,128 - INFO - Fetching generation mix from 2026-04-05 00:00:00+02:00 to 2026-04-08 00:00:00+02:00
2026-05-21 02:41:23,816 - INFO - Inserted 288 new rows into generation_mix.
2026-05-21 02:41:23,817 - INFO - Fetching Open-Meteo data from 2026-04-05 to 2026-04-08
2026-05-21 02:41:24,462 - INFO - Inserted 288 new rows into weather_data.
2026-05-21 02:41:29,465 - INFO - Fetching DA prices from 2026-04-08 00:00:00+02:00 to 2026-04-11 00:00:00+02:00
2026-05-21 02:41:30,313 - INFO - Inserted 288 new rows into day_ahead_prices.
2026-05-21 02:41:30,314 - INFO - Fetching actual load from 2026-04-08 00:00:00+02:00 to 2026-04-11 00:00:00+02:00
2026-05-21 02:41:31,259 - INFO - Inserted 288 new rows into actual_load.
2026-05-21 02:41:31,259 - INFO - Fetching generation mix from 2026-04-08 00:00:00+02:00 to 2026-04-11 00:00:00+02:00
2026-05-21 02:41:33,160 - INFO - Inserted 288 new rows into generation_mix.
2026-05-21 02:41:33,160 - INFO - Fetching Open-Meteo data from 2026-04-08 to 2026-04-11
2026-05-21 02:41:33,828 - INFO - Inserted 288 new rows into weather_data.
2026-05-21 02:41:38,830 - INFO - Fetching DA prices from 2026-04-11 00:00:00+02:00 to 2026-04-14 00:00:00+02:00
2026-05-21 02:41:39,785 - INFO - Inserted 288 new rows into day_ahead_prices.
2026-05-21 02:41:39,786 - INFO - Fetching actual load from 2026-04-11 00:00:00+02:00 to 2026-04-14 00:00:00+02:00
2026-05-21 02:41:40,309 - INFO - Inserted 288 new rows into actual_load.
2026-05-21 02:41:40,309 - INFO - Fetching generation mix from 2026-04-11 00:00:00+02:00 to 2026-04-14 00:00:00+02:00
2026-05-21 02:41:42,134 - INFO - Inserted 288 new rows into generation_mix.
2026-05-21 02:41:42,135 - INFO - Fetching Open-Meteo data from 2026-04-11 to 2026-04-14
2026-05-21 02:41:43,681 - INFO - Inserted 288 new rows into weather_data.
2026-05-21 02:41:48,683 - INFO - Fetching DA prices from 2026-04-14 00:00:00+02:00 to 2026-04-17 00:00:00+02:00
2026-05-21 02:41:49,724 - INFO - Inserted 288 new rows into day_ahead_prices.
2026-05-21 02:41:49,725 - INFO - Fetching actual load from 2026-04-14 00:00:00+02:00 to 2026-04-17 00:00:00+02:00
2026-05-21 02:41:50,248 - INFO - Inserted 288 new rows into actual_load.
2026-05-21 02:41:50,248 - INFO - Fetching generation mix from 2026-04-14 00:00:00+02:00 to 2026-04-17 00:00:00+02:00
2026-05-21 02:41:52,460 - INFO - Inserted 288 new rows into generation_mix.
2026-05-21 02:41:52,460 - INFO - Fetching Open-Meteo data from 2026-04-14 to 2026-04-17
2026-05-21 02:41:52,972 - INFO - Inserted 288 new rows into weather_data.
2026-05-21 02:41:57,975 - INFO - Fetching DA prices from 2026-04-17 00:00:00+02:00 to 2026-04-20 00:00:00+02:00
2026-05-21 02:41:58,750 - INFO - Inserted 288 new rows into day_ahead_prices.
2026-05-21 02:41:58,751 - INFO - Fetching actual load from 2026-04-17 00:00:00+02:00 to 2026-04-20 00:00:00+02:00
2026-05-21 02:41:59,284 - INFO - Inserted 288 new rows into actual_load.
2026-05-21 02:41:59,285 - INFO - Fetching generation mix from 2026-04-17 00:00:00+02:00 to 2026-04-20 00:00:00+02:00
2026-05-21 02:42:01,233 - INFO - Inserted 288 new rows into generation_mix.
2026-05-21 02:42:01,234 - INFO - Fetching Open-Meteo data from 2026-04-17 to 2026-04-20
2026-05-21 02:42:01,946 - INFO - Inserted 288 new rows into weather_data.
2026-05-21 02:42:06,949 - INFO - Fetching DA prices from 2026-04-20 00:00:00+02:00 to 2026-04-23 00:00:00+02:00
2026-05-21 02:42:07,766 - INFO - Inserted 288 new rows into day_ahead_prices.
2026-05-21 02:42:07,767 - INFO - Fetching actual load from 2026-04-20 00:00:00+02:00 to 2026-04-23 00:00:00+02:00
2026-05-21 02:42:08,567 - INFO - Inserted 288 new rows into actual_load.
2026-05-21 02:42:08,568 - INFO - Fetching generation mix from 2026-04-20 00:00:00+02:00 to 2026-04-23 00:00:00+02:00
2026-05-21 02:42:11,190 - INFO - Inserted 288 new rows into generation_mix.
2026-05-21 02:42:11,191 - INFO - Fetching Open-Meteo data from 2026-04-20 to 2026-04-23
2026-05-21 02:42:11,759 - INFO - Inserted 288 new rows into weather_data.
2026-05-21 02:42:16,761 - INFO - Fetching DA prices from 2026-04-23 00:00:00+02:00 to 2026-04-26 00:00:00+02:00
2026-05-21 02:42:17,650 - INFO - Inserted 288 new rows into day_ahead_prices.
2026-05-21 02:42:17,651 - INFO - Fetching actual load from 2026-04-23 00:00:00+02:00 to 2026-04-26 00:00:00+02:00
2026-05-21 02:42:18,333 - INFO - Inserted 288 new rows into actual_load.
2026-05-21 02:42:18,333 - INFO - Fetching generation mix from 2026-04-23 00:00:00+02:00 to 2026-04-26 00:00:00+02:00
2026-05-21 02:42:20,282 - INFO - Inserted 288 new rows into generation_mix.
2026-05-21 02:42:20,283 - INFO - Fetching Open-Meteo data from 2026-04-23 to 2026-04-26
2026-05-21 02:42:20,909 - INFO - Inserted 288 new rows into weather_data.
2026-05-21 02:42:25,912 - INFO - Fetching DA prices from 2026-04-26 00:00:00+02:00 to 2026-04-29 00:00:00+02:00
2026-05-21 02:42:26,845 - INFO - Inserted 288 new rows into day_ahead_prices.
2026-05-21 02:42:26,845 - INFO - Fetching actual load from 2026-04-26 00:00:00+02:00 to 2026-04-29 00:00:00+02:00
2026-05-21 02:42:27,479 - INFO - Inserted 288 new rows into actual_load.
2026-05-21 02:42:27,479 - INFO - Fetching generation mix from 2026-04-26 00:00:00+02:00 to 2026-04-29 00:00:00+02:00
2026-05-21 02:42:29,436 - INFO - Inserted 288 new rows into generation_mix.
2026-05-21 02:42:29,436 - INFO - Fetching Open-Meteo data from 2026-04-26 to 2026-04-29
2026-05-21 02:42:30,085 - INFO - Inserted 288 new rows into weather_data.
2026-05-21 02:42:35,088 - INFO - Fetching DA prices from 2026-04-29 00:00:00+02:00 to 2026-05-02 00:00:00+02:00
2026-05-21 02:42:36,077 - INFO - Inserted 288 new rows into day_ahead_prices.
2026-05-21 02:42:36,077 - INFO - Fetching actual load from 2026-04-29 00:00:00+02:00 to 2026-05-02 00:00:00+02:00
2026-05-21 02:42:36,733 - INFO - Inserted 288 new rows into actual_load.
2026-05-21 02:42:36,734 - INFO - Fetching generation mix from 2026-04-29 00:00:00+02:00 to 2026-05-02 00:00:00+02:00
2026-05-21 02:42:38,874 - INFO - Inserted 288 new rows into generation_mix.
2026-05-21 02:42:38,875 - INFO - Fetching Open-Meteo data from 2026-04-29 to 2026-05-02
2026-05-21 02:42:39,409 - INFO - Inserted 288 new rows into weather_data.
2026-05-21 02:42:44,412 - INFO - Fetching DA prices from 2026-05-02 00:00:00+02:00 to 2026-05-05 00:00:00+02:00
2026-05-21 02:42:45,326 - INFO - Inserted 288 new rows into day_ahead_prices.
2026-05-21 02:42:45,327 - INFO - Fetching actual load from 2026-05-02 00:00:00+02:00 to 2026-05-05 00:00:00+02:00
2026-05-21 02:42:46,121 - INFO - Inserted 288 new rows into actual_load.
2026-05-21 02:42:46,121 - INFO - Fetching generation mix from 2026-05-02 00:00:00+02:00 to 2026-05-05 00:00:00+02:00
2026-05-21 02:42:48,494 - INFO - Inserted 288 new rows into generation_mix.
2026-05-21 02:42:48,495 - INFO - Fetching Open-Meteo data from 2026-05-02 to 2026-05-05
2026-05-21 02:42:49,101 - INFO - Inserted 288 new rows into weather_data.
2026-05-21 02:42:54,103 - INFO - Fetching DA prices from 2026-05-05 00:00:00+02:00 to 2026-05-08 00:00:00+02:00
2026-05-21 02:42:54,954 - INFO - Inserted 288 new rows into day_ahead_prices.
2026-05-21 02:42:54,955 - INFO - Fetching actual load from 2026-05-05 00:00:00+02:00 to 2026-05-08 00:00:00+02:00
2026-05-21 02:42:55,922 - INFO - Inserted 288 new rows into actual_load.
2026-05-21 02:42:55,922 - INFO - Fetching generation mix from 2026-05-05 00:00:00+02:00 to 2026-05-08 00:00:00+02:00
2026-05-21 02:42:58,282 - INFO - Inserted 288 new rows into generation_mix.
2026-05-21 02:42:58,283 - INFO - Fetching Open-Meteo data from 2026-05-05 to 2026-05-08
2026-05-21 02:42:58,906 - INFO - Inserted 288 new rows into weather_data.
2026-05-21 02:43:03,908 - INFO - Fetching DA prices from 2026-05-08 00:00:00+02:00 to 2026-05-11 00:00:00+02:00
2026-05-21 02:43:04,774 - INFO - Inserted 288 new rows into day_ahead_prices.
2026-05-21 02:43:04,774 - INFO - Fetching actual load from 2026-05-08 00:00:00+02:00 to 2026-05-11 00:00:00+02:00
2026-05-21 02:43:05,509 - INFO - Inserted 288 new rows into actual_load.
2026-05-21 02:43:05,510 - INFO - Fetching generation mix from 2026-05-08 00:00:00+02:00 to 2026-05-11 00:00:00+02:00
2026-05-21 02:43:07,477 - INFO - Inserted 288 new rows into generation_mix.
2026-05-21 02:43:07,478 - INFO - Fetching Open-Meteo data from 2026-05-08 to 2026-05-11
2026-05-21 02:43:07,967 - INFO - Inserted 288 new rows into weather_data.
2026-05-21 02:43:12,970 - INFO - Fetching DA prices from 2026-05-11 00:00:00+02:00 to 2026-05-14 00:00:00+02:00
2026-05-21 02:43:13,796 - INFO - Inserted 288 new rows into day_ahead_prices.
2026-05-21 02:43:13,797 - INFO - Fetching actual load from 2026-05-11 00:00:00+02:00 to 2026-05-14 00:00:00+02:00
2026-05-21 02:43:14,841 - INFO - Inserted 288 new rows into actual_load.
2026-05-21 02:43:14,842 - INFO - Fetching generation mix from 2026-05-11 00:00:00+02:00 to 2026-05-14 00:00:00+02:00
2026-05-21 02:43:16,742 - INFO - Inserted 288 new rows into generation_mix.
2026-05-21 02:43:16,743 - INFO - Fetching Open-Meteo data from 2026-05-11 to 2026-05-14
2026-05-21 02:43:18,005 - INFO - Inserted 288 new rows into weather_data.
2026-05-21 02:43:23,008 - INFO - Fetching DA prices from 2026-05-14 00:00:00+02:00 to 2026-05-17 00:00:00+02:00
2026-05-21 02:43:23,902 - INFO - Inserted 288 new rows into day_ahead_prices.
2026-05-21 02:43:23,903 - INFO - Fetching actual load from 2026-05-14 00:00:00+02:00 to 2026-05-17 00:00:00+02:00
2026-05-21 02:43:24,559 - INFO - Inserted 288 new rows into actual_load.
2026-05-21 02:43:24,559 - INFO - Fetching generation mix from 2026-05-14 00:00:00+02:00 to 2026-05-17 00:00:00+02:00
2026-05-21 02:43:26,870 - INFO - Inserted 288 new rows into generation_mix.
2026-05-21 02:43:26,871 - INFO - Fetching Open-Meteo data from 2026-05-14 to 2026-05-17
2026-05-21 02:43:27,443 - INFO - Inserted 288 new rows into weather_data.
2026-05-21 02:43:32,446 - INFO - Fetching DA prices from 2026-05-17 00:00:00+02:00 to 2026-05-20 00:00:00+02:00
2026-05-21 02:43:33,460 - INFO - Inserted 288 new rows into day_ahead_prices.
2026-05-21 02:43:33,461 - INFO - Fetching actual load from 2026-05-17 00:00:00+02:00 to 2026-05-20 00:00:00+02:00
2026-05-21 02:43:34,094 - INFO - Inserted 288 new rows into actual_load.
2026-05-21 02:43:34,095 - INFO - Fetching generation mix from 2026-05-17 00:00:00+02:00 to 2026-05-20 00:00:00+02:00
2026-05-21 02:43:35,966 - INFO - Inserted 288 new rows into generation_mix.
2026-05-21 02:43:35,967 - INFO - Fetching Open-Meteo data from 2026-05-17 to 2026-05-20
2026-05-21 02:43:36,601 - INFO - Inserted 288 new rows into weather_data.
2026-05-21 02:43:41,603 - INFO - Fetching DA prices from 2026-05-20 00:00:00+02:00 to 2026-05-21 00:00:00+02:00
2026-05-21 02:43:42,505 - INFO - Inserted 96 new rows into day_ahead_prices.
2026-05-21 02:43:42,505 - INFO - Fetching actual load from 2026-05-20 00:00:00+02:00 to 2026-05-20 23:13:41.603392+02:00
2026-05-21 02:43:43,283 - INFO - Inserted 67 new rows into actual_load.
2026-05-21 02:43:43,284 - INFO - Fetching generation mix from 2026-05-20 00:00:00+02:00 to 2026-05-20 23:13:41.603392+02:00
2026-05-21 02:43:44,618 - INFO - Inserted 91 new rows into generation_mix.
2026-05-21 02:43:44,618 - INFO - Fetching Open-Meteo data from 2026-05-20 to 2026-05-21
2026-05-21 02:43:45,219 - INFO - Inserted 96 new rows into weather_data.
2026-05-21 03:08:07,478 - INFO - Inserted 2 new rows into generation_mix.
2026-05-21 09:49:23,310 - INFO - === STARTING DAILY PIPELINE RUN ===
2026-05-21 09:49:23,366 - INFO - Fetching DA prices from 2026-05-20 00:00:00+02:00 to 2026-05-23 00:00:00+02:00
2026-05-21 09:49:26,119 - INFO - Inserted 95 new rows into day_ahead_prices.
2026-05-21 09:49:26,120 - INFO - Fetching actual load from 2026-05-20 00:00:00+02:00 to 2026-05-21 06:19:23.366027+02:00
2026-05-21 09:49:26,715 - INFO - Fetching generation mix from 2026-05-20 00:00:00+02:00 to 2026-05-21 06:19:23.366027+02:00
2026-05-21 09:49:27,438 - INFO - Inserted 26 new rows into generation_mix.
2026-05-21 09:49:27,439 - INFO - Fetching Open-Meteo data from 2026-05-20 to 2026-05-23
2026-05-21 09:49:29,213 - INFO - Inserted 192 new rows into weather_data.
2026-05-21 09:49:29,213 - INFO - === PIPELINE RUN COMPLETE ===
2026-05-21 09:58:07,683 - INFO - === STARTING DAILY PIPELINE RUN ===
2026-05-21 09:58:07,683 - INFO - Fetching DA prices from 2026-05-20 00:00:00+02:00 to 2026-05-23 00:00:00+02:00
2026-05-21 09:58:09,344 - INFO - Fetching actual load from 2026-05-20 00:00:00+02:00 to 2026-05-21 06:28:07.683250+02:00
2026-05-21 09:58:09,629 - INFO - Fetching generation mix from 2026-05-20 00:00:00+02:00 to 2026-05-21 06:28:07.683250+02:00
2026-05-21 09:58:10,451 - INFO - Inserted 1 new rows into generation_mix.
2026-05-21 09:58:10,452 - INFO - Fetching Open-Meteo data from 2026-05-20 to 2026-05-23
2026-05-21 09:58:10,480 - INFO - === PIPELINE RUN COMPLETE ===
2026-05-21 12:32:09,705 - INFO - === STARTING DAILY PIPELINE RUN ===
2026-05-21 12:32:09,751 - INFO - Fetching DA prices from 2026-05-20 00:00:00+02:00 to 2026-05-23 00:00:00+02:00
2026-05-21 12:32:14,713 - INFO - Fetching actual load from 2026-05-20 00:00:00+02:00 to 2026-05-21 09:02:09.751795+02:00
2026-05-21 12:32:15,121 - INFO - Fetching generation mix from 2026-05-20 00:00:00+02:00 to 2026-05-21 09:02:09.751795+02:00
2026-05-21 12:32:18,014 - INFO - Inserted 10 new rows into generation_mix.
2026-05-21 12:32:18,015 - INFO - Fetching Open-Meteo data from 2026-05-20 to 2026-05-23
2026-05-21 12:32:20,147 - INFO - === PIPELINE RUN COMPLETE ===
2026-05-21 13:01:41,495 - INFO - === STARTING DAILY PIPELINE RUN ===
2026-05-21 13:01:41,504 - INFO - Fetching DA prices from 2026-05-20 00:00:00+02:00 to 2026-05-23 00:00:00+02:00
2026-05-21 13:01:46,573 - INFO - Fetching actual load from 2026-05-20 00:00:00+02:00 to 2026-05-21 09:31:41.504656+02:00
2026-05-21 13:01:46,958 - INFO - Fetching generation mix from 2026-05-20 00:00:00+02:00 to 2026-05-21 09:31:41.504656+02:00
2026-05-21 13:01:47,929 - INFO - Inserted 2 new rows into generation_mix.
2026-05-21 13:01:47,929 - INFO - Fetching Open-Meteo data from 2026-05-20 to 2026-05-23
2026-05-21 13:01:48,053 - INFO - === PIPELINE RUN COMPLETE ===
2026-05-21 13:11:16,047 - INFO - === STARTING DAILY PIPELINE RUN ===
2026-05-21 13:11:16,069 - INFO - Fetching DA prices from 2026-05-20 00:00:00+02:00 to 2026-05-23 00:00:00+02:00
2026-05-21 13:11:24,042 - INFO - Fetching actual load from 2026-05-20 00:00:00+02:00 to 2026-05-21 09:41:16.069643+02:00
2026-05-21 13:11:25,321 - INFO - Fetching generation mix from 2026-05-20 00:00:00+02:00 to 2026-05-21 09:41:16.069643+02:00
2026-05-21 13:11:28,314 - INFO - Inserted 1 new rows into generation_mix.
2026-05-21 13:11:28,315 - INFO - Fetching Open-Meteo data from 2026-05-20 to 2026-05-23
2026-05-21 13:11:28,433 - INFO - === PIPELINE RUN COMPLETE ===
2026-05-21 13:47:37,893 - INFO - === STARTING DAILY PIPELINE RUN ===
2026-05-21 13:47:37,939 - INFO - Fetching DA prices from 2026-05-20 00:00:00+02:00 to 2026-05-23 00:00:00+02:00
2026-05-21 13:47:39,857 - INFO - Fetching actual load from 2026-05-20 00:00:00+02:00 to 2026-05-21 10:17:37.939344+02:00
2026-05-21 13:47:40,287 - INFO - Fetching generation mix from 2026-05-20 00:00:00+02:00 to 2026-05-21 10:17:37.939344+02:00
2026-05-21 13:47:41,229 - INFO - Inserted 2 new rows into generation_mix.
2026-05-21 13:47:41,230 - INFO - Fetching Open-Meteo data from 2026-05-20 to 2026-05-23
2026-05-21 13:47:43,201 - INFO - === PIPELINE RUN COMPLETE ===
2026-05-21 13:55:14,463 - INFO - === STARTING DAILY PIPELINE RUN ===
2026-05-21 13:55:14,475 - INFO - Fetching DA prices from 2026-05-20 00:00:00+02:00 to 2026-05-23 00:00:00+02:00
2026-05-21 13:55:16,308 - INFO - Fetching actual load from 2026-05-20 00:00:00+02:00 to 2026-05-21 10:25:14.475591+02:00
2026-05-21 13:55:16,663 - INFO - Fetching generation mix from 2026-05-20 00:00:00+02:00 to 2026-05-21 10:25:14.475591+02:00
2026-05-21 13:55:17,485 - INFO - Inserted 1 new rows into generation_mix.
2026-05-21 13:55:17,486 - INFO - Fetching Open-Meteo data from 2026-05-20 to 2026-05-23
2026-05-21 13:55:17,558 - INFO - === PIPELINE RUN COMPLETE ===
2026-05-21 17:30:04,805 - INFO - === STARTING DAILY PIPELINE RUN ===
2026-05-21 17:30:04,821 - INFO - Fetching DA prices from 2026-05-20 00:00:00+02:00 to 2026-05-23 00:00:00+02:00
2026-05-21 17:30:56,939 - ERROR - ENTSO-E Fetcher failed for 20260520 to 20260523: 503 Server Error: Service Unavailable for url: https://web-api.tp.entsoe.eu/api?documentType=A44&in_Domain=10Y1001A1001A82H&out_Domain=10Y1001A1001A82H&offset=100&contract_MarketAgreement.type=A01&classificationSequence_AttributeInstanceComponent.position=1&securityToken=c174a659-4f7d-4fcc-8ff1-3dae26733c29&periodStart=202605182200&periodEnd=202605232200
2026-05-21 17:30:58,941 - INFO - Fetching DA prices from 2026-05-20 00:00:00+02:00 to 2026-05-23 00:00:00+02:00
2026-05-21 17:30:59,601 - ERROR - ENTSO-E Fetcher failed for 20260520 to 20260523: 503 Server Error: Service Unavailable for url: https://web-api.tp.entsoe.eu/api?documentType=A44&in_Domain=10Y1001A1001A82H&out_Domain=10Y1001A1001A82H&offset=0&contract_MarketAgreement.type=A01&classificationSequence_AttributeInstanceComponent.position=1&securityToken=c174a659-4f7d-4fcc-8ff1-3dae26733c29&periodStart=202605182200&periodEnd=202605232200
2026-05-21 17:31:03,603 - INFO - Fetching DA prices from 2026-05-20 00:00:00+02:00 to 2026-05-23 00:00:00+02:00
2026-05-21 17:31:05,237 - ERROR - ENTSO-E Fetcher failed for 20260520 to 20260523: 503 Server Error: Service Unavailable for url: https://web-api.tp.entsoe.eu/api?documentType=A44&in_Domain=10Y1001A1001A82H&out_Domain=10Y1001A1001A82H&offset=0&contract_MarketAgreement.type=A01&classificationSequence_AttributeInstanceComponent.position=1&securityToken=c174a659-4f7d-4fcc-8ff1-3dae26733c29&periodStart=202605182200&periodEnd=202605232200
2026-05-21 17:31:13,239 - INFO - Fetching DA prices from 2026-05-20 00:00:00+02:00 to 2026-05-23 00:00:00+02:00
2026-05-21 17:31:14,969 - ERROR - ENTSO-E Fetcher failed for 20260520 to 20260523: 503 Server Error: Service Unavailable for url: https://web-api.tp.entsoe.eu/api?documentType=A44&in_Domain=10Y1001A1001A82H&out_Domain=10Y1001A1001A82H&offset=0&contract_MarketAgreement.type=A01&classificationSequence_AttributeInstanceComponent.position=1&securityToken=c174a659-4f7d-4fcc-8ff1-3dae26733c29&periodStart=202605182200&periodEnd=202605232200
2026-05-21 17:31:30,971 - INFO - Fetching DA prices from 2026-05-20 00:00:00+02:00 to 2026-05-23 00:00:00+02:00
2026-05-21 17:31:52,838 - INFO - Inserted 96 new rows into day_ahead_prices.
2026-05-21 17:31:52,838 - INFO - Fetching actual load from 2026-05-20 00:00:00+02:00 to 2026-05-21 14:01:30.971235+02:00
2026-05-21 17:31:53,339 - INFO - Inserted 82 new rows into actual_load.
2026-05-21 17:31:53,339 - INFO - Fetching generation mix from 2026-05-20 00:00:00+02:00 to 2026-05-21 14:01:30.971235+02:00
2026-05-21 17:31:56,220 - INFO - Inserted 14 new rows into generation_mix.
2026-05-21 17:31:56,221 - INFO - Fetching Open-Meteo data from 2026-05-20 to 2026-05-23
2026-05-21 17:31:57,725 - INFO - === PIPELINE RUN COMPLETE ===
2026-05-22 19:15:35,709 - INFO - === STARTING DAILY PIPELINE RUN ===
2026-05-22 19:15:35,756 - INFO - Fetching DA prices from 2026-05-21 00:00:00+02:00 to 2026-05-24 00:00:00+02:00
2026-05-22 19:15:48,266 - INFO - Inserted 96 new rows into day_ahead_prices.
2026-05-22 19:15:48,266 - INFO - Fetching actual load from 2026-05-21 00:00:00+02:00 to 2026-05-22 15:45:35.755879+02:00
2026-05-22 19:15:48,872 - INFO - Inserted 103 new rows into actual_load.
2026-05-22 19:15:48,873 - INFO - Fetching generation mix from 2026-05-21 00:00:00+02:00 to 2026-05-22 15:45:35.755879+02:00
2026-05-22 19:15:51,180 - INFO - Inserted 103 new rows into generation_mix.
2026-05-22 19:15:51,181 - INFO - Fetching Open-Meteo data from 2026-05-21 to 2026-05-24
2026-05-22 19:15:52,925 - INFO - Inserted 96 new rows into weather_data.
2026-05-22 19:15:52,925 - INFO - === PIPELINE RUN COMPLETE ===
2026-05-22 20:26:32,838 - INFO - === STARTING DAILY PIPELINE RUN ===
2026-05-22 20:26:32,873 - INFO - Fetching DA prices from 2026-05-21 00:00:00+02:00 to 2026-05-24 00:00:00+02:00
2026-05-22 20:26:34,286 - INFO - Fetching actual load from 2026-05-21 00:00:00+02:00 to 2026-05-22 16:56:32.873740+02:00
2026-05-22 20:26:34,896 - INFO - Inserted 5 new rows into actual_load.
2026-05-22 20:26:34,896 - INFO - Fetching generation mix from 2026-05-21 00:00:00+02:00 to 2026-05-22 16:56:32.873740+02:00
2026-05-22 20:26:36,228 - INFO - Inserted 5 new rows into generation_mix.
2026-05-22 20:26:36,228 - INFO - Fetching Open-Meteo data from 2026-05-21 to 2026-05-24
2026-05-22 20:26:37,489 - INFO - === PIPELINE RUN COMPLETE ===
2026-05-23 21:40:06,813 - INFO - === STARTING DAILY PIPELINE RUN ===
2026-05-23 21:40:06,842 - INFO - Fetching DA prices from 2026-05-22 00:00:00+02:00 to 2026-05-25 00:00:00+02:00
2026-05-23 21:40:09,217 - INFO - Inserted 96 new rows into day_ahead_prices.
2026-05-23 21:40:09,218 - INFO - Fetching actual load from 2026-05-22 00:00:00+02:00 to 2026-05-23 18:10:06.842629+02:00
2026-05-23 21:40:10,412 - INFO - Inserted 84 new rows into actual_load.
2026-05-23 21:40:10,412 - INFO - Fetching generation mix from 2026-05-22 00:00:00+02:00 to 2026-05-23 18:10:06.842629+02:00
2026-05-23 21:40:12,607 - INFO - Inserted 84 new rows into generation_mix.
2026-05-23 21:40:12,608 - INFO - Fetching Open-Meteo data from 2026-05-22 to 2026-05-25
2026-05-23 21:40:38,933 - ERROR - Weather Fetcher failed: failed to request 'https://historical-forecast-api.open-meteo.com/v1/forecast': HTTPSConnectionPool(host='historical-forecast-api.open-meteo.com', port=443): Max retries exceeded with url: /v1/forecast?latitude=52.52&longitude=13.405&start_date=2026-05-22&end_date=2026-05-25&minutely_15=temperature_2m&minutely_15=wind_speed_10m&minutely_15=shortwave_radiation&models=icon_d2&timezone=Europe%2FBerlin&format=flatbuffers (Caused by ResponseError('too many 504 error responses'))
2026-05-23 21:40:38,933 - CRITICAL - PIPELINE CRASHED: failed to request 'https://historical-forecast-api.open-meteo.com/v1/forecast': HTTPSConnectionPool(host='historical-forecast-api.open-meteo.com', port=443): Max retries exceeded with url: /v1/forecast?latitude=52.52&longitude=13.405&start_date=2026-05-22&end_date=2026-05-25&minutely_15=temperature_2m&minutely_15=wind_speed_10m&minutely_15=shortwave_radiation&models=icon_d2&timezone=Europe%2FBerlin&format=flatbuffers (Caused by ResponseError('too many 504 error responses'))
2026-05-23 21:46:28,206 - INFO - === STARTING DAILY PIPELINE RUN ===
2026-05-23 21:46:28,221 - INFO - Fetching DA prices from 2026-05-22 00:00:00+02:00 to 2026-05-25 00:00:00+02:00
2026-05-23 21:46:31,081 - INFO - Fetching actual load from 2026-05-22 00:00:00+02:00 to 2026-05-23 18:16:28.220747+02:00
2026-05-23 21:46:32,507 - INFO - Fetching generation mix from 2026-05-22 00:00:00+02:00 to 2026-05-23 18:16:28.220747+02:00
2026-05-23 21:46:34,061 - INFO - Fetching Open-Meteo data from 2026-05-22 to 2026-05-25
2026-05-23 21:46:34,061 - INFO - ⚡ Live Grid Detected: Routing to Production Forecast API...
2026-05-23 21:46:35,926 - INFO - Inserted 96 new rows into weather_data.
2026-05-23 21:46:35,927 - INFO - === PIPELINE RUN COMPLETE ===
2026-05-23 23:01:12,494 - INFO - === STARTING DAILY PIPELINE RUN ===
2026-05-23 23:01:12,681 - INFO - Fetching DA prices from 2026-05-22 00:00:00+02:00 to 2026-05-25 00:00:00+02:00
2026-05-23 23:01:16,152 - INFO - Fetching actual load from 2026-05-22 00:00:00+02:00 to 2026-05-23 19:31:12.681096+02:00
2026-05-23 23:01:16,793 - INFO - Inserted 5 new rows into actual_load.
2026-05-23 23:01:16,794 - INFO - Fetching generation mix from 2026-05-22 00:00:00+02:00 to 2026-05-23 19:31:12.681096+02:00
2026-05-23 23:01:21,861 - INFO - Inserted 5 new rows into generation_mix.
2026-05-23 23:01:21,861 - INFO - Fetching Open-Meteo data from 2026-05-22 to 2026-05-25
2026-05-23 23:01:21,862 - INFO - ⚡ Live Grid Detected: Routing to Production Forecast API...
2026-05-23 23:01:24,447 - INFO - === PIPELINE RUN COMPLETE ===
2026-05-24 12:39:44,981 - INFO - Fetching DA prices from 2024-05-25 00:00:00+02:00 to 2024-05-28 00:00:00+02:00
2026-05-24 12:39:52,646 - INFO - Inserted 289 new rows into day_ahead_prices.
2026-05-24 12:39:52,647 - INFO - Fetching actual load from 2024-05-25 00:00:00+02:00 to 2024-05-28 00:00:00+02:00
2026-05-24 12:39:54,590 - INFO - Inserted 288 new rows into actual_load.
2026-05-24 12:39:54,591 - INFO - Fetching generation mix from 2024-05-25 00:00:00+02:00 to 2024-05-28 00:00:00+02:00
2026-05-24 12:39:58,175 - INFO - Inserted 288 new rows into generation_mix.
2026-05-24 12:39:58,176 - INFO - Fetching Open-Meteo data from 2024-05-25 to 2024-05-28
2026-05-24 12:39:58,177 - INFO - 📚 Backtest Detected: Routing to Historical Archive API...
2026-05-24 12:40:01,618 - ERROR - Weather Fetcher failed: (psycopg2.errors.UndefinedTable) relation "weather_data" does not exist
LINE 1: SELECT timestamp FROM weather_data WHERE timestamp >= '2024-...
                              ^

[SQL: SELECT timestamp FROM weather_data WHERE timestamp >= '2024-05-25 00:00:00' AND timestamp <= '2024-05-28 23:45:00']
(Background on this error at: https://sqlalche.me/e/20/f405)
2026-05-24 12:43:58,370 - INFO - Fetching DA prices from 2024-05-25 00:00:00+02:00 to 2024-05-28 00:00:00+02:00
2026-05-24 12:44:01,638 - INFO - Fetching actual load from 2024-05-25 00:00:00+02:00 to 2024-05-28 00:00:00+02:00
2026-05-24 12:44:02,487 - INFO - Fetching generation mix from 2024-05-25 00:00:00+02:00 to 2024-05-28 00:00:00+02:00
2026-05-24 12:44:05,270 - INFO - Fetching Open-Meteo data from 2024-05-25 to 2024-05-28
2026-05-24 12:44:05,271 - INFO - 📚 Backtest Detected: Routing to Historical Archive API...
2026-05-24 12:44:06,811 - INFO - Inserted 384 new rows into weather_data.
2026-05-24 12:44:11,813 - INFO - Fetching DA prices from 2024-05-28 00:00:00+02:00 to 2024-05-31 00:00:00+02:00
2026-05-24 12:44:13,468 - INFO - Inserted 288 new rows into day_ahead_prices.
2026-05-24 12:44:13,469 - INFO - Fetching actual load from 2024-05-28 00:00:00+02:00 to 2024-05-31 00:00:00+02:00
2026-05-24 12:44:14,697 - INFO - Inserted 288 new rows into actual_load.
2026-05-24 12:44:14,697 - INFO - Fetching generation mix from 2024-05-28 00:00:00+02:00 to 2024-05-31 00:00:00+02:00
2026-05-24 12:44:18,485 - INFO - Inserted 288 new rows into generation_mix.
2026-05-24 12:44:18,486 - INFO - Fetching Open-Meteo data from 2024-05-28 to 2024-05-31
2026-05-24 12:44:18,486 - INFO - 📚 Backtest Detected: Routing to Historical Archive API...
2026-05-24 12:44:20,945 - ERROR - Weather Fetcher failed: (psycopg2.errors.UniqueViolation) duplicate key value violates unique constraint "weather_data_pkey"
DETAIL:  Key ("timestamp")=(2024-05-28 00:00:00) already exists.

[SQL: INSERT INTO weather_data (timestamp, temperature_2m, wind_speed_10m, solar_irradiance) VALUES (%(timestamp__0)s, %(temperature_2m__0)s, %(wind_speed_10m__0)s, %(solar_irradiance__0)s), (%(timestamp__1)s, %(temperature_2m__1)s, %(wind_speed_10m__1)s,  ... 37318 characters truncated ... ), (%(timestamp__383)s, %(temperature_2m__383)s, %(wind_speed_10m__383)s, %(solar_irradiance__383)s)]
[parameters: {'wind_speed_10m__0': 5.154415607452393, 'temperature_2m__0': 16.75200080871582, 'timestamp__0': '2024-05-28 00:00:00', 'solar_irradiance__0': 0.0, 'wind_speed_10m__1': 5.804825305938721, 'temperature_2m__1': 16.652000427246094, 'timestamp__1': '2024-05-28 00:15:00', 'solar_irradiance__1': 0.0, 'wind_speed_10m__2': 6.849466800689697, 'temperature_2m__2': 16.601999282836914, 'timestamp__2': '2024-05-28 00:30:00', 'solar_irradiance__2': 0.0, 'wind_speed_10m__3': 7.559999465942383, 'temperature_2m__3': 16.552000045776367, 'timestamp__3': '2024-05-28 00:45:00', 'solar_irradiance__3': 0.0, 'wind_speed_10m__4': 8.279999732971191, 'temperature_2m__4': 16.50200080871582, 'timestamp__4': '2024-05-28 01:00:00', 'solar_irradiance__4': 0.0, 'wind_speed_10m__5': 8.31124496459961, 'temperature_2m__5': 16.402000427246094, 'timestamp__5': '2024-05-28 01:15:00', 'solar_irradiance__5': 0.0, 'wind_speed_10m__6': 8.404284477233887, 'temperature_2m__6': 16.351999282836914, 'timestamp__6': '2024-05-28 01:30:00', 'solar_irradiance__6': 0.0, 'wind_speed_10m__7': 8.31124496459961, 'temperature_2m__7': 16.25200080871582, 'timestamp__7': '2024-05-28 01:45:00', 'solar_irradiance__7': 0.0, 'wind_speed_10m__8': 8.049844741821289, 'temperature_2m__8': 16.20199966430664, 'timestamp__8': '2024-05-28 02:00:00', 'solar_irradiance__8': 0.0, 'wind_speed_10m__9': 7.491114139556885, 'temperature_2m__9': 16.20199966430664, 'timestamp__9': '2024-05-28 02:15:00', 'solar_irradiance__9': 0.0, 'wind_speed_10m__10': 6.877789497375488, 'temperature_2m__10': 16.20199966430664, 'timestamp__10': '2024-05-28 02:30:00', 'solar_irradiance__10': 0.0, 'wind_speed_10m__11': 6.792466163635254, 'temperature_2m__11': 16.25200080871582, 'timestamp__11': '2024-05-28 02:45:00', 'solar_irradiance__11': 0.0, 'wind_speed_10m__12': 6.618519306182861, 'temperature_2m__12': 16.25200080871582 ... 1436 parameters truncated ... 'timestamp__371': '2024-05-31 20:45:00', 'solar_irradiance__371': 31.0, 'wind_speed_10m__372': 1.8356469869613647, 'temperature_2m__372': 20.50200080871582, 'timestamp__372': '2024-05-31 21:00:00', 'solar_irradiance__372': 15.0, 'wind_speed_10m__373': 2.879999876022339, 'temperature_2m__373': 20.101999282836914, 'timestamp__373': '2024-05-31 21:15:00', 'solar_irradiance__373': 3.0, 'wind_speed_10m__374': 3.9600000381469727, 'temperature_2m__374': 19.652000427246094, 'timestamp__374': '2024-05-31 21:30:00', 'solar_irradiance__374': 0.0, 'wind_speed_10m__375': 4.6938252449035645, 'temperature_2m__375': 19.25200080871582, 'timestamp__375': '2024-05-31 21:45:00', 'solar_irradiance__375': 0.0, 'wind_speed_10m__376': 5.091168403625488, 'temperature_2m__376': 18.902000427246094, 'timestamp__376': '2024-05-31 22:00:00', 'solar_irradiance__376': 0.0, 'wind_speed_10m__377': 5.014219284057617, 'temperature_2m__377': 18.652000427246094, 'timestamp__377': '2024-05-31 22:15:00', 'solar_irradiance__377': 0.0, 'wind_speed_10m__378': 4.843304634094238, 'temperature_2m__378': 18.50200080871582, 'timestamp__378': '2024-05-31 22:30:00', 'solar_irradiance__378': 0.0, 'wind_speed_10m__379': 5.001279830932617, 'temperature_2m__379': 18.351999282836914, 'timestamp__379': '2024-05-31 22:45:00', 'solar_irradiance__379': 0.0, 'wind_speed_10m__380': 5.241678714752197, 'temperature_2m__380': 18.20199966430664, 'timestamp__380': '2024-05-31 23:00:00', 'solar_irradiance__380': 0.0, 'wind_speed_10m__381': 4.679999828338623, 'temperature_2m__381': 18.052000045776367, 'timestamp__381': '2024-05-31 23:15:00', 'solar_irradiance__381': 0.0, 'wind_speed_10m__382': 4.213691711425781, 'temperature_2m__382': 17.902000427246094, 'timestamp__382': '2024-05-31 23:30:00', 'solar_irradiance__382': 0.0, 'wind_speed_10m__383': 3.826852560043335, 'temperature_2m__383': 17.75200080871582, 'timestamp__383': '2024-05-31 23:45:00', 'solar_irradiance__383': 0.0}]
(Background on this error at: https://sqlalche.me/e/20/gkpj)
2026-05-24 12:49:54,558 - INFO - Fetching DA prices from 2024-05-25 00:00:00+02:00 to 2024-05-28 00:00:00+02:00
2026-05-24 12:49:58,270 - INFO - Fetching actual load from 2024-05-25 00:00:00+02:00 to 2024-05-28 00:00:00+02:00
2026-05-24 12:49:59,189 - INFO - Fetching generation mix from 2024-05-25 00:00:00+02:00 to 2024-05-28 00:00:00+02:00
2026-05-24 12:50:01,938 - INFO - Fetching Open-Meteo data from 2024-05-25 to 2024-05-28
2026-05-24 12:50:01,940 - INFO - 📚 Backtest Detected: Routing to Historical Archive API...
2026-05-24 12:50:08,487 - INFO - Fetching DA prices from 2024-05-28 00:00:00+02:00 to 2024-05-31 00:00:00+02:00
2026-05-24 12:50:22,122 - INFO - Fetching actual load from 2024-05-28 00:00:00+02:00 to 2024-05-31 00:00:00+02:00
2026-05-24 12:50:25,511 - INFO - Fetching generation mix from 2024-05-28 00:00:00+02:00 to 2024-05-31 00:00:00+02:00
2026-05-24 12:50:29,908 - INFO - Fetching Open-Meteo data from 2024-05-28 to 2024-05-31
2026-05-24 12:50:29,908 - INFO - 📚 Backtest Detected: Routing to Historical Archive API...
2026-05-24 12:50:30,824 - INFO - Inserted 288 new rows into weather_data.
2026-05-24 12:50:35,826 - INFO - Fetching DA prices from 2024-05-31 00:00:00+02:00 to 2024-06-03 00:00:00+02:00
2026-05-24 12:50:37,276 - INFO - Inserted 288 new rows into day_ahead_prices.
2026-05-24 12:50:37,277 - INFO - Fetching actual load from 2024-05-31 00:00:00+02:00 to 2024-06-03 00:00:00+02:00
2026-05-24 12:50:39,733 - INFO - Inserted 288 new rows into actual_load.
2026-05-24 12:50:39,734 - INFO - Fetching generation mix from 2024-05-31 00:00:00+02:00 to 2024-06-03 00:00:00+02:00
2026-05-24 12:50:43,419 - INFO - Inserted 288 new rows into generation_mix.
2026-05-24 12:50:43,420 - INFO - Fetching Open-Meteo data from 2024-05-31 to 2024-06-03
2026-05-24 12:50:43,420 - INFO - 📚 Backtest Detected: Routing to Historical Archive API...
2026-05-24 12:50:45,468 - INFO - Inserted 288 new rows into weather_data.
2026-05-24 12:50:50,470 - INFO - Fetching DA prices from 2024-06-03 00:00:00+02:00 to 2024-06-06 00:00:00+02:00
2026-05-24 12:50:51,595 - INFO - Inserted 288 new rows into day_ahead_prices.
2026-05-24 12:50:51,596 - INFO - Fetching actual load from 2024-06-03 00:00:00+02:00 to 2024-06-06 00:00:00+02:00
2026-05-24 12:50:53,233 - INFO - Inserted 288 new rows into actual_load.
2026-05-24 12:50:53,233 - INFO - Fetching generation mix from 2024-06-03 00:00:00+02:00 to 2024-06-06 00:00:00+02:00
2026-05-24 12:50:57,337 - INFO - Inserted 288 new rows into generation_mix.
2026-05-24 12:50:57,338 - INFO - Fetching Open-Meteo data from 2024-06-03 to 2024-06-06
2026-05-24 12:50:57,338 - INFO - 📚 Backtest Detected: Routing to Historical Archive API...
2026-05-24 12:50:58,547 - INFO - Inserted 288 new rows into weather_data.
2026-05-24 12:51:03,550 - INFO - Fetching DA prices from 2024-06-06 00:00:00+02:00 to 2024-06-09 00:00:00+02:00
2026-05-24 12:51:06,050 - INFO - Inserted 288 new rows into day_ahead_prices.
2026-05-24 12:51:06,051 - INFO - Fetching actual load from 2024-06-06 00:00:00+02:00 to 2024-06-09 00:00:00+02:00
2026-05-24 12:51:07,241 - INFO - Inserted 288 new rows into actual_load.
2026-05-24 12:51:07,242 - INFO - Fetching generation mix from 2024-06-06 00:00:00+02:00 to 2024-06-09 00:00:00+02:00
2026-05-24 12:51:11,376 - INFO - Inserted 288 new rows into generation_mix.
2026-05-24 12:51:11,377 - INFO - Fetching Open-Meteo data from 2024-06-06 to 2024-06-09
2026-05-24 12:51:11,377 - INFO - 📚 Backtest Detected: Routing to Historical Archive API...
2026-05-24 12:51:12,604 - INFO - Inserted 288 new rows into weather_data.
2026-05-24 12:51:17,606 - INFO - Fetching DA prices from 2024-06-09 00:00:00+02:00 to 2024-06-12 00:00:00+02:00
2026-05-24 12:51:18,954 - INFO - Inserted 288 new rows into day_ahead_prices.
2026-05-24 12:51:18,954 - INFO - Fetching actual load from 2024-06-09 00:00:00+02:00 to 2024-06-12 00:00:00+02:00
2026-05-24 12:51:20,388 - INFO - Inserted 288 new rows into actual_load.
2026-05-24 12:51:20,388 - INFO - Fetching generation mix from 2024-06-09 00:00:00+02:00 to 2024-06-12 00:00:00+02:00
2026-05-24 12:51:23,562 - INFO - Inserted 288 new rows into generation_mix.
2026-05-24 12:51:23,562 - INFO - Fetching Open-Meteo data from 2024-06-09 to 2024-06-12
2026-05-24 12:51:23,562 - INFO - 📚 Backtest Detected: Routing to Historical Archive API...
2026-05-24 12:51:24,892 - INFO - Inserted 288 new rows into weather_data.
2026-05-24 12:51:29,894 - INFO - Fetching DA prices from 2024-06-12 00:00:00+02:00 to 2024-06-15 00:00:00+02:00
2026-05-24 12:51:31,242 - INFO - Inserted 288 new rows into day_ahead_prices.
2026-05-24 12:51:31,242 - INFO - Fetching actual load from 2024-06-12 00:00:00+02:00 to 2024-06-15 00:00:00+02:00
2026-05-24 12:51:32,470 - INFO - Inserted 288 new rows into actual_load.
2026-05-24 12:51:32,471 - INFO - Fetching generation mix from 2024-06-12 00:00:00+02:00 to 2024-06-15 00:00:00+02:00
2026-05-24 12:51:35,747 - INFO - Inserted 288 new rows into generation_mix.
2026-05-24 12:51:35,748 - INFO - Fetching Open-Meteo data from 2024-06-12 to 2024-06-15
2026-05-24 12:51:35,748 - INFO - 📚 Backtest Detected: Routing to Historical Archive API...
2026-05-24 12:51:37,079 - INFO - Inserted 288 new rows into weather_data.
2026-05-24 12:51:42,081 - INFO - Fetching DA prices from 2024-06-15 00:00:00+02:00 to 2024-06-18 00:00:00+02:00
2026-05-24 12:51:43,427 - INFO - Inserted 288 new rows into day_ahead_prices.
2026-05-24 12:51:43,428 - INFO - Fetching actual load from 2024-06-15 00:00:00+02:00 to 2024-06-18 00:00:00+02:00
2026-05-24 12:51:44,657 - INFO - Inserted 288 new rows into actual_load.
2026-05-24 12:51:44,657 - INFO - Fetching generation mix from 2024-06-15 00:00:00+02:00 to 2024-06-18 00:00:00+02:00
2026-05-24 12:51:48,035 - INFO - Inserted 288 new rows into generation_mix.
2026-05-24 12:51:48,036 - INFO - Fetching Open-Meteo data from 2024-06-15 to 2024-06-18
2026-05-24 12:51:48,036 - INFO - 📚 Backtest Detected: Routing to Historical Archive API...
2026-05-24 12:51:49,367 - INFO - Inserted 288 new rows into weather_data.
2026-05-24 12:51:54,369 - INFO - Fetching DA prices from 2024-06-18 00:00:00+02:00 to 2024-06-21 00:00:00+02:00
2026-05-24 12:51:55,720 - INFO - Inserted 288 new rows into day_ahead_prices.
2026-05-24 12:51:55,721 - INFO - Fetching actual load from 2024-06-18 00:00:00+02:00 to 2024-06-21 00:00:00+02:00
2026-05-24 12:51:56,842 - INFO - Inserted 288 new rows into actual_load.
2026-05-24 12:51:56,842 - INFO - Fetching generation mix from 2024-06-18 00:00:00+02:00 to 2024-06-21 00:00:00+02:00
2026-05-24 12:52:00,119 - INFO - Inserted 288 new rows into generation_mix.
2026-05-24 12:52:00,120 - INFO - Fetching Open-Meteo data from 2024-06-18 to 2024-06-21
2026-05-24 12:52:00,121 - INFO - 📚 Backtest Detected: Routing to Historical Archive API...
2026-05-24 12:52:01,450 - INFO - Inserted 288 new rows into weather_data.
2026-05-24 12:52:06,452 - INFO - Fetching DA prices from 2024-06-21 00:00:00+02:00 to 2024-06-24 00:00:00+02:00
2026-05-24 12:52:07,767 - INFO - Inserted 288 new rows into day_ahead_prices.
2026-05-24 12:52:07,768 - INFO - Fetching actual load from 2024-06-21 00:00:00+02:00 to 2024-06-24 00:00:00+02:00
2026-05-24 12:52:08,754 - INFO - Inserted 288 new rows into actual_load.
2026-05-24 12:52:08,755 - INFO - Fetching generation mix from 2024-06-21 00:00:00+02:00 to 2024-06-24 00:00:00+02:00
2026-05-24 12:52:11,795 - INFO - Inserted 288 new rows into generation_mix.
2026-05-24 12:52:11,796 - INFO - Fetching Open-Meteo data from 2024-06-21 to 2024-06-24
2026-05-24 12:52:11,797 - INFO - 📚 Backtest Detected: Routing to Historical Archive API...
2026-05-24 12:52:13,227 - INFO - Inserted 288 new rows into weather_data.
2026-05-24 12:52:18,229 - INFO - Fetching DA prices from 2024-06-24 00:00:00+02:00 to 2024-06-27 00:00:00+02:00
2026-05-24 12:52:19,555 - INFO - Inserted 288 new rows into day_ahead_prices.
2026-05-24 12:52:19,555 - INFO - Fetching actual load from 2024-06-24 00:00:00+02:00 to 2024-06-27 00:00:00+02:00
2026-05-24 12:52:20,701 - INFO - Inserted 288 new rows into actual_load.
2026-05-24 12:52:20,702 - INFO - Fetching generation mix from 2024-06-24 00:00:00+02:00 to 2024-06-27 00:00:00+02:00
2026-05-24 12:52:23,878 - INFO - Inserted 288 new rows into generation_mix.
2026-05-24 12:52:23,880 - INFO - Fetching Open-Meteo data from 2024-06-24 to 2024-06-27
2026-05-24 12:52:23,880 - INFO - 📚 Backtest Detected: Routing to Historical Archive API...
2026-05-24 12:52:25,207 - INFO - Inserted 288 new rows into weather_data.
2026-05-24 12:52:30,210 - INFO - Fetching DA prices from 2024-06-27 00:00:00+02:00 to 2024-06-30 00:00:00+02:00
2026-05-24 12:52:31,659 - INFO - Inserted 288 new rows into day_ahead_prices.
2026-05-24 12:52:31,659 - INFO - Fetching actual load from 2024-06-27 00:00:00+02:00 to 2024-06-30 00:00:00+02:00
2026-05-24 12:52:32,785 - INFO - Inserted 288 new rows into actual_load.
2026-05-24 12:52:32,786 - INFO - Fetching generation mix from 2024-06-27 00:00:00+02:00 to 2024-06-30 00:00:00+02:00
2026-05-24 12:52:35,960 - INFO - Inserted 288 new rows into generation_mix.
2026-05-24 12:52:35,961 - INFO - Fetching Open-Meteo data from 2024-06-27 to 2024-06-30
2026-05-24 12:52:35,961 - INFO - 📚 Backtest Detected: Routing to Historical Archive API...
2026-05-24 12:52:37,291 - INFO - Inserted 288 new rows into weather_data.
2026-05-24 12:52:42,294 - INFO - Fetching DA prices from 2024-06-30 00:00:00+02:00 to 2024-07-03 00:00:00+02:00
2026-05-24 12:52:43,742 - INFO - Inserted 288 new rows into day_ahead_prices.
2026-05-24 12:52:43,743 - INFO - Fetching actual load from 2024-06-30 00:00:00+02:00 to 2024-07-03 00:00:00+02:00
2026-05-24 12:52:44,869 - INFO - Inserted 288 new rows into actual_load.
2026-05-24 12:52:44,869 - INFO - Fetching generation mix from 2024-06-30 00:00:00+02:00 to 2024-07-03 00:00:00+02:00
2026-05-24 12:52:49,169 - INFO - Inserted 288 new rows into generation_mix.
2026-05-24 12:52:49,170 - INFO - Fetching Open-Meteo data from 2024-06-30 to 2024-07-03
2026-05-24 12:52:49,171 - INFO - 📚 Backtest Detected: Routing to Historical Archive API...
2026-05-24 12:52:50,451 - INFO - Inserted 288 new rows into weather_data.
2026-05-24 12:52:55,453 - INFO - Fetching DA prices from 2024-07-03 00:00:00+02:00 to 2024-07-06 00:00:00+02:00
2026-05-24 12:52:56,952 - INFO - Inserted 288 new rows into day_ahead_prices.
2026-05-24 12:52:56,952 - INFO - Fetching actual load from 2024-07-03 00:00:00+02:00 to 2024-07-06 00:00:00+02:00
2026-05-24 12:52:58,283 - INFO - Inserted 288 new rows into actual_load.
2026-05-24 12:52:58,284 - INFO - Fetching generation mix from 2024-07-03 00:00:00+02:00 to 2024-07-06 00:00:00+02:00
2026-05-24 12:53:01,560 - INFO - Inserted 288 new rows into generation_mix.
2026-05-24 12:53:01,561 - INFO - Fetching Open-Meteo data from 2024-07-03 to 2024-07-06
2026-05-24 12:53:01,561 - INFO - 📚 Backtest Detected: Routing to Historical Archive API...
2026-05-24 12:53:02,994 - INFO - Inserted 288 new rows into weather_data.
2026-05-24 12:53:07,996 - INFO - Fetching DA prices from 2024-07-06 00:00:00+02:00 to 2024-07-09 00:00:00+02:00
2026-05-24 12:53:09,240 - INFO - Inserted 288 new rows into day_ahead_prices.
2026-05-24 12:53:09,241 - INFO - Fetching actual load from 2024-07-06 00:00:00+02:00 to 2024-07-09 00:00:00+02:00
2026-05-24 12:53:10,571 - INFO - Inserted 288 new rows into actual_load.
2026-05-24 12:53:10,572 - INFO - Fetching generation mix from 2024-07-06 00:00:00+02:00 to 2024-07-09 00:00:00+02:00
2026-05-24 12:53:13,951 - INFO - Inserted 288 new rows into generation_mix.
2026-05-24 12:53:13,951 - INFO - Fetching Open-Meteo data from 2024-07-06 to 2024-07-09
2026-05-24 12:53:13,952 - INFO - 📚 Backtest Detected: Routing to Historical Archive API...
2026-05-24 12:53:15,179 - INFO - Inserted 288 new rows into weather_data.
2026-05-24 12:53:20,182 - INFO - Fetching DA prices from 2024-07-09 00:00:00+02:00 to 2024-07-12 00:00:00+02:00
2026-05-24 12:53:21,529 - INFO - Inserted 288 new rows into day_ahead_prices.
2026-05-24 12:53:21,530 - INFO - Fetching actual load from 2024-07-09 00:00:00+02:00 to 2024-07-12 00:00:00+02:00
2026-05-24 12:53:22,655 - INFO - Inserted 288 new rows into actual_load.
2026-05-24 12:53:22,655 - INFO - Fetching generation mix from 2024-07-09 00:00:00+02:00 to 2024-07-12 00:00:00+02:00
2026-05-24 12:53:25,829 - INFO - Inserted 288 new rows into generation_mix.
2026-05-24 12:53:25,830 - INFO - Fetching Open-Meteo data from 2024-07-09 to 2024-07-12
2026-05-24 12:53:25,830 - INFO - 📚 Backtest Detected: Routing to Historical Archive API...
2026-05-24 12:53:27,161 - INFO - Inserted 288 new rows into weather_data.
2026-05-24 12:53:32,164 - INFO - Fetching DA prices from 2024-07-12 00:00:00+02:00 to 2024-07-15 00:00:00+02:00
2026-05-24 12:53:33,509 - INFO - Inserted 288 new rows into day_ahead_prices.
2026-05-24 12:53:33,510 - INFO - Fetching actual load from 2024-07-12 00:00:00+02:00 to 2024-07-15 00:00:00+02:00
2026-05-24 12:53:34,636 - INFO - Inserted 288 new rows into actual_load.
2026-05-24 12:53:34,636 - INFO - Fetching generation mix from 2024-07-12 00:00:00+02:00 to 2024-07-15 00:00:00+02:00
2026-05-24 12:53:37,810 - INFO - Inserted 288 new rows into generation_mix.
2026-05-24 12:53:37,811 - INFO - Fetching Open-Meteo data from 2024-07-12 to 2024-07-15
2026-05-24 12:53:37,811 - INFO - 📚 Backtest Detected: Routing to Historical Archive API...
2026-05-24 12:53:39,141 - INFO - Inserted 288 new rows into weather_data.
2026-05-24 12:53:44,144 - INFO - Fetching DA prices from 2024-07-15 00:00:00+02:00 to 2024-07-18 00:00:00+02:00
2026-05-24 12:53:45,491 - INFO - Inserted 288 new rows into day_ahead_prices.
2026-05-24 12:53:45,491 - INFO - Fetching actual load from 2024-07-15 00:00:00+02:00 to 2024-07-18 00:00:00+02:00
2026-05-24 12:53:46,601 - INFO - Inserted 288 new rows into actual_load.
2026-05-24 12:53:46,601 - INFO - Fetching generation mix from 2024-07-15 00:00:00+02:00 to 2024-07-18 00:00:00+02:00
2026-05-24 12:53:49,996 - INFO - Inserted 288 new rows into generation_mix.
2026-05-24 12:53:49,997 - INFO - Fetching Open-Meteo data from 2024-07-15 to 2024-07-18
2026-05-24 12:53:49,997 - INFO - 📚 Backtest Detected: Routing to Historical Archive API...
2026-05-24 12:53:51,327 - INFO - Inserted 288 new rows into weather_data.
2026-05-24 12:53:56,329 - INFO - Fetching DA prices from 2024-07-18 00:00:00+02:00 to 2024-07-21 00:00:00+02:00
2026-05-24 12:53:57,676 - INFO - Inserted 288 new rows into day_ahead_prices.
2026-05-24 12:53:57,677 - INFO - Fetching actual load from 2024-07-18 00:00:00+02:00 to 2024-07-21 00:00:00+02:00
2026-05-24 12:53:58,804 - INFO - Inserted 288 new rows into actual_load.
2026-05-24 12:53:58,804 - INFO - Fetching generation mix from 2024-07-18 00:00:00+02:00 to 2024-07-21 00:00:00+02:00
2026-05-24 12:54:01,978 - INFO - Inserted 288 new rows into generation_mix.
2026-05-24 12:54:01,979 - INFO - Fetching Open-Meteo data from 2024-07-18 to 2024-07-21
2026-05-24 12:54:01,979 - INFO - 📚 Backtest Detected: Routing to Historical Archive API...
2026-05-24 12:54:03,309 - INFO - Inserted 288 new rows into weather_data.
2026-05-24 12:54:08,311 - INFO - Fetching DA prices from 2024-07-21 00:00:00+02:00 to 2024-07-24 00:00:00+02:00
2026-05-24 12:54:09,657 - INFO - Inserted 288 new rows into day_ahead_prices.
2026-05-24 12:54:09,658 - INFO - Fetching actual load from 2024-07-21 00:00:00+02:00 to 2024-07-24 00:00:00+02:00
2026-05-24 12:54:10,784 - INFO - Inserted 288 new rows into actual_load.
2026-05-24 12:54:10,784 - INFO - Fetching generation mix from 2024-07-21 00:00:00+02:00 to 2024-07-24 00:00:00+02:00
2026-05-24 12:54:14,060 - INFO - Inserted 288 new rows into generation_mix.
2026-05-24 12:54:14,061 - INFO - Fetching Open-Meteo data from 2024-07-21 to 2024-07-24
2026-05-24 12:54:14,061 - INFO - 📚 Backtest Detected: Routing to Historical Archive API...
2026-05-24 12:54:15,495 - INFO - Inserted 288 new rows into weather_data.
2026-05-24 12:54:20,499 - INFO - Fetching DA prices from 2024-07-24 00:00:00+02:00 to 2024-07-27 00:00:00+02:00
2026-05-24 12:54:21,843 - INFO - Inserted 288 new rows into day_ahead_prices.
2026-05-24 12:54:21,843 - INFO - Fetching actual load from 2024-07-24 00:00:00+02:00 to 2024-07-27 00:00:00+02:00
2026-05-24 12:54:22,970 - INFO - Inserted 288 new rows into actual_load.
2026-05-24 12:54:22,970 - INFO - Fetching generation mix from 2024-07-24 00:00:00+02:00 to 2024-07-27 00:00:00+02:00
2026-05-24 12:54:26,349 - INFO - Inserted 288 new rows into generation_mix.
2026-05-24 12:54:26,349 - INFO - Fetching Open-Meteo data from 2024-07-24 to 2024-07-27
2026-05-24 12:54:26,350 - INFO - 📚 Backtest Detected: Routing to Historical Archive API...
2026-05-24 12:54:27,680 - INFO - Inserted 288 new rows into weather_data.
2026-05-24 12:54:32,681 - INFO - Fetching DA prices from 2024-07-27 00:00:00+02:00 to 2024-07-30 00:00:00+02:00
2026-05-24 12:54:33,926 - INFO - Inserted 288 new rows into day_ahead_prices.
2026-05-24 12:54:33,927 - INFO - Fetching actual load from 2024-07-27 00:00:00+02:00 to 2024-07-30 00:00:00+02:00
2026-05-24 12:54:35,053 - INFO - Inserted 288 new rows into actual_load.
2026-05-24 12:54:35,054 - INFO - Fetching generation mix from 2024-07-27 00:00:00+02:00 to 2024-07-30 00:00:00+02:00
2026-05-24 12:54:39,046 - INFO - Inserted 288 new rows into generation_mix.
2026-05-24 12:54:39,047 - INFO - Fetching Open-Meteo data from 2024-07-27 to 2024-07-30
2026-05-24 12:54:39,048 - INFO - 📚 Backtest Detected: Routing to Historical Archive API...
2026-05-24 12:54:40,432 - INFO - Inserted 288 new rows into weather_data.
2026-05-24 12:54:45,434 - INFO - Fetching DA prices from 2024-07-30 00:00:00+02:00 to 2024-08-02 00:00:00+02:00
2026-05-24 12:54:47,956 - INFO - Inserted 288 new rows into day_ahead_prices.
2026-05-24 12:54:47,957 - INFO - Fetching actual load from 2024-07-30 00:00:00+02:00 to 2024-08-02 00:00:00+02:00
2026-05-24 12:54:49,184 - INFO - Inserted 288 new rows into actual_load.
2026-05-24 12:54:49,185 - INFO - Fetching generation mix from 2024-07-30 00:00:00+02:00 to 2024-08-02 00:00:00+02:00
2026-05-24 12:54:52,412 - INFO - Inserted 288 new rows into generation_mix.
2026-05-24 12:54:52,413 - INFO - Fetching Open-Meteo data from 2024-07-30 to 2024-08-02
2026-05-24 12:54:52,413 - INFO - 📚 Backtest Detected: Routing to Historical Archive API...
2026-05-24 12:54:53,588 - INFO - Inserted 288 new rows into weather_data.
2026-05-24 12:54:58,589 - INFO - Fetching DA prices from 2024-08-02 00:00:00+02:00 to 2024-08-05 00:00:00+02:00
2026-05-24 12:54:59,936 - INFO - Inserted 288 new rows into day_ahead_prices.
2026-05-24 12:54:59,937 - INFO - Fetching actual load from 2024-08-02 00:00:00+02:00 to 2024-08-05 00:00:00+02:00
2026-05-24 12:55:01,473 - INFO - Inserted 288 new rows into actual_load.
2026-05-24 12:55:01,473 - INFO - Fetching generation mix from 2024-08-02 00:00:00+02:00 to 2024-08-05 00:00:00+02:00
2026-05-24 12:55:05,978 - INFO - Inserted 288 new rows into generation_mix.
2026-05-24 12:55:05,979 - INFO - Fetching Open-Meteo data from 2024-08-02 to 2024-08-05
2026-05-24 12:55:05,979 - INFO - 📚 Backtest Detected: Routing to Historical Archive API...
2026-05-24 12:55:07,105 - INFO - Inserted 288 new rows into weather_data.
2026-05-24 12:55:12,107 - INFO - Fetching DA prices from 2024-08-05 00:00:00+02:00 to 2024-08-08 00:00:00+02:00
2026-05-24 12:55:13,394 - INFO - Inserted 288 new rows into day_ahead_prices.
2026-05-24 12:55:13,394 - INFO - Fetching actual load from 2024-08-05 00:00:00+02:00 to 2024-08-08 00:00:00+02:00
2026-05-24 12:55:14,639 - INFO - Inserted 288 new rows into actual_load.
2026-05-24 12:55:14,639 - INFO - Fetching generation mix from 2024-08-05 00:00:00+02:00 to 2024-08-08 00:00:00+02:00
2026-05-24 12:55:17,722 - INFO - Inserted 288 new rows into generation_mix.
2026-05-24 12:55:17,723 - INFO - Fetching Open-Meteo data from 2024-08-05 to 2024-08-08
2026-05-24 12:55:17,723 - INFO - 📚 Backtest Detected: Routing to Historical Archive API...
2026-05-24 12:55:18,516 - INFO - Inserted 288 new rows into weather_data.
2026-05-24 12:55:23,518 - INFO - Fetching DA prices from 2024-08-08 00:00:00+02:00 to 2024-08-11 00:00:00+02:00
2026-05-24 12:55:25,127 - INFO - Inserted 288 new rows into day_ahead_prices.
2026-05-24 12:55:25,128 - INFO - Fetching actual load from 2024-08-08 00:00:00+02:00 to 2024-08-11 00:00:00+02:00
2026-05-24 12:55:26,441 - INFO - Inserted 288 new rows into actual_load.
2026-05-24 12:55:26,442 - INFO - Fetching generation mix from 2024-08-08 00:00:00+02:00 to 2024-08-11 00:00:00+02:00
2026-05-24 12:55:30,247 - INFO - Inserted 288 new rows into generation_mix.
2026-05-24 12:55:30,248 - INFO - Fetching Open-Meteo data from 2024-08-08 to 2024-08-11
2026-05-24 12:55:30,248 - INFO - 📚 Backtest Detected: Routing to Historical Archive API...
2026-05-24 12:55:31,681 - INFO - Inserted 288 new rows into weather_data.
2026-05-24 12:55:36,683 - INFO - Fetching DA prices from 2024-08-11 00:00:00+02:00 to 2024-08-14 00:00:00+02:00
2026-05-24 12:55:38,030 - INFO - Inserted 288 new rows into day_ahead_prices.
2026-05-24 12:55:38,030 - INFO - Fetching actual load from 2024-08-11 00:00:00+02:00 to 2024-08-14 00:00:00+02:00
2026-05-24 12:55:39,361 - INFO - Inserted 288 new rows into actual_load.
2026-05-24 12:55:39,361 - INFO - Fetching generation mix from 2024-08-11 00:00:00+02:00 to 2024-08-14 00:00:00+02:00
2026-05-24 12:55:42,433 - INFO - Inserted 288 new rows into generation_mix.
2026-05-24 12:55:42,434 - INFO - Fetching Open-Meteo data from 2024-08-11 to 2024-08-14
2026-05-24 12:55:42,434 - INFO - 📚 Backtest Detected: Routing to Historical Archive API...
2026-05-24 12:55:43,765 - INFO - Inserted 288 new rows into weather_data.
2026-05-24 12:55:48,767 - INFO - Fetching DA prices from 2024-08-14 00:00:00+02:00 to 2024-08-17 00:00:00+02:00
2026-05-24 12:55:50,318 - INFO - Inserted 288 new rows into day_ahead_prices.
2026-05-24 12:55:50,318 - INFO - Fetching actual load from 2024-08-14 00:00:00+02:00 to 2024-08-17 00:00:00+02:00
2026-05-24 12:55:51,649 - INFO - Inserted 288 new rows into actual_load.
2026-05-24 12:55:51,650 - INFO - Fetching generation mix from 2024-08-14 00:00:00+02:00 to 2024-08-17 00:00:00+02:00
2026-05-24 12:55:54,668 - INFO - Inserted 288 new rows into generation_mix.
2026-05-24 12:55:54,669 - INFO - Fetching Open-Meteo data from 2024-08-14 to 2024-08-17
2026-05-24 12:55:54,670 - INFO - 📚 Backtest Detected: Routing to Historical Archive API...
2026-05-24 12:55:55,524 - INFO - Inserted 288 new rows into weather_data.
2026-05-24 12:56:00,526 - INFO - Fetching DA prices from 2024-08-17 00:00:00+02:00 to 2024-08-20 00:00:00+02:00
2026-05-24 12:56:01,890 - INFO - Inserted 288 new rows into day_ahead_prices.
2026-05-24 12:56:01,890 - INFO - Fetching actual load from 2024-08-17 00:00:00+02:00 to 2024-08-20 00:00:00+02:00
2026-05-24 12:56:03,221 - INFO - Inserted 288 new rows into actual_load.
2026-05-24 12:56:03,221 - INFO - Fetching generation mix from 2024-08-17 00:00:00+02:00 to 2024-08-20 00:00:00+02:00
2026-05-24 12:56:06,450 - INFO - Inserted 288 new rows into generation_mix.
2026-05-24 12:56:06,451 - INFO - Fetching Open-Meteo data from 2024-08-17 to 2024-08-20
2026-05-24 12:56:06,451 - INFO - 📚 Backtest Detected: Routing to Historical Archive API...
2026-05-24 12:56:07,630 - INFO - Inserted 288 new rows into weather_data.
2026-05-24 12:56:12,633 - INFO - Fetching DA prices from 2024-08-20 00:00:00+02:00 to 2024-08-23 00:00:00+02:00
2026-05-24 12:56:13,973 - INFO - Inserted 288 new rows into day_ahead_prices.
2026-05-24 12:56:13,974 - INFO - Fetching actual load from 2024-08-20 00:00:00+02:00 to 2024-08-23 00:00:00+02:00
2026-05-24 12:56:15,304 - INFO - Inserted 288 new rows into actual_load.
2026-05-24 12:56:15,305 - INFO - Fetching generation mix from 2024-08-20 00:00:00+02:00 to 2024-08-23 00:00:00+02:00
2026-05-24 12:56:18,581 - INFO - Inserted 288 new rows into generation_mix.
2026-05-24 12:56:18,581 - INFO - Fetching Open-Meteo data from 2024-08-20 to 2024-08-23
2026-05-24 12:56:18,582 - INFO - 📚 Backtest Detected: Routing to Historical Archive API...
2026-05-24 12:56:20,117 - INFO - Inserted 288 new rows into weather_data.
2026-05-24 12:56:25,119 - INFO - Fetching DA prices from 2024-08-23 00:00:00+02:00 to 2024-08-26 00:00:00+02:00
2026-05-24 12:56:26,671 - INFO - Inserted 288 new rows into day_ahead_prices.
2026-05-24 12:56:26,671 - INFO - Fetching actual load from 2024-08-23 00:00:00+02:00 to 2024-08-26 00:00:00+02:00
2026-05-24 12:56:28,105 - INFO - Inserted 288 new rows into actual_load.
2026-05-24 12:56:28,106 - INFO - Fetching generation mix from 2024-08-23 00:00:00+02:00 to 2024-08-26 00:00:00+02:00
2026-05-24 12:56:31,893 - INFO - Inserted 288 new rows into generation_mix.
2026-05-24 12:56:31,894 - INFO - Fetching Open-Meteo data from 2024-08-23 to 2024-08-26
2026-05-24 12:56:31,894 - INFO - 📚 Backtest Detected: Routing to Historical Archive API...
2026-05-24 12:56:33,122 - INFO - Inserted 288 new rows into weather_data.
2026-05-24 12:56:38,124 - INFO - Fetching DA prices from 2024-08-26 00:00:00+02:00 to 2024-08-29 00:00:00+02:00
2026-05-24 12:56:39,369 - INFO - Inserted 288 new rows into day_ahead_prices.
2026-05-24 12:56:39,369 - INFO - Fetching actual load from 2024-08-26 00:00:00+02:00 to 2024-08-29 00:00:00+02:00
2026-05-24 12:56:40,450 - INFO - Inserted 288 new rows into actual_load.
2026-05-24 12:56:40,451 - INFO - Fetching generation mix from 2024-08-26 00:00:00+02:00 to 2024-08-29 00:00:00+02:00
2026-05-24 12:56:43,874 - INFO - Inserted 288 new rows into generation_mix.
2026-05-24 12:56:43,875 - INFO - Fetching Open-Meteo data from 2024-08-26 to 2024-08-29
2026-05-24 12:56:43,875 - INFO - 📚 Backtest Detected: Routing to Historical Archive API...
2026-05-24 12:56:45,205 - INFO - Inserted 288 new rows into weather_data.
2026-05-24 12:56:50,208 - INFO - Fetching DA prices from 2024-08-29 00:00:00+02:00 to 2024-09-01 00:00:00+02:00
2026-05-24 12:56:51,554 - INFO - Inserted 288 new rows into day_ahead_prices.
2026-05-24 12:56:51,555 - INFO - Fetching actual load from 2024-08-29 00:00:00+02:00 to 2024-09-01 00:00:00+02:00
2026-05-24 12:56:52,680 - INFO - Inserted 288 new rows into actual_load.
2026-05-24 12:56:52,681 - INFO - Fetching generation mix from 2024-08-29 00:00:00+02:00 to 2024-09-01 00:00:00+02:00
2026-05-24 12:56:55,957 - INFO - Inserted 288 new rows into generation_mix.
2026-05-24 12:56:55,958 - INFO - Fetching Open-Meteo data from 2024-08-29 to 2024-09-01
2026-05-24 12:56:55,958 - INFO - 📚 Backtest Detected: Routing to Historical Archive API...
2026-05-24 12:56:57,289 - INFO - Inserted 288 new rows into weather_data.
2026-05-24 12:57:02,291 - INFO - Fetching DA prices from 2024-09-01 00:00:00+02:00 to 2024-09-04 00:00:00+02:00
2026-05-24 12:57:04,047 - INFO - Inserted 288 new rows into day_ahead_prices.
2026-05-24 12:57:04,047 - INFO - Fetching actual load from 2024-09-01 00:00:00+02:00 to 2024-09-04 00:00:00+02:00
2026-05-24 12:57:05,276 - INFO - Inserted 288 new rows into actual_load.
2026-05-24 12:57:05,277 - INFO - Fetching generation mix from 2024-09-01 00:00:00+02:00 to 2024-09-04 00:00:00+02:00
2026-05-24 12:57:08,348 - INFO - Inserted 288 new rows into generation_mix.
2026-05-24 12:57:08,349 - INFO - Fetching Open-Meteo data from 2024-09-01 to 2024-09-04
2026-05-24 12:57:08,349 - INFO - 📚 Backtest Detected: Routing to Historical Archive API...
2026-05-24 12:57:09,224 - INFO - Inserted 288 new rows into weather_data.
2026-05-24 12:57:14,226 - INFO - Fetching DA prices from 2024-09-04 00:00:00+02:00 to 2024-09-07 00:00:00+02:00
2026-05-24 12:57:15,618 - INFO - Inserted 288 new rows into day_ahead_prices.
2026-05-24 12:57:15,619 - INFO - Fetching actual load from 2024-09-04 00:00:00+02:00 to 2024-09-07 00:00:00+02:00
2026-05-24 12:57:16,745 - INFO - Inserted 288 new rows into actual_load.
2026-05-24 12:57:16,745 - INFO - Fetching generation mix from 2024-09-04 00:00:00+02:00 to 2024-09-07 00:00:00+02:00
2026-05-24 12:57:20,022 - INFO - Inserted 288 new rows into generation_mix.
2026-05-24 12:57:20,023 - INFO - Fetching Open-Meteo data from 2024-09-04 to 2024-09-07
2026-05-24 12:57:20,023 - INFO - 📚 Backtest Detected: Routing to Historical Archive API...
2026-05-24 12:57:21,968 - INFO - Inserted 288 new rows into weather_data.
2026-05-24 12:57:26,970 - INFO - Fetching DA prices from 2024-09-07 00:00:00+02:00 to 2024-09-10 00:00:00+02:00
2026-05-24 12:57:28,266 - INFO - Inserted 288 new rows into day_ahead_prices.
2026-05-24 12:57:28,266 - INFO - Fetching actual load from 2024-09-07 00:00:00+02:00 to 2024-09-10 00:00:00+02:00
2026-05-24 12:57:29,443 - INFO - Inserted 288 new rows into actual_load.
2026-05-24 12:57:29,443 - INFO - Fetching generation mix from 2024-09-07 00:00:00+02:00 to 2024-09-10 00:00:00+02:00
2026-05-24 12:57:32,617 - INFO - Inserted 288 new rows into generation_mix.
2026-05-24 12:57:32,618 - INFO - Fetching Open-Meteo data from 2024-09-07 to 2024-09-10
2026-05-24 12:57:32,618 - INFO - 📚 Backtest Detected: Routing to Historical Archive API...
2026-05-24 12:57:34,051 - INFO - Inserted 288 new rows into weather_data.
2026-05-24 12:57:39,053 - INFO - Fetching DA prices from 2024-09-10 00:00:00+02:00 to 2024-09-13 00:00:00+02:00
2026-05-24 12:57:40,502 - INFO - Inserted 288 new rows into day_ahead_prices.
2026-05-24 12:57:40,502 - INFO - Fetching actual load from 2024-09-10 00:00:00+02:00 to 2024-09-13 00:00:00+02:00
2026-05-24 12:57:41,628 - INFO - Inserted 288 new rows into actual_load.
2026-05-24 12:57:41,629 - INFO - Fetching generation mix from 2024-09-10 00:00:00+02:00 to 2024-09-13 00:00:00+02:00
2026-05-24 12:57:44,905 - INFO - Inserted 288 new rows into generation_mix.
2026-05-24 12:57:44,906 - INFO - Fetching Open-Meteo data from 2024-09-10 to 2024-09-13
2026-05-24 12:57:44,906 - INFO - 📚 Backtest Detected: Routing to Historical Archive API...
2026-05-24 12:57:46,134 - INFO - Inserted 288 new rows into weather_data.
2026-05-24 12:57:51,136 - INFO - Fetching DA prices from 2024-09-13 00:00:00+02:00 to 2024-09-16 00:00:00+02:00
2026-05-24 12:57:52,435 - INFO - Inserted 288 new rows into day_ahead_prices.
2026-05-24 12:57:52,435 - INFO - Fetching actual load from 2024-09-13 00:00:00+02:00 to 2024-09-16 00:00:00+02:00
2026-05-24 12:57:53,507 - INFO - Inserted 288 new rows into actual_load.
2026-05-24 12:57:53,507 - INFO - Fetching generation mix from 2024-09-13 00:00:00+02:00 to 2024-09-16 00:00:00+02:00
2026-05-24 12:57:56,784 - INFO - Inserted 288 new rows into generation_mix.
2026-05-24 12:57:56,784 - INFO - Fetching Open-Meteo data from 2024-09-13 to 2024-09-16
2026-05-24 12:57:56,785 - INFO - 📚 Backtest Detected: Routing to Historical Archive API...
2026-05-24 12:57:58,217 - INFO - Inserted 288 new rows into weather_data.
2026-05-24 12:58:03,220 - INFO - Fetching DA prices from 2024-09-16 00:00:00+02:00 to 2024-09-19 00:00:00+02:00
2026-05-24 12:58:04,566 - INFO - Inserted 288 new rows into day_ahead_prices.
2026-05-24 12:58:04,567 - INFO - Fetching actual load from 2024-09-16 00:00:00+02:00 to 2024-09-19 00:00:00+02:00
2026-05-24 12:58:05,693 - INFO - Inserted 288 new rows into actual_load.
2026-05-24 12:58:05,693 - INFO - Fetching generation mix from 2024-09-16 00:00:00+02:00 to 2024-09-19 00:00:00+02:00
2026-05-24 12:58:09,072 - INFO - Inserted 288 new rows into generation_mix.
2026-05-24 12:58:09,073 - INFO - Fetching Open-Meteo data from 2024-09-16 to 2024-09-19
2026-05-24 12:58:09,073 - INFO - 📚 Backtest Detected: Routing to Historical Archive API...
2026-05-24 12:58:10,403 - INFO - Inserted 288 new rows into weather_data.
2026-05-24 12:58:15,405 - INFO - Fetching DA prices from 2024-09-19 00:00:00+02:00 to 2024-09-22 00:00:00+02:00
2026-05-24 12:58:16,752 - INFO - Inserted 288 new rows into day_ahead_prices.
2026-05-24 12:58:16,752 - INFO - Fetching actual load from 2024-09-19 00:00:00+02:00 to 2024-09-22 00:00:00+02:00
2026-05-24 12:58:17,878 - INFO - Inserted 288 new rows into actual_load.
2026-05-24 12:58:17,879 - INFO - Fetching generation mix from 2024-09-19 00:00:00+02:00 to 2024-09-22 00:00:00+02:00
2026-05-24 12:58:21,360 - INFO - Inserted 288 new rows into generation_mix.
2026-05-24 12:58:21,361 - INFO - Fetching Open-Meteo data from 2024-09-19 to 2024-09-22
2026-05-24 12:58:21,361 - INFO - 📚 Backtest Detected: Routing to Historical Archive API...
2026-05-24 12:58:22,793 - INFO - Inserted 288 new rows into weather_data.
2026-05-24 12:58:27,796 - INFO - Fetching DA prices from 2024-09-22 00:00:00+02:00 to 2024-09-25 00:00:00+02:00
2026-05-24 12:58:29,142 - INFO - Inserted 288 new rows into day_ahead_prices.
2026-05-24 12:58:29,143 - INFO - Fetching actual load from 2024-09-22 00:00:00+02:00 to 2024-09-25 00:00:00+02:00
2026-05-24 12:58:30,270 - INFO - Inserted 288 new rows into actual_load.
2026-05-24 12:58:30,270 - INFO - Fetching generation mix from 2024-09-22 00:00:00+02:00 to 2024-09-25 00:00:00+02:00
2026-05-24 12:58:33,193 - INFO - Inserted 288 new rows into generation_mix.
2026-05-24 12:58:33,194 - INFO - Fetching Open-Meteo data from 2024-09-22 to 2024-09-25
2026-05-24 12:58:33,194 - INFO - 📚 Backtest Detected: Routing to Historical Archive API...
2026-05-24 12:58:34,001 - INFO - Inserted 288 new rows into weather_data.
2026-05-24 12:58:39,003 - INFO - Fetching DA prices from 2024-09-25 00:00:00+02:00 to 2024-09-28 00:00:00+02:00
2026-05-24 12:58:40,202 - INFO - Inserted 288 new rows into day_ahead_prices.
2026-05-24 12:58:40,202 - INFO - Fetching actual load from 2024-09-25 00:00:00+02:00 to 2024-09-28 00:00:00+02:00
2026-05-24 12:58:41,328 - INFO - Inserted 288 new rows into actual_load.
2026-05-24 12:58:41,329 - INFO - Fetching generation mix from 2024-09-25 00:00:00+02:00 to 2024-09-28 00:00:00+02:00
2026-05-24 12:58:44,347 - INFO - Inserted 288 new rows into generation_mix.
2026-05-24 12:58:44,347 - INFO - Fetching Open-Meteo data from 2024-09-25 to 2024-09-28
2026-05-24 12:58:44,348 - INFO - 📚 Backtest Detected: Routing to Historical Archive API...
2026-05-24 12:58:45,731 - INFO - Inserted 288 new rows into weather_data.
2026-05-24 12:58:50,733 - INFO - Fetching DA prices from 2024-09-28 00:00:00+02:00 to 2024-10-01 00:00:00+02:00
2026-05-24 12:58:52,183 - INFO - Inserted 288 new rows into day_ahead_prices.
2026-05-24 12:58:52,183 - INFO - Fetching actual load from 2024-09-28 00:00:00+02:00 to 2024-10-01 00:00:00+02:00
2026-05-24 12:58:53,309 - INFO - Inserted 288 new rows into actual_load.
2026-05-24 12:58:53,310 - INFO - Fetching generation mix from 2024-09-28 00:00:00+02:00 to 2024-10-01 00:00:00+02:00
2026-05-24 12:58:56,145 - INFO - Inserted 288 new rows into generation_mix.
2026-05-24 12:58:56,146 - INFO - Fetching Open-Meteo data from 2024-09-28 to 2024-10-01
2026-05-24 12:58:56,146 - INFO - 📚 Backtest Detected: Routing to Historical Archive API...
2026-05-24 12:58:57,200 - INFO - Inserted 288 new rows into weather_data.
2026-05-24 12:59:02,202 - INFO - Fetching DA prices from 2024-10-01 00:00:00+02:00 to 2024-10-04 00:00:00+02:00
2026-05-24 12:59:03,755 - INFO - Inserted 288 new rows into day_ahead_prices.
2026-05-24 12:59:03,755 - INFO - Fetching actual load from 2024-10-01 00:00:00+02:00 to 2024-10-04 00:00:00+02:00
2026-05-24 12:59:04,880 - INFO - Inserted 288 new rows into actual_load.
2026-05-24 12:59:04,881 - INFO - Fetching generation mix from 2024-10-01 00:00:00+02:00 to 2024-10-04 00:00:00+02:00
2026-05-24 12:59:08,056 - INFO - Inserted 288 new rows into generation_mix.
2026-05-24 12:59:08,057 - INFO - Fetching Open-Meteo data from 2024-10-01 to 2024-10-04
2026-05-24 12:59:08,058 - INFO - 📚 Backtest Detected: Routing to Historical Archive API...
2026-05-24 12:59:09,489 - INFO - Inserted 288 new rows into weather_data.
2026-05-24 12:59:14,491 - INFO - Fetching DA prices from 2024-10-04 00:00:00+02:00 to 2024-10-07 00:00:00+02:00
2026-05-24 12:59:15,735 - INFO - Inserted 288 new rows into day_ahead_prices.
2026-05-24 12:59:15,735 - INFO - Fetching actual load from 2024-10-04 00:00:00+02:00 to 2024-10-07 00:00:00+02:00
2026-05-24 12:59:16,964 - INFO - Inserted 288 new rows into actual_load.
2026-05-24 12:59:16,965 - INFO - Fetching generation mix from 2024-10-04 00:00:00+02:00 to 2024-10-07 00:00:00+02:00
2026-05-24 12:59:20,139 - INFO - Inserted 288 new rows into generation_mix.
2026-05-24 12:59:20,140 - INFO - Fetching Open-Meteo data from 2024-10-04 to 2024-10-07
2026-05-24 12:59:20,140 - INFO - 📚 Backtest Detected: Routing to Historical Archive API...
2026-05-24 12:59:21,367 - INFO - Inserted 288 new rows into weather_data.
2026-05-24 12:59:26,370 - INFO - Fetching DA prices from 2024-10-07 00:00:00+02:00 to 2024-10-10 00:00:00+02:00
2026-05-24 12:59:27,716 - INFO - Inserted 288 new rows into day_ahead_prices.
2026-05-24 12:59:27,717 - INFO - Fetching actual load from 2024-10-07 00:00:00+02:00 to 2024-10-10 00:00:00+02:00
2026-05-24 12:59:29,457 - INFO - Inserted 288 new rows into actual_load.
2026-05-24 12:59:29,457 - INFO - Fetching generation mix from 2024-10-07 00:00:00+02:00 to 2024-10-10 00:00:00+02:00
2026-05-24 12:59:32,375 - INFO - Inserted 288 new rows into generation_mix.
2026-05-24 12:59:32,376 - INFO - Fetching Open-Meteo data from 2024-10-07 to 2024-10-10
2026-05-24 12:59:32,376 - INFO - 📚 Backtest Detected: Routing to Historical Archive API...
2026-05-24 12:59:33,757 - INFO - Inserted 288 new rows into weather_data.
2026-05-24 12:59:38,759 - INFO - Fetching DA prices from 2024-10-10 00:00:00+02:00 to 2024-10-13 00:00:00+02:00
2026-05-24 12:59:40,106 - INFO - Inserted 288 new rows into day_ahead_prices.
2026-05-24 12:59:40,107 - INFO - Fetching actual load from 2024-10-10 00:00:00+02:00 to 2024-10-13 00:00:00+02:00
2026-05-24 12:59:41,233 - INFO - Inserted 288 new rows into actual_load.
2026-05-24 12:59:41,234 - INFO - Fetching generation mix from 2024-10-10 00:00:00+02:00 to 2024-10-13 00:00:00+02:00
2026-05-24 12:59:44,919 - INFO - Inserted 288 new rows into generation_mix.
2026-05-24 12:59:44,920 - INFO - Fetching Open-Meteo data from 2024-10-10 to 2024-10-13
2026-05-24 12:59:44,920 - INFO - 📚 Backtest Detected: Routing to Historical Archive API...
2026-05-24 12:59:46,148 - INFO - Inserted 288 new rows into weather_data.
2026-05-24 12:59:51,151 - INFO - Fetching DA prices from 2024-10-13 00:00:00+02:00 to 2024-10-16 00:00:00+02:00
2026-05-24 12:59:52,497 - INFO - Inserted 288 new rows into day_ahead_prices.
2026-05-24 12:59:52,498 - INFO - Fetching actual load from 2024-10-13 00:00:00+02:00 to 2024-10-16 00:00:00+02:00
2026-05-24 12:59:53,623 - INFO - Inserted 288 new rows into actual_load.
2026-05-24 12:59:53,624 - INFO - Fetching generation mix from 2024-10-13 00:00:00+02:00 to 2024-10-16 00:00:00+02:00
2026-05-24 12:59:56,801 - INFO - Inserted 288 new rows into generation_mix.
2026-05-24 12:59:56,802 - INFO - Fetching Open-Meteo data from 2024-10-13 to 2024-10-16
2026-05-24 12:59:56,803 - INFO - 📚 Backtest Detected: Routing to Historical Archive API...
2026-05-24 12:59:57,638 - INFO - Inserted 288 new rows into weather_data.
2026-05-24 13:00:02,640 - INFO - Fetching DA prices from 2024-10-16 00:00:00+02:00 to 2024-10-19 00:00:00+02:00
2026-05-24 13:00:32,536 - INFO - Inserted 288 new rows into day_ahead_prices.
2026-05-24 13:00:32,536 - INFO - Fetching actual load from 2024-10-16 00:00:00+02:00 to 2024-10-19 00:00:00+02:00
2026-05-24 13:00:37,656 - INFO - Inserted 288 new rows into actual_load.
2026-05-24 13:00:37,656 - INFO - Fetching generation mix from 2024-10-16 00:00:00+02:00 to 2024-10-19 00:00:00+02:00
2026-05-24 13:00:45,438 - INFO - Inserted 288 new rows into generation_mix.
2026-05-24 13:00:45,439 - INFO - Fetching Open-Meteo data from 2024-10-16 to 2024-10-19
2026-05-24 13:00:45,439 - INFO - 📚 Backtest Detected: Routing to Historical Archive API...
2026-05-24 13:00:47,063 - INFO - Inserted 288 new rows into weather_data.
2026-05-24 13:00:52,065 - INFO - Fetching DA prices from 2024-10-19 00:00:00+02:00 to 2024-10-22 00:00:00+02:00
2026-05-24 13:00:55,474 - INFO - Inserted 288 new rows into day_ahead_prices.
2026-05-24 13:00:55,474 - INFO - Fetching actual load from 2024-10-19 00:00:00+02:00 to 2024-10-22 00:00:00+02:00
2026-05-24 13:00:57,010 - INFO - Inserted 288 new rows into actual_load.
2026-05-24 13:00:57,010 - INFO - Fetching generation mix from 2024-10-19 00:00:00+02:00 to 2024-10-22 00:00:00+02:00
2026-05-24 13:01:02,334 - INFO - Inserted 288 new rows into generation_mix.
2026-05-24 13:01:02,335 - INFO - Fetching Open-Meteo data from 2024-10-19 to 2024-10-22
2026-05-24 13:01:02,336 - INFO - 📚 Backtest Detected: Routing to Historical Archive API...
2026-05-24 13:01:03,666 - INFO - Inserted 288 new rows into weather_data.
2026-05-24 13:01:08,667 - INFO - Fetching DA prices from 2024-10-22 00:00:00+02:00 to 2024-10-25 00:00:00+02:00
2026-05-24 13:01:11,448 - INFO - Inserted 288 new rows into day_ahead_prices.
2026-05-24 13:01:11,449 - INFO - Fetching actual load from 2024-10-22 00:00:00+02:00 to 2024-10-25 00:00:00+02:00
2026-05-24 13:01:14,520 - INFO - Inserted 288 new rows into actual_load.
2026-05-24 13:01:14,520 - INFO - Fetching generation mix from 2024-10-22 00:00:00+02:00 to 2024-10-25 00:00:00+02:00
2026-05-24 13:01:20,050 - INFO - Inserted 288 new rows into generation_mix.
2026-05-24 13:01:20,051 - INFO - Fetching Open-Meteo data from 2024-10-22 to 2024-10-25
2026-05-24 13:01:20,051 - INFO - 📚 Backtest Detected: Routing to Historical Archive API...
2026-05-24 13:01:21,996 - INFO - Inserted 288 new rows into weather_data.
2026-05-24 13:01:26,998 - INFO - Fetching DA prices from 2024-10-25 00:00:00+02:00 to 2024-10-27 00:00:00+02:00
2026-05-24 13:01:28,549 - INFO - Inserted 192 new rows into day_ahead_prices.
2026-05-24 13:01:28,549 - INFO - Fetching actual load from 2024-10-25 00:00:00+02:00 to 2024-10-27 00:00:00+02:00
2026-05-24 13:01:29,880 - INFO - Inserted 192 new rows into actual_load.
2026-05-24 13:01:29,881 - INFO - Fetching generation mix from 2024-10-25 00:00:00+02:00 to 2024-10-27 00:00:00+02:00
2026-05-24 13:01:32,850 - INFO - Inserted 192 new rows into generation_mix.
2026-05-24 13:01:32,851 - INFO - Fetching Open-Meteo data from 2024-10-25 to 2024-10-27
2026-05-24 13:01:32,851 - INFO - 📚 Backtest Detected: Routing to Historical Archive API...
2026-05-24 13:01:34,080 - INFO - Inserted 188 new rows into weather_data.
2026-05-24 13:01:39,082 - INFO - Fetching DA prices from 2024-10-27 00:00:00+02:00 to 2024-10-30 00:00:00+01:00
2026-05-24 13:01:43,807 - INFO - Inserted 288 new rows into day_ahead_prices.
2026-05-24 13:01:43,807 - INFO - Fetching actual load from 2024-10-27 00:00:00+02:00 to 2024-10-30 00:00:00+01:00
2026-05-24 13:01:44,933 - INFO - Inserted 288 new rows into actual_load.
2026-05-24 13:01:44,934 - INFO - Fetching generation mix from 2024-10-27 00:00:00+02:00 to 2024-10-30 00:00:00+01:00
2026-05-24 13:01:48,723 - INFO - Inserted 288 new rows into generation_mix.
2026-05-24 13:01:48,724 - INFO - Fetching Open-Meteo data from 2024-10-27 to 2024-10-30
2026-05-24 13:01:48,724 - INFO - 📚 Backtest Detected: Routing to Historical Archive API...
2026-05-24 13:01:50,157 - INFO - Inserted 288 new rows into weather_data.
2026-05-24 13:01:55,160 - INFO - Fetching DA prices from 2024-10-30 00:00:00+01:00 to 2024-11-02 00:00:00+01:00
2026-05-24 13:01:56,542 - INFO - Inserted 288 new rows into day_ahead_prices.
2026-05-24 13:01:56,543 - INFO - Fetching actual load from 2024-10-30 00:00:00+01:00 to 2024-11-02 00:00:00+01:00
2026-05-24 13:01:58,142 - INFO - Inserted 288 new rows into actual_load.
2026-05-24 13:01:58,142 - INFO - Fetching generation mix from 2024-10-30 00:00:00+01:00 to 2024-11-02 00:00:00+01:00
2026-05-24 13:02:01,873 - INFO - Inserted 288 new rows into generation_mix.
2026-05-24 13:02:01,874 - INFO - Fetching Open-Meteo data from 2024-10-30 to 2024-11-02
2026-05-24 13:02:01,875 - INFO - 📚 Backtest Detected: Routing to Historical Archive API...
2026-05-24 13:02:03,000 - INFO - Inserted 288 new rows into weather_data.
2026-05-24 13:02:08,002 - INFO - Fetching DA prices from 2024-11-02 00:00:00+01:00 to 2024-11-05 00:00:00+01:00
2026-05-24 13:02:09,305 - INFO - Inserted 288 new rows into day_ahead_prices.
2026-05-24 13:02:09,305 - INFO - Fetching actual load from 2024-11-02 00:00:00+01:00 to 2024-11-05 00:00:00+01:00
2026-05-24 13:02:10,739 - INFO - Inserted 288 new rows into actual_load.
2026-05-24 13:02:10,739 - INFO - Fetching generation mix from 2024-11-02 00:00:00+01:00 to 2024-11-05 00:00:00+01:00
2026-05-24 13:02:15,858 - INFO - Inserted 288 new rows into generation_mix.
2026-05-24 13:02:15,859 - INFO - Fetching Open-Meteo data from 2024-11-02 to 2024-11-05
2026-05-24 13:02:15,860 - INFO - 📚 Backtest Detected: Routing to Historical Archive API...
2026-05-24 13:02:17,190 - INFO - Inserted 288 new rows into weather_data.
2026-05-24 13:02:22,192 - INFO - Fetching DA prices from 2024-11-05 00:00:00+01:00 to 2024-11-08 00:00:00+01:00
2026-05-24 13:02:24,665 - INFO - Inserted 288 new rows into day_ahead_prices.
2026-05-24 13:02:24,665 - INFO - Fetching actual load from 2024-11-05 00:00:00+01:00 to 2024-11-08 00:00:00+01:00
2026-05-24 13:02:26,815 - INFO - Inserted 288 new rows into actual_load.
2026-05-24 13:02:26,816 - INFO - Fetching generation mix from 2024-11-05 00:00:00+01:00 to 2024-11-08 00:00:00+01:00
2026-05-24 13:02:30,021 - INFO - Inserted 288 new rows into generation_mix.
2026-05-24 13:02:30,022 - INFO - Fetching Open-Meteo data from 2024-11-05 to 2024-11-08
2026-05-24 13:02:30,023 - INFO - 📚 Backtest Detected: Routing to Historical Archive API...
2026-05-24 13:02:31,116 - INFO - Inserted 288 new rows into weather_data.
2026-05-24 13:02:36,118 - INFO - Fetching DA prices from 2024-11-08 00:00:00+01:00 to 2024-11-11 00:00:00+01:00
2026-05-24 13:02:37,718 - INFO - Inserted 288 new rows into day_ahead_prices.
2026-05-24 13:02:37,718 - INFO - Fetching actual load from 2024-11-08 00:00:00+01:00 to 2024-11-11 00:00:00+01:00
2026-05-24 13:02:38,744 - INFO - Inserted 288 new rows into actual_load.
2026-05-24 13:02:38,744 - INFO - Fetching generation mix from 2024-11-08 00:00:00+01:00 to 2024-11-11 00:00:00+01:00
2026-05-24 13:02:42,026 - INFO - Inserted 288 new rows into generation_mix.
2026-05-24 13:02:42,027 - INFO - Fetching Open-Meteo data from 2024-11-08 to 2024-11-11
2026-05-24 13:02:42,027 - INFO - 📚 Backtest Detected: Routing to Historical Archive API...
2026-05-24 13:02:43,302 - INFO - Inserted 288 new rows into weather_data.
2026-05-24 13:02:48,304 - INFO - Fetching DA prices from 2024-11-11 00:00:00+01:00 to 2024-11-14 00:00:00+01:00
2026-05-24 13:02:49,651 - INFO - Inserted 288 new rows into day_ahead_prices.
2026-05-24 13:02:49,651 - INFO - Fetching actual load from 2024-11-11 00:00:00+01:00 to 2024-11-14 00:00:00+01:00
2026-05-24 13:02:50,777 - INFO - Inserted 288 new rows into actual_load.
2026-05-24 13:02:50,777 - INFO - Fetching generation mix from 2024-11-11 00:00:00+01:00 to 2024-11-14 00:00:00+01:00
2026-05-24 13:02:54,260 - INFO - Inserted 288 new rows into generation_mix.
2026-05-24 13:02:54,260 - INFO - Fetching Open-Meteo data from 2024-11-11 to 2024-11-14
2026-05-24 13:02:54,261 - INFO - 📚 Backtest Detected: Routing to Historical Archive API...
2026-05-24 13:02:55,693 - INFO - Inserted 288 new rows into weather_data.
2026-05-24 13:03:00,694 - INFO - Fetching DA prices from 2024-11-14 00:00:00+01:00 to 2024-11-17 00:00:00+01:00
2026-05-24 13:03:03,271 - INFO - Inserted 288 new rows into day_ahead_prices.
2026-05-24 13:03:03,272 - INFO - Fetching actual load from 2024-11-14 00:00:00+01:00 to 2024-11-17 00:00:00+01:00
2026-05-24 13:03:04,704 - INFO - Inserted 288 new rows into actual_load.
2026-05-24 13:03:04,704 - INFO - Fetching generation mix from 2024-11-14 00:00:00+01:00 to 2024-11-17 00:00:00+01:00
2026-05-24 13:03:08,390 - INFO - Inserted 288 new rows into generation_mix.
2026-05-24 13:03:08,391 - INFO - Fetching Open-Meteo data from 2024-11-14 to 2024-11-17
2026-05-24 13:03:08,391 - INFO - 📚 Backtest Detected: Routing to Historical Archive API...
2026-05-24 13:03:09,824 - INFO - Inserted 288 new rows into weather_data.
2026-05-24 13:03:14,826 - INFO - Fetching DA prices from 2024-11-17 00:00:00+01:00 to 2024-11-20 00:00:00+01:00
2026-05-24 13:03:16,101 - INFO - Inserted 288 new rows into day_ahead_prices.
2026-05-24 13:03:16,101 - INFO - Fetching actual load from 2024-11-17 00:00:00+01:00 to 2024-11-20 00:00:00+01:00
2026-05-24 13:03:17,135 - INFO - Inserted 288 new rows into actual_load.
2026-05-24 13:03:17,135 - INFO - Fetching generation mix from 2024-11-17 00:00:00+01:00 to 2024-11-20 00:00:00+01:00
2026-05-24 13:03:20,401 - INFO - Inserted 288 new rows into generation_mix.
2026-05-24 13:03:20,402 - INFO - Fetching Open-Meteo data from 2024-11-17 to 2024-11-20
2026-05-24 13:03:20,403 - INFO - 📚 Backtest Detected: Routing to Historical Archive API...
2026-05-24 13:03:21,639 - INFO - Inserted 288 new rows into weather_data.
2026-05-24 13:03:26,641 - INFO - Fetching DA prices from 2024-11-20 00:00:00+01:00 to 2024-11-23 00:00:00+01:00
2026-05-24 13:03:28,153 - INFO - Inserted 288 new rows into day_ahead_prices.
2026-05-24 13:03:28,154 - INFO - Fetching actual load from 2024-11-20 00:00:00+01:00 to 2024-11-23 00:00:00+01:00
2026-05-24 13:03:29,280 - INFO - Inserted 288 new rows into actual_load.
2026-05-24 13:03:29,280 - INFO - Fetching generation mix from 2024-11-20 00:00:00+01:00 to 2024-11-23 00:00:00+01:00
2026-05-24 13:03:33,273 - INFO - Inserted 288 new rows into generation_mix.
2026-05-24 13:03:33,274 - INFO - Fetching Open-Meteo data from 2024-11-20 to 2024-11-23
2026-05-24 13:03:33,274 - INFO - 📚 Backtest Detected: Routing to Historical Archive API...
2026-05-24 13:03:35,014 - INFO - Inserted 288 new rows into weather_data.
2026-05-24 13:03:40,016 - INFO - Fetching DA prices from 2024-11-23 00:00:00+01:00 to 2024-11-26 00:00:00+01:00
2026-05-24 13:03:41,363 - INFO - Inserted 288 new rows into day_ahead_prices.
2026-05-24 13:03:41,364 - INFO - Fetching actual load from 2024-11-23 00:00:00+01:00 to 2024-11-26 00:00:00+01:00
2026-05-24 13:03:42,899 - INFO - Inserted 288 new rows into actual_load.
2026-05-24 13:03:42,900 - INFO - Fetching generation mix from 2024-11-23 00:00:00+01:00 to 2024-11-26 00:00:00+01:00
2026-05-24 13:03:46,176 - INFO - Inserted 288 new rows into generation_mix.
2026-05-24 13:03:46,177 - INFO - Fetching Open-Meteo data from 2024-11-23 to 2024-11-26
2026-05-24 13:03:46,177 - INFO - 📚 Backtest Detected: Routing to Historical Archive API...
2026-05-24 13:03:47,712 - INFO - Inserted 288 new rows into weather_data.
2026-05-24 13:03:52,714 - INFO - Fetching DA prices from 2024-11-26 00:00:00+01:00 to 2024-11-29 00:00:00+01:00
2026-05-24 13:03:54,061 - INFO - Inserted 288 new rows into day_ahead_prices.
2026-05-24 13:03:54,061 - INFO - Fetching actual load from 2024-11-26 00:00:00+01:00 to 2024-11-29 00:00:00+01:00
2026-05-24 13:03:55,188 - INFO - Inserted 288 new rows into actual_load.
2026-05-24 13:03:55,188 - INFO - Fetching generation mix from 2024-11-26 00:00:00+01:00 to 2024-11-29 00:00:00+01:00
2026-05-24 13:03:58,441 - INFO - Inserted 288 new rows into generation_mix.
2026-05-24 13:03:58,442 - INFO - Fetching Open-Meteo data from 2024-11-26 to 2024-11-29
2026-05-24 13:03:58,442 - INFO - 📚 Backtest Detected: Routing to Historical Archive API...
2026-05-24 13:04:00,000 - INFO - Inserted 288 new rows into weather_data.
2026-05-24 13:04:05,002 - INFO - Fetching DA prices from 2024-11-29 00:00:00+01:00 to 2024-12-02 00:00:00+01:00
2026-05-24 13:04:06,441 - INFO - Inserted 288 new rows into day_ahead_prices.
2026-05-24 13:04:06,442 - INFO - Fetching actual load from 2024-11-29 00:00:00+01:00 to 2024-12-02 00:00:00+01:00
2026-05-24 13:04:07,680 - INFO - Inserted 288 new rows into actual_load.
2026-05-24 13:04:07,680 - INFO - Fetching generation mix from 2024-11-29 00:00:00+01:00 to 2024-12-02 00:00:00+01:00
2026-05-24 13:04:10,957 - INFO - Inserted 288 new rows into generation_mix.
2026-05-24 13:04:10,958 - INFO - Fetching Open-Meteo data from 2024-11-29 to 2024-12-02
2026-05-24 13:04:10,958 - INFO - 📚 Backtest Detected: Routing to Historical Archive API...
2026-05-24 13:04:12,288 - INFO - Inserted 288 new rows into weather_data.
2026-05-24 13:04:17,290 - INFO - Fetching DA prices from 2024-12-02 00:00:00+01:00 to 2024-12-05 00:00:00+01:00
2026-05-24 13:04:18,739 - INFO - Inserted 288 new rows into day_ahead_prices.
2026-05-24 13:04:18,740 - INFO - Fetching actual load from 2024-12-02 00:00:00+01:00 to 2024-12-05 00:00:00+01:00
2026-05-24 13:04:19,866 - INFO - Inserted 288 new rows into actual_load.
2026-05-24 13:04:19,866 - INFO - Fetching generation mix from 2024-12-02 00:00:00+01:00 to 2024-12-05 00:00:00+01:00
2026-05-24 13:04:23,450 - INFO - Inserted 288 new rows into generation_mix.
2026-05-24 13:04:23,450 - INFO - Fetching Open-Meteo data from 2024-12-02 to 2024-12-05
2026-05-24 13:04:23,451 - INFO - 📚 Backtest Detected: Routing to Historical Archive API...
2026-05-24 13:04:24,883 - INFO - Inserted 288 new rows into weather_data.
2026-05-24 13:04:29,885 - INFO - Fetching DA prices from 2024-12-05 00:00:00+01:00 to 2024-12-08 00:00:00+01:00
2026-05-24 13:04:31,335 - INFO - Inserted 288 new rows into day_ahead_prices.
2026-05-24 13:04:31,335 - INFO - Fetching actual load from 2024-12-05 00:00:00+01:00 to 2024-12-08 00:00:00+01:00
2026-05-24 13:04:32,425 - INFO - Inserted 288 new rows into actual_load.
2026-05-24 13:04:32,426 - INFO - Fetching generation mix from 2024-12-05 00:00:00+01:00 to 2024-12-08 00:00:00+01:00
2026-05-24 13:04:35,738 - INFO - Inserted 288 new rows into generation_mix.
2026-05-24 13:04:35,739 - INFO - Fetching Open-Meteo data from 2024-12-05 to 2024-12-08
2026-05-24 13:04:35,739 - INFO - 📚 Backtest Detected: Routing to Historical Archive API...
2026-05-24 13:04:37,171 - INFO - Inserted 288 new rows into weather_data.
2026-05-24 13:04:42,173 - INFO - Fetching DA prices from 2024-12-08 00:00:00+01:00 to 2024-12-11 00:00:00+01:00
2026-05-24 13:04:43,521 - INFO - Inserted 288 new rows into day_ahead_prices.
2026-05-24 13:04:43,521 - INFO - Fetching actual load from 2024-12-08 00:00:00+01:00 to 2024-12-11 00:00:00+01:00
2026-05-24 13:04:44,647 - INFO - Inserted 288 new rows into actual_load.
2026-05-24 13:04:44,648 - INFO - Fetching generation mix from 2024-12-08 00:00:00+01:00 to 2024-12-11 00:00:00+01:00
2026-05-24 13:04:48,425 - INFO - Inserted 288 new rows into generation_mix.
2026-05-24 13:04:48,426 - INFO - Fetching Open-Meteo data from 2024-12-08 to 2024-12-11
2026-05-24 13:04:48,426 - INFO - 📚 Backtest Detected: Routing to Historical Archive API...
2026-05-24 13:04:49,767 - INFO - Inserted 288 new rows into weather_data.
2026-05-24 13:04:54,769 - INFO - Fetching DA prices from 2024-12-11 00:00:00+01:00 to 2024-12-14 00:00:00+01:00
2026-05-24 13:04:56,116 - INFO - Inserted 288 new rows into day_ahead_prices.
2026-05-24 13:04:56,116 - INFO - Fetching actual load from 2024-12-11 00:00:00+01:00 to 2024-12-14 00:00:00+01:00
2026-05-24 13:04:57,345 - INFO - Inserted 288 new rows into actual_load.
2026-05-24 13:04:57,345 - INFO - Fetching generation mix from 2024-12-11 00:00:00+01:00 to 2024-12-14 00:00:00+01:00
2026-05-24 13:05:00,828 - INFO - Inserted 288 new rows into generation_mix.
2026-05-24 13:05:00,829 - INFO - Fetching Open-Meteo data from 2024-12-11 to 2024-12-14
2026-05-24 13:05:00,829 - INFO - 📚 Backtest Detected: Routing to Historical Archive API...
2026-05-24 13:05:01,898 - INFO - Inserted 288 new rows into weather_data.
2026-05-24 13:05:06,901 - INFO - Fetching DA prices from 2024-12-14 00:00:00+01:00 to 2024-12-17 00:00:00+01:00
2026-05-24 13:05:08,884 - INFO - Inserted 288 new rows into day_ahead_prices.
2026-05-24 13:05:08,885 - INFO - Fetching actual load from 2024-12-14 00:00:00+01:00 to 2024-12-17 00:00:00+01:00
2026-05-24 13:05:10,964 - INFO - Inserted 288 new rows into actual_load.
2026-05-24 13:05:10,964 - INFO - Fetching generation mix from 2024-12-14 00:00:00+01:00 to 2024-12-17 00:00:00+01:00
2026-05-24 13:05:14,410 - INFO - Inserted 288 new rows into generation_mix.
2026-05-24 13:05:14,410 - INFO - Fetching Open-Meteo data from 2024-12-14 to 2024-12-17
2026-05-24 13:05:14,411 - INFO - 📚 Backtest Detected: Routing to Historical Archive API...
2026-05-24 13:05:15,572 - INFO - Inserted 288 new rows into weather_data.
2026-05-24 13:05:20,574 - INFO - Fetching DA prices from 2024-12-17 00:00:00+01:00 to 2024-12-20 00:00:00+01:00
2026-05-24 13:05:22,023 - INFO - Inserted 288 new rows into day_ahead_prices.
2026-05-24 13:05:22,024 - INFO - Fetching actual load from 2024-12-17 00:00:00+01:00 to 2024-12-20 00:00:00+01:00
2026-05-24 13:05:23,355 - INFO - Inserted 288 new rows into actual_load.
2026-05-24 13:05:23,355 - INFO - Fetching generation mix from 2024-12-17 00:00:00+01:00 to 2024-12-20 00:00:00+01:00
2026-05-24 13:05:26,734 - INFO - Inserted 288 new rows into generation_mix.
2026-05-24 13:05:26,735 - INFO - Fetching Open-Meteo data from 2024-12-17 to 2024-12-20
2026-05-24 13:05:26,735 - INFO - 📚 Backtest Detected: Routing to Historical Archive API...
2026-05-24 13:05:28,167 - INFO - Inserted 288 new rows into weather_data.
2026-05-24 13:05:33,170 - INFO - Fetching DA prices from 2024-12-20 00:00:00+01:00 to 2024-12-23 00:00:00+01:00
2026-05-24 13:05:34,823 - INFO - Inserted 288 new rows into day_ahead_prices.
2026-05-24 13:05:34,824 - INFO - Fetching actual load from 2024-12-20 00:00:00+01:00 to 2024-12-23 00:00:00+01:00
2026-05-24 13:05:35,950 - INFO - Inserted 288 new rows into actual_load.
2026-05-24 13:05:35,950 - INFO - Fetching generation mix from 2024-12-20 00:00:00+01:00 to 2024-12-23 00:00:00+01:00
2026-05-24 13:05:39,534 - INFO - Inserted 288 new rows into generation_mix.
2026-05-24 13:05:39,534 - INFO - Fetching Open-Meteo data from 2024-12-20 to 2024-12-23
2026-05-24 13:05:39,535 - INFO - 📚 Backtest Detected: Routing to Historical Archive API...
2026-05-24 13:05:40,610 - INFO - Inserted 288 new rows into weather_data.
2026-05-24 13:05:45,612 - INFO - Fetching DA prices from 2024-12-23 00:00:00+01:00 to 2024-12-26 00:00:00+01:00
2026-05-24 13:05:46,911 - INFO - Inserted 288 new rows into day_ahead_prices.
2026-05-24 13:05:46,911 - INFO - Fetching actual load from 2024-12-23 00:00:00+01:00 to 2024-12-26 00:00:00+01:00
2026-05-24 13:05:47,944 - INFO - Inserted 288 new rows into actual_load.
2026-05-24 13:05:47,944 - INFO - Fetching generation mix from 2024-12-23 00:00:00+01:00 to 2024-12-26 00:00:00+01:00
2026-05-24 13:05:51,310 - INFO - Inserted 288 new rows into generation_mix.
2026-05-24 13:05:51,310 - INFO - Fetching Open-Meteo data from 2024-12-23 to 2024-12-26
2026-05-24 13:05:51,311 - INFO - 📚 Backtest Detected: Routing to Historical Archive API...
2026-05-24 13:05:52,538 - INFO - Inserted 288 new rows into weather_data.
2026-05-24 13:05:57,541 - INFO - Fetching DA prices from 2024-12-26 00:00:00+01:00 to 2024-12-29 00:00:00+01:00
2026-05-24 13:05:58,991 - INFO - Inserted 288 new rows into day_ahead_prices.
2026-05-24 13:05:58,991 - INFO - Fetching actual load from 2024-12-26 00:00:00+01:00 to 2024-12-29 00:00:00+01:00
2026-05-24 13:06:00,424 - INFO - Inserted 288 new rows into actual_load.
2026-05-24 13:06:00,424 - INFO - Fetching generation mix from 2024-12-26 00:00:00+01:00 to 2024-12-29 00:00:00+01:00
2026-05-24 13:06:03,802 - INFO - Inserted 288 new rows into generation_mix.
2026-05-24 13:06:03,803 - INFO - Fetching Open-Meteo data from 2024-12-26 to 2024-12-29
2026-05-24 13:06:03,804 - INFO - 📚 Backtest Detected: Routing to Historical Archive API...
2026-05-24 13:06:05,237 - INFO - Inserted 288 new rows into weather_data.
2026-05-24 13:06:10,239 - INFO - Fetching DA prices from 2024-12-29 00:00:00+01:00 to 2025-01-01 00:00:00+01:00
2026-05-24 13:06:11,995 - INFO - Inserted 288 new rows into day_ahead_prices.
2026-05-24 13:06:11,995 - INFO - Fetching actual load from 2024-12-29 00:00:00+01:00 to 2025-01-01 00:00:00+01:00
2026-05-24 13:06:13,326 - INFO - Inserted 288 new rows into actual_load.
2026-05-24 13:06:13,326 - INFO - Fetching generation mix from 2024-12-29 00:00:00+01:00 to 2025-01-01 00:00:00+01:00
2026-05-24 13:06:17,012 - INFO - Inserted 288 new rows into generation_mix.
2026-05-24 13:06:17,013 - INFO - Fetching Open-Meteo data from 2024-12-29 to 2025-01-01
2026-05-24 13:06:17,013 - INFO - 📚 Backtest Detected: Routing to Historical Archive API...
2026-05-24 13:06:18,651 - INFO - Inserted 288 new rows into weather_data.
2026-05-24 13:06:23,653 - INFO - Fetching DA prices from 2025-01-01 00:00:00+01:00 to 2025-01-04 00:00:00+01:00
2026-05-24 13:06:24,956 - INFO - Inserted 288 new rows into day_ahead_prices.
2026-05-24 13:06:24,956 - INFO - Fetching actual load from 2025-01-01 00:00:00+01:00 to 2025-01-04 00:00:00+01:00
2026-05-24 13:06:25,990 - INFO - Inserted 288 new rows into actual_load.
2026-05-24 13:06:25,990 - INFO - Fetching generation mix from 2025-01-01 00:00:00+01:00 to 2025-01-04 00:00:00+01:00
2026-05-24 13:06:29,915 - INFO - Inserted 288 new rows into generation_mix.
2026-05-24 13:06:29,915 - INFO - Fetching Open-Meteo data from 2025-01-01 to 2025-01-04
2026-05-24 13:06:29,916 - INFO - 📚 Backtest Detected: Routing to Historical Archive API...
2026-05-24 13:06:31,246 - INFO - Inserted 288 new rows into weather_data.
2026-05-24 13:06:36,248 - INFO - Fetching DA prices from 2025-01-04 00:00:00+01:00 to 2025-01-07 00:00:00+01:00
2026-05-24 13:06:37,698 - INFO - Inserted 288 new rows into day_ahead_prices.
2026-05-24 13:06:37,698 - INFO - Fetching actual load from 2025-01-04 00:00:00+01:00 to 2025-01-07 00:00:00+01:00
2026-05-24 13:06:38,926 - INFO - Inserted 288 new rows into actual_load.
2026-05-24 13:06:38,926 - INFO - Fetching generation mix from 2025-01-04 00:00:00+01:00 to 2025-01-07 00:00:00+01:00
2026-05-24 13:06:42,665 - INFO - Inserted 288 new rows into generation_mix.
2026-05-24 13:06:42,666 - INFO - Fetching Open-Meteo data from 2025-01-04 to 2025-01-07
2026-05-24 13:06:42,666 - INFO - 📚 Backtest Detected: Routing to Historical Archive API...
2026-05-24 13:06:43,944 - INFO - Inserted 288 new rows into weather_data.
2026-05-24 13:06:48,947 - INFO - Fetching DA prices from 2025-01-07 00:00:00+01:00 to 2025-01-10 00:00:00+01:00
2026-05-24 13:06:51,182 - INFO - Inserted 288 new rows into day_ahead_prices.
2026-05-24 13:06:51,183 - INFO - Fetching actual load from 2025-01-07 00:00:00+01:00 to 2025-01-10 00:00:00+01:00
2026-05-24 13:06:52,648 - INFO - Inserted 288 new rows into actual_load.
2026-05-24 13:06:52,648 - INFO - Fetching generation mix from 2025-01-07 00:00:00+01:00 to 2025-01-10 00:00:00+01:00
2026-05-24 13:06:56,334 - INFO - Inserted 288 new rows into generation_mix.
2026-05-24 13:06:56,335 - INFO - Fetching Open-Meteo data from 2025-01-07 to 2025-01-10
2026-05-24 13:06:56,335 - INFO - 📚 Backtest Detected: Routing to Historical Archive API...
2026-05-24 13:06:57,721 - INFO - Inserted 288 new rows into weather_data.
2026-05-24 13:07:02,723 - INFO - Fetching DA prices from 2025-01-10 00:00:00+01:00 to 2025-01-13 00:00:00+01:00
2026-05-24 13:07:04,039 - INFO - Inserted 288 new rows into day_ahead_prices.
2026-05-24 13:07:04,039 - INFO - Fetching actual load from 2025-01-10 00:00:00+01:00 to 2025-01-13 00:00:00+01:00
2026-05-24 13:07:05,071 - INFO - Inserted 288 new rows into actual_load.
2026-05-24 13:07:05,072 - INFO - Fetching generation mix from 2025-01-10 00:00:00+01:00 to 2025-01-13 00:00:00+01:00
2026-05-24 13:07:07,908 - INFO - Inserted 288 new rows into generation_mix.
2026-05-24 13:07:07,909 - INFO - Fetching Open-Meteo data from 2025-01-10 to 2025-01-13
2026-05-24 13:07:07,909 - INFO - 📚 Backtest Detected: Routing to Historical Archive API...
2026-05-24 13:07:08,782 - INFO - Inserted 288 new rows into weather_data.
2026-05-24 13:07:13,784 - INFO - Fetching DA prices from 2025-01-13 00:00:00+01:00 to 2025-01-16 00:00:00+01:00
2026-05-24 13:07:15,278 - INFO - Inserted 288 new rows into day_ahead_prices.
2026-05-24 13:07:15,278 - INFO - Fetching actual load from 2025-01-13 00:00:00+01:00 to 2025-01-16 00:00:00+01:00
2026-05-24 13:07:16,712 - INFO - Inserted 288 new rows into actual_load.
2026-05-24 13:07:16,712 - INFO - Fetching generation mix from 2025-01-13 00:00:00+01:00 to 2025-01-16 00:00:00+01:00
2026-05-24 13:07:19,753 - INFO - Inserted 288 new rows into generation_mix.
2026-05-24 13:07:19,754 - INFO - Fetching Open-Meteo data from 2025-01-13 to 2025-01-16
2026-05-24 13:07:19,754 - INFO - 📚 Backtest Detected: Routing to Historical Archive API...
2026-05-24 13:07:20,808 - INFO - Inserted 288 new rows into weather_data.
2026-05-24 13:07:25,810 - INFO - Fetching DA prices from 2025-01-16 00:00:00+01:00 to 2025-01-19 00:00:00+01:00
2026-05-24 13:07:27,464 - INFO - Inserted 288 new rows into day_ahead_prices.
2026-05-24 13:07:27,464 - INFO - Fetching actual load from 2025-01-16 00:00:00+01:00 to 2025-01-19 00:00:00+01:00
2026-05-24 13:07:28,590 - INFO - Inserted 288 new rows into actual_load.
2026-05-24 13:07:28,591 - INFO - Fetching generation mix from 2025-01-16 00:00:00+01:00 to 2025-01-19 00:00:00+01:00
2026-05-24 13:07:32,277 - INFO - Inserted 288 new rows into generation_mix.
2026-05-24 13:07:32,277 - INFO - Fetching Open-Meteo data from 2025-01-16 to 2025-01-19
2026-05-24 13:07:32,278 - INFO - 📚 Backtest Detected: Routing to Historical Archive API...
2026-05-24 13:07:33,711 - INFO - Inserted 288 new rows into weather_data.
2026-05-24 13:07:38,713 - INFO - Fetching DA prices from 2025-01-19 00:00:00+01:00 to 2025-01-22 00:00:00+01:00
2026-05-24 13:07:40,024 - INFO - Inserted 288 new rows into day_ahead_prices.
2026-05-24 13:07:40,024 - INFO - Fetching actual load from 2025-01-19 00:00:00+01:00 to 2025-01-22 00:00:00+01:00
2026-05-24 13:07:41,058 - INFO - Inserted 288 new rows into actual_load.
2026-05-24 13:07:41,058 - INFO - Fetching generation mix from 2025-01-19 00:00:00+01:00 to 2025-01-22 00:00:00+01:00
2026-05-24 13:07:44,435 - INFO - Inserted 288 new rows into generation_mix.
2026-05-24 13:07:44,436 - INFO - Fetching Open-Meteo data from 2025-01-19 to 2025-01-22
2026-05-24 13:07:44,436 - INFO - 📚 Backtest Detected: Routing to Historical Archive API...
2026-05-24 13:07:45,535 - INFO - Inserted 288 new rows into weather_data.
2026-05-24 13:07:50,537 - INFO - Fetching DA prices from 2025-01-22 00:00:00+01:00 to 2025-01-25 00:00:00+01:00
2026-05-24 13:07:52,348 - INFO - Inserted 288 new rows into day_ahead_prices.
2026-05-24 13:07:52,348 - INFO - Fetching actual load from 2025-01-22 00:00:00+01:00 to 2025-01-25 00:00:00+01:00
2026-05-24 13:07:53,474 - INFO - Inserted 288 new rows into actual_load.
2026-05-24 13:07:53,474 - INFO - Fetching generation mix from 2025-01-22 00:00:00+01:00 to 2025-01-25 00:00:00+01:00
2026-05-24 13:07:56,956 - INFO - Inserted 288 new rows into generation_mix.
2026-05-24 13:07:56,957 - INFO - Fetching Open-Meteo data from 2025-01-22 to 2025-01-25
2026-05-24 13:07:56,957 - INFO - 📚 Backtest Detected: Routing to Historical Archive API...
2026-05-24 13:07:58,389 - INFO - Inserted 288 new rows into weather_data.
2026-05-24 13:08:03,391 - INFO - Fetching DA prices from 2025-01-25 00:00:00+01:00 to 2025-01-28 00:00:00+01:00
2026-05-24 13:08:04,840 - INFO - Inserted 288 new rows into day_ahead_prices.
2026-05-24 13:08:04,840 - INFO - Fetching actual load from 2025-01-25 00:00:00+01:00 to 2025-01-28 00:00:00+01:00
2026-05-24 13:08:05,967 - INFO - Inserted 288 new rows into actual_load.
2026-05-24 13:08:05,967 - INFO - Fetching generation mix from 2025-01-25 00:00:00+01:00 to 2025-01-28 00:00:00+01:00
2026-05-24 13:08:09,142 - INFO - Inserted 288 new rows into generation_mix.
2026-05-24 13:08:09,142 - INFO - Fetching Open-Meteo data from 2025-01-25 to 2025-01-28
2026-05-24 13:08:09,143 - INFO - 📚 Backtest Detected: Routing to Historical Archive API...
2026-05-24 13:08:10,425 - INFO - Inserted 288 new rows into weather_data.
2026-05-24 13:08:15,427 - INFO - Fetching DA prices from 2025-01-28 00:00:00+01:00 to 2025-01-31 00:00:00+01:00
2026-05-24 13:08:16,592 - INFO - Inserted 288 new rows into day_ahead_prices.
2026-05-24 13:08:16,593 - INFO - Fetching actual load from 2025-01-28 00:00:00+01:00 to 2025-01-31 00:00:00+01:00
2026-05-24 13:08:17,642 - INFO - Inserted 288 new rows into actual_load.
2026-05-24 13:08:17,642 - INFO - Fetching generation mix from 2025-01-28 00:00:00+01:00 to 2025-01-31 00:00:00+01:00
2026-05-24 13:08:20,994 - INFO - Inserted 288 new rows into generation_mix.
2026-05-24 13:08:20,995 - INFO - Fetching Open-Meteo data from 2025-01-28 to 2025-01-31
2026-05-24 13:08:20,995 - INFO - 📚 Backtest Detected: Routing to Historical Archive API...
2026-05-24 13:08:22,025 - INFO - Inserted 288 new rows into weather_data.
2026-05-24 13:08:27,028 - INFO - Fetching DA prices from 2025-01-31 00:00:00+01:00 to 2025-02-03 00:00:00+01:00
2026-05-24 13:08:28,394 - INFO - Inserted 288 new rows into day_ahead_prices.
2026-05-24 13:08:28,394 - INFO - Fetching actual load from 2025-01-31 00:00:00+01:00 to 2025-02-03 00:00:00+01:00
2026-05-24 13:08:29,519 - INFO - Inserted 288 new rows into actual_load.
2026-05-24 13:08:29,519 - INFO - Fetching generation mix from 2025-01-31 00:00:00+01:00 to 2025-02-03 00:00:00+01:00
2026-05-24 13:08:33,003 - INFO - Inserted 288 new rows into generation_mix.
2026-05-24 13:08:33,004 - INFO - Fetching Open-Meteo data from 2025-01-31 to 2025-02-03
2026-05-24 13:08:33,004 - INFO - 📚 Backtest Detected: Routing to Historical Archive API...
2026-05-24 13:08:34,331 - INFO - Inserted 288 new rows into weather_data.
2026-05-24 13:08:39,333 - INFO - Fetching DA prices from 2025-02-03 00:00:00+01:00 to 2025-02-06 00:00:00+01:00
2026-05-24 13:08:40,681 - INFO - Inserted 288 new rows into day_ahead_prices.
2026-05-24 13:08:40,681 - INFO - Fetching actual load from 2025-02-03 00:00:00+01:00 to 2025-02-06 00:00:00+01:00
2026-05-24 13:08:41,761 - INFO - Inserted 288 new rows into actual_load.
2026-05-24 13:08:41,762 - INFO - Fetching generation mix from 2025-02-03 00:00:00+01:00 to 2025-02-06 00:00:00+01:00
2026-05-24 13:08:45,288 - INFO - Inserted 288 new rows into generation_mix.
2026-05-24 13:08:45,289 - INFO - Fetching Open-Meteo data from 2025-02-03 to 2025-02-06
2026-05-24 13:08:45,289 - INFO - 📚 Backtest Detected: Routing to Historical Archive API...
2026-05-24 13:08:46,825 - INFO - Inserted 288 new rows into weather_data.
2026-05-24 13:08:51,827 - INFO - Fetching DA prices from 2025-02-06 00:00:00+01:00 to 2025-02-09 00:00:00+01:00
2026-05-24 13:08:53,276 - INFO - Inserted 288 new rows into day_ahead_prices.
2026-05-24 13:08:53,277 - INFO - Fetching actual load from 2025-02-06 00:00:00+01:00 to 2025-02-09 00:00:00+01:00
2026-05-24 13:08:54,609 - INFO - Inserted 288 new rows into actual_load.
2026-05-24 13:08:54,610 - INFO - Fetching generation mix from 2025-02-06 00:00:00+01:00 to 2025-02-09 00:00:00+01:00
2026-05-24 13:08:57,986 - INFO - Inserted 288 new rows into generation_mix.
2026-05-24 13:08:57,987 - INFO - Fetching Open-Meteo data from 2025-02-06 to 2025-02-09
2026-05-24 13:08:57,988 - INFO - 📚 Backtest Detected: Routing to Historical Archive API...
2026-05-24 13:08:59,318 - INFO - Inserted 288 new rows into weather_data.
2026-05-24 13:09:04,320 - INFO - Fetching DA prices from 2025-02-09 00:00:00+01:00 to 2025-02-12 00:00:00+01:00
2026-05-24 13:09:05,873 - INFO - Inserted 288 new rows into day_ahead_prices.
2026-05-24 13:09:05,873 - INFO - Fetching actual load from 2025-02-09 00:00:00+01:00 to 2025-02-12 00:00:00+01:00
2026-05-24 13:09:06,747 - INFO - Inserted 288 new rows into actual_load.
2026-05-24 13:09:06,747 - INFO - Fetching generation mix from 2025-02-09 00:00:00+01:00 to 2025-02-12 00:00:00+01:00
2026-05-24 13:09:09,689 - INFO - Inserted 288 new rows into generation_mix.
2026-05-24 13:09:09,690 - INFO - Fetching Open-Meteo data from 2025-02-09 to 2025-02-12
2026-05-24 13:09:09,690 - INFO - 📚 Backtest Detected: Routing to Historical Archive API...
2026-05-24 13:09:10,496 - INFO - Inserted 288 new rows into weather_data.
2026-05-24 13:09:15,499 - INFO - Fetching DA prices from 2025-02-12 00:00:00+01:00 to 2025-02-15 00:00:00+01:00
2026-05-24 13:09:17,238 - INFO - Inserted 288 new rows into day_ahead_prices.
2026-05-24 13:09:17,238 - INFO - Fetching actual load from 2025-02-12 00:00:00+01:00 to 2025-02-15 00:00:00+01:00
2026-05-24 13:09:18,625 - INFO - Inserted 288 new rows into actual_load.
2026-05-24 13:09:18,626 - INFO - Fetching generation mix from 2025-02-12 00:00:00+01:00 to 2025-02-15 00:00:00+01:00
2026-05-24 13:09:22,256 - INFO - Inserted 288 new rows into generation_mix.
2026-05-24 13:09:22,258 - INFO - Fetching Open-Meteo data from 2025-02-12 to 2025-02-15
2026-05-24 13:09:22,259 - INFO - 📚 Backtest Detected: Routing to Historical Archive API...
2026-05-24 13:09:23,791 - INFO - Inserted 288 new rows into weather_data.
2026-05-24 13:09:28,793 - INFO - Fetching DA prices from 2025-02-15 00:00:00+01:00 to 2025-02-18 00:00:00+01:00
2026-05-24 13:09:30,410 - INFO - Inserted 288 new rows into day_ahead_prices.
2026-05-24 13:09:30,410 - INFO - Fetching actual load from 2025-02-15 00:00:00+01:00 to 2025-02-18 00:00:00+01:00
2026-05-24 13:09:31,676 - INFO - Inserted 288 new rows into actual_load.
2026-05-24 13:09:31,676 - INFO - Fetching generation mix from 2025-02-15 00:00:00+01:00 to 2025-02-18 00:00:00+01:00
2026-05-24 13:09:34,805 - INFO - Inserted 288 new rows into generation_mix.
2026-05-24 13:09:34,806 - INFO - Fetching Open-Meteo data from 2025-02-15 to 2025-02-18
2026-05-24 13:09:34,806 - INFO - 📚 Backtest Detected: Routing to Historical Archive API...
2026-05-24 13:09:35,681 - INFO - Inserted 288 new rows into weather_data.
2026-05-24 13:09:40,684 - INFO - Fetching DA prices from 2025-02-18 00:00:00+01:00 to 2025-02-21 00:00:00+01:00
2026-05-24 13:09:42,326 - INFO - Inserted 288 new rows into day_ahead_prices.
2026-05-24 13:09:42,326 - INFO - Fetching actual load from 2025-02-18 00:00:00+01:00 to 2025-02-21 00:00:00+01:00
2026-05-24 13:09:43,554 - INFO - Inserted 288 new rows into actual_load.
2026-05-24 13:09:43,555 - INFO - Fetching generation mix from 2025-02-18 00:00:00+01:00 to 2025-02-21 00:00:00+01:00
2026-05-24 13:09:47,139 - INFO - Inserted 288 new rows into generation_mix.
2026-05-24 13:09:47,140 - INFO - Fetching Open-Meteo data from 2025-02-18 to 2025-02-21
2026-05-24 13:09:47,140 - INFO - 📚 Backtest Detected: Routing to Historical Archive API...
2026-05-24 13:09:48,674 - INFO - Inserted 288 new rows into weather_data.
2026-05-24 13:09:53,677 - INFO - Fetching DA prices from 2025-02-21 00:00:00+01:00 to 2025-02-24 00:00:00+01:00
2026-05-24 13:09:55,126 - INFO - Inserted 288 new rows into day_ahead_prices.
2026-05-24 13:09:55,126 - INFO - Fetching actual load from 2025-02-21 00:00:00+01:00 to 2025-02-24 00:00:00+01:00
2026-05-24 13:09:56,559 - INFO - Inserted 288 new rows into actual_load.
2026-05-24 13:09:56,560 - INFO - Fetching generation mix from 2025-02-21 00:00:00+01:00 to 2025-02-24 00:00:00+01:00
2026-05-24 13:09:59,380 - INFO - Inserted 288 new rows into generation_mix.
2026-05-24 13:09:59,381 - INFO - Fetching Open-Meteo data from 2025-02-21 to 2025-02-24
2026-05-24 13:09:59,381 - INFO - 📚 Backtest Detected: Routing to Historical Archive API...
2026-05-24 13:10:00,962 - INFO - Inserted 288 new rows into weather_data.
2026-05-24 13:10:05,965 - INFO - Fetching DA prices from 2025-02-24 00:00:00+01:00 to 2025-02-27 00:00:00+01:00
2026-05-24 13:10:08,748 - INFO - Inserted 288 new rows into day_ahead_prices.
2026-05-24 13:10:08,748 - INFO - Fetching actual load from 2025-02-24 00:00:00+01:00 to 2025-02-27 00:00:00+01:00
2026-05-24 13:10:10,383 - INFO - Inserted 288 new rows into actual_load.
2026-05-24 13:10:10,384 - INFO - Fetching generation mix from 2025-02-24 00:00:00+01:00 to 2025-02-27 00:00:00+01:00
2026-05-24 13:10:14,274 - INFO - Inserted 288 new rows into generation_mix.
2026-05-24 13:10:14,275 - INFO - Fetching Open-Meteo data from 2025-02-24 to 2025-02-27
2026-05-24 13:10:14,275 - INFO - 📚 Backtest Detected: Routing to Historical Archive API...
2026-05-24 13:10:15,606 - INFO - Inserted 288 new rows into weather_data.
2026-05-24 13:10:20,607 - INFO - Fetching DA prices from 2025-02-27 00:00:00+01:00 to 2025-03-02 00:00:00+01:00
2026-05-24 13:10:22,442 - INFO - Inserted 288 new rows into day_ahead_prices.
2026-05-24 13:10:22,442 - INFO - Fetching actual load from 2025-02-27 00:00:00+01:00 to 2025-03-02 00:00:00+01:00
2026-05-24 13:10:23,985 - INFO - Inserted 288 new rows into actual_load.
2026-05-24 13:10:23,986 - INFO - Fetching generation mix from 2025-02-27 00:00:00+01:00 to 2025-03-02 00:00:00+01:00
2026-05-24 13:10:27,894 - INFO - Inserted 288 new rows into generation_mix.
2026-05-24 13:10:27,894 - INFO - Fetching Open-Meteo data from 2025-02-27 to 2025-03-02
2026-05-24 13:10:27,895 - INFO - 📚 Backtest Detected: Routing to Historical Archive API...
2026-05-24 13:10:29,327 - INFO - Inserted 288 new rows into weather_data.
2026-05-24 13:10:34,329 - INFO - Fetching DA prices from 2025-03-02 00:00:00+01:00 to 2025-03-05 00:00:00+01:00
2026-05-24 13:10:36,086 - INFO - Inserted 288 new rows into day_ahead_prices.
2026-05-24 13:10:36,086 - INFO - Fetching actual load from 2025-03-02 00:00:00+01:00 to 2025-03-05 00:00:00+01:00
2026-05-24 13:10:37,622 - INFO - Inserted 288 new rows into actual_load.
2026-05-24 13:10:37,623 - INFO - Fetching generation mix from 2025-03-02 00:00:00+01:00 to 2025-03-05 00:00:00+01:00
2026-05-24 13:10:41,618 - INFO - Inserted 288 new rows into generation_mix.
2026-05-24 13:10:41,618 - INFO - Fetching Open-Meteo data from 2025-03-02 to 2025-03-05
2026-05-24 13:10:41,619 - INFO - 📚 Backtest Detected: Routing to Historical Archive API...
2026-05-24 13:10:42,946 - INFO - Inserted 288 new rows into weather_data.
2026-05-24 13:10:47,949 - INFO - Fetching DA prices from 2025-03-05 00:00:00+01:00 to 2025-03-08 00:00:00+01:00
2026-05-24 13:10:49,500 - INFO - Inserted 288 new rows into day_ahead_prices.
2026-05-24 13:10:49,501 - INFO - Fetching actual load from 2025-03-05 00:00:00+01:00 to 2025-03-08 00:00:00+01:00
2026-05-24 13:10:50,832 - INFO - Inserted 288 new rows into actual_load.
2026-05-24 13:10:50,832 - INFO - Fetching generation mix from 2025-03-05 00:00:00+01:00 to 2025-03-08 00:00:00+01:00
2026-05-24 13:10:54,620 - INFO - Inserted 288 new rows into generation_mix.
2026-05-24 13:10:54,621 - INFO - Fetching Open-Meteo data from 2025-03-05 to 2025-03-08
2026-05-24 13:10:54,621 - INFO - 📚 Backtest Detected: Routing to Historical Archive API...
2026-05-24 13:10:56,771 - INFO - Inserted 288 new rows into weather_data.
2026-05-24 13:11:01,772 - INFO - Fetching DA prices from 2025-03-08 00:00:00+01:00 to 2025-03-11 00:00:00+01:00
2026-05-24 13:11:03,119 - INFO - Inserted 288 new rows into day_ahead_prices.
2026-05-24 13:11:03,120 - INFO - Fetching actual load from 2025-03-08 00:00:00+01:00 to 2025-03-11 00:00:00+01:00
2026-05-24 13:11:04,349 - INFO - Inserted 288 new rows into actual_load.
2026-05-24 13:11:04,349 - INFO - Fetching generation mix from 2025-03-08 00:00:00+01:00 to 2025-03-11 00:00:00+01:00
2026-05-24 13:11:08,035 - INFO - Inserted 288 new rows into generation_mix.
2026-05-24 13:11:08,036 - INFO - Fetching Open-Meteo data from 2025-03-08 to 2025-03-11
2026-05-24 13:11:08,036 - INFO - 📚 Backtest Detected: Routing to Historical Archive API...
2026-05-24 13:11:09,366 - INFO - Inserted 288 new rows into weather_data.
2026-05-24 13:11:14,368 - INFO - Fetching DA prices from 2025-03-11 00:00:00+01:00 to 2025-03-14 00:00:00+01:00
2026-05-24 13:11:15,920 - INFO - Inserted 288 new rows into day_ahead_prices.
2026-05-24 13:11:15,920 - INFO - Fetching actual load from 2025-03-11 00:00:00+01:00 to 2025-03-14 00:00:00+01:00
2026-05-24 13:11:17,456 - INFO - Inserted 288 new rows into actual_load.
2026-05-24 13:11:17,456 - INFO - Fetching generation mix from 2025-03-11 00:00:00+01:00 to 2025-03-14 00:00:00+01:00
2026-05-24 13:11:21,152 - INFO - Inserted 288 new rows into generation_mix.
2026-05-24 13:11:21,153 - INFO - Fetching Open-Meteo data from 2025-03-11 to 2025-03-14
2026-05-24 13:11:21,153 - INFO - 📚 Backtest Detected: Routing to Historical Archive API...
2026-05-24 13:11:22,482 - INFO - Inserted 288 new rows into weather_data.
2026-05-24 13:11:27,484 - INFO - Fetching DA prices from 2025-03-14 00:00:00+01:00 to 2025-03-17 00:00:00+01:00
2026-05-24 13:11:28,924 - INFO - Inserted 288 new rows into day_ahead_prices.
2026-05-24 13:11:28,925 - INFO - Fetching actual load from 2025-03-14 00:00:00+01:00 to 2025-03-17 00:00:00+01:00
2026-05-24 13:11:30,358 - INFO - Inserted 288 new rows into actual_load.
2026-05-24 13:11:30,359 - INFO - Fetching generation mix from 2025-03-14 00:00:00+01:00 to 2025-03-17 00:00:00+01:00
2026-05-24 13:11:33,687 - INFO - Inserted 288 new rows into generation_mix.
2026-05-24 13:11:33,688 - INFO - Fetching Open-Meteo data from 2025-03-14 to 2025-03-17
2026-05-24 13:11:33,688 - INFO - 📚 Backtest Detected: Routing to Historical Archive API...
2026-05-24 13:11:34,556 - INFO - Inserted 288 new rows into weather_data.
2026-05-24 13:11:39,559 - INFO - Fetching DA prices from 2025-03-17 00:00:00+01:00 to 2025-03-20 00:00:00+01:00
2026-05-24 13:11:40,905 - INFO - Inserted 288 new rows into day_ahead_prices.
2026-05-24 13:11:40,906 - INFO - Fetching actual load from 2025-03-17 00:00:00+01:00 to 2025-03-20 00:00:00+01:00
2026-05-24 13:11:42,339 - INFO - Inserted 288 new rows into actual_load.
2026-05-24 13:11:42,339 - INFO - Fetching generation mix from 2025-03-17 00:00:00+01:00 to 2025-03-20 00:00:00+01:00
2026-05-24 13:11:46,025 - INFO - Inserted 288 new rows into generation_mix.
2026-05-24 13:11:46,026 - INFO - Fetching Open-Meteo data from 2025-03-17 to 2025-03-20
2026-05-24 13:11:46,026 - INFO - 📚 Backtest Detected: Routing to Historical Archive API...
2026-05-24 13:11:47,357 - INFO - Inserted 288 new rows into weather_data.
2026-05-24 13:11:52,360 - INFO - Fetching DA prices from 2025-03-20 00:00:00+01:00 to 2025-03-23 00:00:00+01:00
2026-05-24 13:11:54,013 - INFO - Inserted 288 new rows into day_ahead_prices.
2026-05-24 13:11:54,014 - INFO - Fetching actual load from 2025-03-20 00:00:00+01:00 to 2025-03-23 00:00:00+01:00
2026-05-24 13:11:55,344 - INFO - Inserted 288 new rows into actual_load.
2026-05-24 13:11:55,344 - INFO - Fetching generation mix from 2025-03-20 00:00:00+01:00 to 2025-03-23 00:00:00+01:00
2026-05-24 13:11:58,630 - INFO - Inserted 288 new rows into generation_mix.
2026-05-24 13:11:58,631 - INFO - Fetching Open-Meteo data from 2025-03-20 to 2025-03-23
2026-05-24 13:11:58,631 - INFO - 📚 Backtest Detected: Routing to Historical Archive API...
2026-05-24 13:11:59,952 - INFO - Inserted 288 new rows into weather_data.
2026-05-24 13:12:04,954 - INFO - Fetching DA prices from 2025-03-23 00:00:00+01:00 to 2025-03-26 00:00:00+01:00
2026-05-24 13:12:06,302 - INFO - Inserted 288 new rows into day_ahead_prices.
2026-05-24 13:12:06,302 - INFO - Fetching actual load from 2025-03-23 00:00:00+01:00 to 2025-03-26 00:00:00+01:00
2026-05-24 13:12:07,837 - INFO - Inserted 288 new rows into actual_load.
2026-05-24 13:12:07,838 - INFO - Fetching generation mix from 2025-03-23 00:00:00+01:00 to 2025-03-26 00:00:00+01:00
2026-05-24 13:12:10,807 - INFO - Inserted 288 new rows into generation_mix.
2026-05-24 13:12:10,808 - INFO - Fetching Open-Meteo data from 2025-03-23 to 2025-03-26
2026-05-24 13:12:10,808 - INFO - 📚 Backtest Detected: Routing to Historical Archive API...
2026-05-24 13:12:12,342 - INFO - Inserted 288 new rows into weather_data.
2026-05-24 13:12:17,344 - INFO - Fetching DA prices from 2025-03-26 00:00:00+01:00 to 2025-03-29 00:00:00+01:00
2026-05-24 13:12:18,794 - INFO - Inserted 288 new rows into day_ahead_prices.
2026-05-24 13:12:18,795 - INFO - Fetching actual load from 2025-03-26 00:00:00+01:00 to 2025-03-29 00:00:00+01:00
2026-05-24 13:12:20,023 - INFO - Inserted 288 new rows into actual_load.
2026-05-24 13:12:20,023 - INFO - Fetching generation mix from 2025-03-26 00:00:00+01:00 to 2025-03-29 00:00:00+01:00
2026-05-24 13:12:23,504 - INFO - Inserted 288 new rows into generation_mix.
2026-05-24 13:12:23,504 - INFO - Fetching Open-Meteo data from 2025-03-26 to 2025-03-29
2026-05-24 13:12:23,505 - INFO - 📚 Backtest Detected: Routing to Historical Archive API...
2026-05-24 13:12:24,835 - INFO - Inserted 288 new rows into weather_data.
2026-05-24 13:12:29,837 - INFO - Fetching DA prices from 2025-03-29 00:00:00+01:00 to 2025-04-02 00:00:00+02:00
2026-05-24 13:12:31,184 - INFO - Inserted 380 new rows into day_ahead_prices.
2026-05-24 13:12:31,185 - INFO - Fetching actual load from 2025-03-29 00:00:00+01:00 to 2025-04-02 00:00:00+02:00
2026-05-24 13:12:32,310 - INFO - Inserted 380 new rows into actual_load.
2026-05-24 13:12:32,311 - INFO - Fetching generation mix from 2025-03-29 00:00:00+01:00 to 2025-04-02 00:00:00+02:00
2026-05-24 13:12:36,509 - INFO - Inserted 380 new rows into generation_mix.
2026-05-24 13:12:36,510 - INFO - Fetching Open-Meteo data from 2025-03-29 to 2025-04-02
2026-05-24 13:12:36,510 - INFO - 📚 Backtest Detected: Routing to Historical Archive API...
2026-05-24 13:12:37,841 - INFO - Inserted 384 new rows into weather_data.
2026-05-24 13:12:42,843 - INFO - Fetching DA prices from 2025-04-02 00:00:00+02:00 to 2025-04-05 00:00:00+02:00
2026-05-24 13:12:44,292 - INFO - Inserted 288 new rows into day_ahead_prices.
2026-05-24 13:12:44,292 - INFO - Fetching actual load from 2025-04-02 00:00:00+02:00 to 2025-04-05 00:00:00+02:00
2026-05-24 13:12:45,622 - INFO - Inserted 288 new rows into actual_load.
2026-05-24 13:12:45,623 - INFO - Fetching generation mix from 2025-04-02 00:00:00+02:00 to 2025-04-05 00:00:00+02:00
2026-05-24 13:12:49,206 - INFO - Inserted 288 new rows into generation_mix.
2026-05-24 13:12:49,207 - INFO - Fetching Open-Meteo data from 2025-04-02 to 2025-04-05
2026-05-24 13:12:49,207 - INFO - 📚 Backtest Detected: Routing to Historical Archive API...
2026-05-24 13:12:50,640 - INFO - Inserted 288 new rows into weather_data.
2026-05-24 13:12:55,642 - INFO - Fetching DA prices from 2025-04-05 00:00:00+02:00 to 2025-04-08 00:00:00+02:00
2026-05-24 13:12:58,014 - INFO - Inserted 288 new rows into day_ahead_prices.
2026-05-24 13:12:58,014 - INFO - Fetching actual load from 2025-04-05 00:00:00+02:00 to 2025-04-08 00:00:00+02:00
2026-05-24 13:12:59,242 - INFO - Inserted 288 new rows into actual_load.
2026-05-24 13:12:59,243 - INFO - Fetching generation mix from 2025-04-05 00:00:00+02:00 to 2025-04-08 00:00:00+02:00
2026-05-24 13:13:03,133 - INFO - Inserted 288 new rows into generation_mix.
2026-05-24 13:13:03,134 - INFO - Fetching Open-Meteo data from 2025-04-05 to 2025-04-08
2026-05-24 13:13:03,134 - INFO - 📚 Backtest Detected: Routing to Historical Archive API...
2026-05-24 13:13:04,473 - INFO - Inserted 288 new rows into weather_data.
2026-05-24 13:13:09,475 - INFO - Fetching DA prices from 2025-04-08 00:00:00+02:00 to 2025-04-11 00:00:00+02:00
2026-05-24 13:13:10,519 - INFO - Inserted 288 new rows into day_ahead_prices.
2026-05-24 13:13:10,520 - INFO - Fetching actual load from 2025-04-08 00:00:00+02:00 to 2025-04-11 00:00:00+02:00
2026-05-24 13:13:11,939 - INFO - Inserted 288 new rows into actual_load.
2026-05-24 13:13:11,940 - INFO - Fetching generation mix from 2025-04-08 00:00:00+02:00 to 2025-04-11 00:00:00+02:00
2026-05-24 13:13:15,728 - INFO - Inserted 288 new rows into generation_mix.
2026-05-24 13:13:15,729 - INFO - Fetching Open-Meteo data from 2025-04-08 to 2025-04-11
2026-05-24 13:13:15,730 - INFO - 📚 Backtest Detected: Routing to Historical Archive API...
2026-05-24 13:13:17,162 - INFO - Inserted 288 new rows into weather_data.
2026-05-24 13:13:22,165 - INFO - Fetching DA prices from 2025-04-11 00:00:00+02:00 to 2025-04-14 00:00:00+02:00
2026-05-24 13:13:23,613 - INFO - Inserted 288 new rows into day_ahead_prices.
2026-05-24 13:13:23,613 - INFO - Fetching actual load from 2025-04-11 00:00:00+02:00 to 2025-04-14 00:00:00+02:00
2026-05-24 13:13:24,740 - INFO - Inserted 288 new rows into actual_load.
2026-05-24 13:13:24,741 - INFO - Fetching generation mix from 2025-04-11 00:00:00+02:00 to 2025-04-14 00:00:00+02:00
2026-05-24 13:13:28,121 - INFO - Inserted 288 new rows into generation_mix.
2026-05-24 13:13:28,122 - INFO - Fetching Open-Meteo data from 2025-04-11 to 2025-04-14
2026-05-24 13:13:28,122 - INFO - 📚 Backtest Detected: Routing to Historical Archive API...
2026-05-24 13:13:29,450 - INFO - Inserted 288 new rows into weather_data.
2026-05-24 13:13:34,452 - INFO - Fetching DA prices from 2025-04-14 00:00:00+02:00 to 2025-04-17 00:00:00+02:00
2026-05-24 13:13:35,902 - INFO - Inserted 288 new rows into day_ahead_prices.
2026-05-24 13:13:35,902 - INFO - Fetching actual load from 2025-04-14 00:00:00+02:00 to 2025-04-17 00:00:00+02:00
2026-05-24 13:13:37,130 - INFO - Inserted 288 new rows into actual_load.
2026-05-24 13:13:37,131 - INFO - Fetching generation mix from 2025-04-14 00:00:00+02:00 to 2025-04-17 00:00:00+02:00
2026-05-24 13:13:40,714 - INFO - Inserted 288 new rows into generation_mix.
2026-05-24 13:13:40,715 - INFO - Fetching Open-Meteo data from 2025-04-14 to 2025-04-17
2026-05-24 13:13:40,716 - INFO - 📚 Backtest Detected: Routing to Historical Archive API...
2026-05-24 13:13:42,045 - INFO - Inserted 288 new rows into weather_data.
2026-05-24 13:13:47,048 - INFO - Fetching DA prices from 2025-04-17 00:00:00+02:00 to 2025-04-20 00:00:00+02:00
2026-05-24 13:13:48,394 - INFO - Inserted 288 new rows into day_ahead_prices.
2026-05-24 13:13:48,394 - INFO - Fetching actual load from 2025-04-17 00:00:00+02:00 to 2025-04-20 00:00:00+02:00
2026-05-24 13:13:49,520 - INFO - Inserted 288 new rows into actual_load.
2026-05-24 13:13:49,521 - INFO - Fetching generation mix from 2025-04-17 00:00:00+02:00 to 2025-04-20 00:00:00+02:00
2026-05-24 13:13:53,412 - INFO - Inserted 288 new rows into generation_mix.
2026-05-24 13:13:53,412 - INFO - Fetching Open-Meteo data from 2025-04-17 to 2025-04-20
2026-05-24 13:13:53,413 - INFO - 📚 Backtest Detected: Routing to Historical Archive API...
2026-05-24 13:13:55,153 - INFO - Inserted 288 new rows into weather_data.
2026-05-24 13:14:00,155 - INFO - Fetching DA prices from 2025-04-20 00:00:00+02:00 to 2025-04-23 00:00:00+02:00
2026-05-24 13:14:03,140 - INFO - Inserted 288 new rows into day_ahead_prices.
2026-05-24 13:14:03,140 - INFO - Fetching actual load from 2025-04-20 00:00:00+02:00 to 2025-04-23 00:00:00+02:00
2026-05-24 13:14:04,471 - INFO - Inserted 288 new rows into actual_load.
2026-05-24 13:14:04,472 - INFO - Fetching generation mix from 2025-04-20 00:00:00+02:00 to 2025-04-23 00:00:00+02:00
2026-05-24 13:14:08,110 - INFO - Inserted 288 new rows into generation_mix.
2026-05-24 13:14:08,110 - INFO - Fetching Open-Meteo data from 2025-04-20 to 2025-04-23
2026-05-24 13:14:08,111 - INFO - 📚 Backtest Detected: Routing to Historical Archive API...
2026-05-24 13:14:08,963 - INFO - Inserted 288 new rows into weather_data.
2026-05-24 13:14:13,965 - INFO - Fetching DA prices from 2025-04-23 00:00:00+02:00 to 2025-04-26 00:00:00+02:00
2026-05-24 13:14:15,427 - INFO - Inserted 288 new rows into day_ahead_prices.
2026-05-24 13:14:15,428 - INFO - Fetching actual load from 2025-04-23 00:00:00+02:00 to 2025-04-26 00:00:00+02:00
2026-05-24 13:14:16,658 - INFO - Inserted 288 new rows into actual_load.
2026-05-24 13:14:16,658 - INFO - Fetching generation mix from 2025-04-23 00:00:00+02:00 to 2025-04-26 00:00:00+02:00
2026-05-24 13:14:20,343 - INFO - Inserted 288 new rows into generation_mix.
2026-05-24 13:14:20,344 - INFO - Fetching Open-Meteo data from 2025-04-23 to 2025-04-26
2026-05-24 13:14:20,344 - INFO - 📚 Backtest Detected: Routing to Historical Archive API...
2026-05-24 13:14:21,674 - INFO - Inserted 288 new rows into weather_data.
2026-05-24 13:14:26,676 - INFO - Fetching DA prices from 2025-04-26 00:00:00+02:00 to 2025-04-29 00:00:00+02:00
2026-05-24 13:14:28,393 - INFO - Inserted 288 new rows into day_ahead_prices.
2026-05-24 13:14:28,393 - INFO - Fetching actual load from 2025-04-26 00:00:00+02:00 to 2025-04-29 00:00:00+02:00
2026-05-24 13:14:29,559 - INFO - Inserted 288 new rows into actual_load.
2026-05-24 13:14:29,560 - INFO - Fetching generation mix from 2025-04-26 00:00:00+02:00 to 2025-04-29 00:00:00+02:00
2026-05-24 13:14:33,041 - INFO - Inserted 288 new rows into generation_mix.
2026-05-24 13:14:33,041 - INFO - Fetching Open-Meteo data from 2025-04-26 to 2025-04-29
2026-05-24 13:14:33,042 - INFO - 📚 Backtest Detected: Routing to Historical Archive API...
2026-05-24 13:14:34,269 - INFO - Inserted 288 new rows into weather_data.
2026-05-24 13:14:39,272 - INFO - Fetching DA prices from 2025-04-29 00:00:00+02:00 to 2025-05-02 00:00:00+02:00
2026-05-24 13:14:40,721 - INFO - Inserted 288 new rows into day_ahead_prices.
2026-05-24 13:14:40,721 - INFO - Fetching actual load from 2025-04-29 00:00:00+02:00 to 2025-05-02 00:00:00+02:00
2026-05-24 13:14:41,904 - INFO - Inserted 288 new rows into actual_load.
2026-05-24 13:14:41,904 - INFO - Fetching generation mix from 2025-04-29 00:00:00+02:00 to 2025-05-02 00:00:00+02:00
2026-05-24 13:14:45,330 - INFO - Inserted 288 new rows into generation_mix.
2026-05-24 13:14:45,330 - INFO - Fetching Open-Meteo data from 2025-04-29 to 2025-05-02
2026-05-24 13:14:45,331 - INFO - 📚 Backtest Detected: Routing to Historical Archive API...
2026-05-24 13:14:46,623 - INFO - Inserted 288 new rows into weather_data.
2026-05-24 13:14:51,625 - INFO - Fetching DA prices from 2025-05-02 00:00:00+02:00 to 2025-05-05 00:00:00+02:00
2026-05-24 13:14:52,858 - INFO - Inserted 288 new rows into day_ahead_prices.
2026-05-24 13:14:52,859 - INFO - Fetching actual load from 2025-05-02 00:00:00+02:00 to 2025-05-05 00:00:00+02:00
2026-05-24 13:14:53,930 - INFO - Inserted 288 new rows into actual_load.
2026-05-24 13:14:53,931 - INFO - Fetching generation mix from 2025-05-02 00:00:00+02:00 to 2025-05-05 00:00:00+02:00
2026-05-24 13:14:57,310 - INFO - Inserted 288 new rows into generation_mix.
2026-05-24 13:14:57,310 - INFO - Fetching Open-Meteo data from 2025-05-02 to 2025-05-05
2026-05-24 13:14:57,311 - INFO - 📚 Backtest Detected: Routing to Historical Archive API...
2026-05-24 13:14:58,539 - INFO - Inserted 288 new rows into weather_data.
2026-05-24 13:15:03,541 - INFO - Fetching DA prices from 2025-05-05 00:00:00+02:00 to 2025-05-08 00:00:00+02:00
2026-05-24 13:15:30,591 - INFO - Inserted 288 new rows into day_ahead_prices.
2026-05-24 13:15:30,592 - INFO - Fetching actual load from 2025-05-05 00:00:00+02:00 to 2025-05-08 00:00:00+02:00
2026-05-24 13:15:36,432 - INFO - Inserted 288 new rows into actual_load.
2026-05-24 13:15:36,433 - INFO - Fetching generation mix from 2025-05-05 00:00:00+02:00 to 2025-05-08 00:00:00+02:00
2026-05-24 13:15:43,800 - INFO - Inserted 288 new rows into generation_mix.
2026-05-24 13:15:43,800 - INFO - Fetching Open-Meteo data from 2025-05-05 to 2025-05-08
2026-05-24 13:15:43,801 - INFO - 📚 Backtest Detected: Routing to Historical Archive API...
2026-05-24 13:15:45,131 - INFO - Inserted 288 new rows into weather_data.
2026-05-24 13:15:50,133 - INFO - Fetching DA prices from 2025-05-08 00:00:00+02:00 to 2025-05-11 00:00:00+02:00
2026-05-24 13:15:51,890 - INFO - Inserted 288 new rows into day_ahead_prices.
2026-05-24 13:15:51,890 - INFO - Fetching actual load from 2025-05-08 00:00:00+02:00 to 2025-05-11 00:00:00+02:00
2026-05-24 13:15:53,119 - INFO - Inserted 288 new rows into actual_load.
2026-05-24 13:15:53,120 - INFO - Fetching generation mix from 2025-05-08 00:00:00+02:00 to 2025-05-11 00:00:00+02:00
2026-05-24 13:15:56,805 - INFO - Inserted 288 new rows into generation_mix.
2026-05-24 13:15:56,806 - INFO - Fetching Open-Meteo data from 2025-05-08 to 2025-05-11
2026-05-24 13:15:56,806 - INFO - 📚 Backtest Detected: Routing to Historical Archive API...
2026-05-24 13:15:58,239 - INFO - Inserted 288 new rows into weather_data.
2026-05-24 13:16:03,241 - INFO - Fetching DA prices from 2025-05-11 00:00:00+02:00 to 2025-05-14 00:00:00+02:00
2026-05-24 13:16:06,226 - INFO - Inserted 288 new rows into day_ahead_prices.
2026-05-24 13:16:06,226 - INFO - Fetching actual load from 2025-05-11 00:00:00+02:00 to 2025-05-14 00:00:00+02:00
2026-05-24 13:16:07,833 - INFO - Inserted 288 new rows into actual_load.
2026-05-24 13:16:07,834 - INFO - Fetching generation mix from 2025-05-11 00:00:00+02:00 to 2025-05-14 00:00:00+02:00
2026-05-24 13:16:12,575 - INFO - Inserted 288 new rows into generation_mix.
2026-05-24 13:16:12,576 - INFO - Fetching Open-Meteo data from 2025-05-11 to 2025-05-14
2026-05-24 13:16:12,576 - INFO - 📚 Backtest Detected: Routing to Historical Archive API...
2026-05-24 13:16:14,008 - INFO - Inserted 288 new rows into weather_data.
2026-05-24 13:16:19,011 - INFO - Fetching DA prices from 2025-05-14 00:00:00+02:00 to 2025-05-17 00:00:00+02:00
2026-05-24 13:16:20,665 - INFO - Inserted 288 new rows into day_ahead_prices.
2026-05-24 13:16:20,665 - INFO - Fetching actual load from 2025-05-14 00:00:00+02:00 to 2025-05-17 00:00:00+02:00
2026-05-24 13:16:21,894 - INFO - Inserted 288 new rows into actual_load.
2026-05-24 13:16:21,894 - INFO - Fetching generation mix from 2025-05-14 00:00:00+02:00 to 2025-05-17 00:00:00+02:00
2026-05-24 13:16:25,479 - INFO - Inserted 288 new rows into generation_mix.
2026-05-24 13:16:25,480 - INFO - Fetching Open-Meteo data from 2025-05-14 to 2025-05-17
2026-05-24 13:16:25,480 - INFO - 📚 Backtest Detected: Routing to Historical Archive API...
2026-05-24 13:16:26,865 - INFO - Inserted 288 new rows into weather_data.
2026-05-24 13:16:31,867 - INFO - Fetching DA prices from 2025-05-17 00:00:00+02:00 to 2025-05-20 00:00:00+02:00
2026-05-24 13:16:33,261 - INFO - Inserted 288 new rows into day_ahead_prices.
2026-05-24 13:16:33,261 - INFO - Fetching actual load from 2025-05-17 00:00:00+02:00 to 2025-05-20 00:00:00+02:00
2026-05-24 13:16:34,387 - INFO - Inserted 288 new rows into actual_load.
2026-05-24 13:16:34,388 - INFO - Fetching generation mix from 2025-05-17 00:00:00+02:00 to 2025-05-20 00:00:00+02:00
2026-05-24 13:16:37,868 - INFO - Inserted 288 new rows into generation_mix.
2026-05-24 13:16:37,869 - INFO - Fetching Open-Meteo data from 2025-05-17 to 2025-05-20
2026-05-24 13:16:37,881 - INFO - 📚 Backtest Detected: Routing to Historical Archive API...
2026-05-24 13:16:39,302 - INFO - Inserted 288 new rows into weather_data.
2026-05-24 13:16:44,304 - INFO - Fetching DA prices from 2025-05-20 00:00:00+02:00 to 2025-05-23 00:00:00+02:00
2026-05-24 13:16:46,060 - INFO - Inserted 288 new rows into day_ahead_prices.
2026-05-24 13:16:46,061 - INFO - Fetching actual load from 2025-05-20 00:00:00+02:00 to 2025-05-23 00:00:00+02:00
2026-05-24 13:16:47,494 - INFO - Inserted 288 new rows into actual_load.
2026-05-24 13:16:47,494 - INFO - Fetching generation mix from 2025-05-20 00:00:00+02:00 to 2025-05-23 00:00:00+02:00
2026-05-24 13:16:52,000 - INFO - Inserted 288 new rows into generation_mix.
2026-05-24 13:16:52,001 - INFO - Fetching Open-Meteo data from 2025-05-20 to 2025-05-23
2026-05-24 13:16:52,001 - INFO - 📚 Backtest Detected: Routing to Historical Archive API...
2026-05-24 13:16:53,331 - INFO - Inserted 288 new rows into weather_data.
2026-05-24 13:16:58,334 - INFO - Fetching DA prices from 2025-05-23 00:00:00+02:00 to 2025-05-26 00:00:00+02:00
2026-05-24 13:16:59,680 - INFO - Inserted 288 new rows into day_ahead_prices.
2026-05-24 13:16:59,681 - INFO - Fetching actual load from 2025-05-23 00:00:00+02:00 to 2025-05-26 00:00:00+02:00
2026-05-24 13:17:00,909 - INFO - Inserted 288 new rows into actual_load.
2026-05-24 13:17:00,910 - INFO - Fetching generation mix from 2025-05-23 00:00:00+02:00 to 2025-05-26 00:00:00+02:00
2026-05-24 13:17:04,390 - INFO - Inserted 288 new rows into generation_mix.
2026-05-24 13:17:04,391 - INFO - Fetching Open-Meteo data from 2025-05-23 to 2025-05-26
2026-05-24 13:17:04,392 - INFO - 📚 Backtest Detected: Routing to Historical Archive API...
2026-05-24 13:17:05,927 - INFO - Inserted 288 new rows into weather_data.
2026-05-24 13:17:10,929 - INFO - Fetching DA prices from 2025-05-26 00:00:00+02:00 to 2025-05-29 00:00:00+02:00
2026-05-24 13:17:12,378 - INFO - Inserted 288 new rows into day_ahead_prices.
2026-05-24 13:17:12,379 - INFO - Fetching actual load from 2025-05-26 00:00:00+02:00 to 2025-05-29 00:00:00+02:00
2026-05-24 13:17:13,504 - INFO - Inserted 288 new rows into actual_load.
2026-05-24 13:17:13,505 - INFO - Fetching generation mix from 2025-05-26 00:00:00+02:00 to 2025-05-29 00:00:00+02:00
2026-05-24 13:17:16,986 - INFO - Inserted 288 new rows into generation_mix.
2026-05-24 13:17:16,987 - INFO - Fetching Open-Meteo data from 2025-05-26 to 2025-05-29
2026-05-24 13:17:16,987 - INFO - 📚 Backtest Detected: Routing to Historical Archive API...
2026-05-24 13:17:18,420 - INFO - Inserted 288 new rows into weather_data.
2026-05-24 13:17:23,425 - INFO - Fetching DA prices from 2025-05-29 00:00:00+02:00 to 2025-06-01 00:00:00+02:00
2026-05-24 13:17:24,974 - INFO - Inserted 288 new rows into day_ahead_prices.
2026-05-24 13:17:24,974 - INFO - Fetching actual load from 2025-05-29 00:00:00+02:00 to 2025-06-01 00:00:00+02:00
2026-05-24 13:17:26,202 - INFO - Inserted 288 new rows into actual_load.
2026-05-24 13:17:26,203 - INFO - Fetching generation mix from 2025-05-29 00:00:00+02:00 to 2025-06-01 00:00:00+02:00
2026-05-24 13:17:29,479 - INFO - Inserted 288 new rows into generation_mix.
2026-05-24 13:17:29,480 - INFO - Fetching Open-Meteo data from 2025-05-29 to 2025-06-01
2026-05-24 13:17:29,480 - INFO - 📚 Backtest Detected: Routing to Historical Archive API...
2026-05-24 13:17:30,585 - INFO - Inserted 288 new rows into weather_data.
2026-05-24 13:17:35,587 - INFO - Fetching DA prices from 2025-06-01 00:00:00+02:00 to 2025-06-04 00:00:00+02:00
2026-05-24 13:17:37,057 - INFO - Inserted 288 new rows into day_ahead_prices.
2026-05-24 13:17:37,057 - INFO - Fetching actual load from 2025-06-01 00:00:00+02:00 to 2025-06-04 00:00:00+02:00
2026-05-24 13:17:38,184 - INFO - Inserted 288 new rows into actual_load.
2026-05-24 13:17:38,184 - INFO - Fetching generation mix from 2025-06-01 00:00:00+02:00 to 2025-06-04 00:00:00+02:00
2026-05-24 13:17:41,255 - INFO - Inserted 288 new rows into generation_mix.
2026-05-24 13:17:41,256 - INFO - Fetching Open-Meteo data from 2025-06-01 to 2025-06-04
2026-05-24 13:17:41,256 - INFO - 📚 Backtest Detected: Routing to Historical Archive API...
2026-05-24 13:17:42,587 - INFO - Inserted 288 new rows into weather_data.
2026-05-24 13:17:47,589 - INFO - Fetching DA prices from 2025-06-04 00:00:00+02:00 to 2025-06-07 00:00:00+02:00
2026-05-24 13:17:49,038 - INFO - Inserted 288 new rows into day_ahead_prices.
2026-05-24 13:17:49,038 - INFO - Fetching actual load from 2025-06-04 00:00:00+02:00 to 2025-06-07 00:00:00+02:00
2026-05-24 13:17:50,369 - INFO - Inserted 288 new rows into actual_load.
2026-05-24 13:17:50,369 - INFO - Fetching generation mix from 2025-06-04 00:00:00+02:00 to 2025-06-07 00:00:00+02:00
2026-05-24 13:17:53,709 - INFO - Inserted 288 new rows into generation_mix.
2026-05-24 13:17:53,710 - INFO - Fetching Open-Meteo data from 2025-06-04 to 2025-06-07
2026-05-24 13:17:53,711 - INFO - 📚 Backtest Detected: Routing to Historical Archive API...
2026-05-24 13:17:54,773 - INFO - Inserted 288 new rows into weather_data.
2026-05-24 13:17:59,775 - INFO - Fetching DA prices from 2025-06-07 00:00:00+02:00 to 2025-06-10 00:00:00+02:00
2026-05-24 13:18:02,409 - INFO - Inserted 288 new rows into day_ahead_prices.
2026-05-24 13:18:02,410 - INFO - Fetching actual load from 2025-06-07 00:00:00+02:00 to 2025-06-10 00:00:00+02:00
2026-05-24 13:18:04,500 - INFO - Inserted 288 new rows into actual_load.
2026-05-24 13:18:04,501 - INFO - Fetching generation mix from 2025-06-07 00:00:00+02:00 to 2025-06-10 00:00:00+02:00
2026-05-24 13:18:08,086 - INFO - Inserted 288 new rows into generation_mix.
2026-05-24 13:18:08,086 - INFO - Fetching Open-Meteo data from 2025-06-07 to 2025-06-10
2026-05-24 13:18:08,087 - INFO - 📚 Backtest Detected: Routing to Historical Archive API...
2026-05-24 13:18:09,313 - INFO - Inserted 288 new rows into weather_data.
2026-05-24 13:18:14,315 - INFO - Fetching DA prices from 2025-06-10 00:00:00+02:00 to 2025-06-13 00:00:00+02:00
2026-05-24 13:18:15,662 - INFO - Inserted 288 new rows into day_ahead_prices.
2026-05-24 13:18:15,663 - INFO - Fetching actual load from 2025-06-10 00:00:00+02:00 to 2025-06-13 00:00:00+02:00
2026-05-24 13:18:16,789 - INFO - Inserted 288 new rows into actual_load.
2026-05-24 13:18:16,790 - INFO - Fetching generation mix from 2025-06-10 00:00:00+02:00 to 2025-06-13 00:00:00+02:00
2026-05-24 13:18:20,270 - INFO - Inserted 288 new rows into generation_mix.
2026-05-24 13:18:20,271 - INFO - Fetching Open-Meteo data from 2025-06-10 to 2025-06-13
2026-05-24 13:18:20,271 - INFO - 📚 Backtest Detected: Routing to Historical Archive API...
2026-05-24 13:18:21,500 - INFO - Inserted 288 new rows into weather_data.
2026-05-24 13:18:26,502 - INFO - Fetching DA prices from 2025-06-13 00:00:00+02:00 to 2025-06-16 00:00:00+02:00
2026-05-24 13:18:27,848 - INFO - Inserted 288 new rows into day_ahead_prices.
2026-05-24 13:18:27,848 - INFO - Fetching actual load from 2025-06-13 00:00:00+02:00 to 2025-06-16 00:00:00+02:00
2026-05-24 13:18:29,077 - INFO - Inserted 288 new rows into actual_load.
2026-05-24 13:18:29,078 - INFO - Fetching generation mix from 2025-06-13 00:00:00+02:00 to 2025-06-16 00:00:00+02:00
2026-05-24 13:18:32,969 - INFO - Inserted 288 new rows into generation_mix.
2026-05-24 13:18:32,970 - INFO - Fetching Open-Meteo data from 2025-06-13 to 2025-06-16
2026-05-24 13:18:32,970 - INFO - 📚 Backtest Detected: Routing to Historical Archive API...
2026-05-24 13:18:34,811 - INFO - Inserted 288 new rows into weather_data.
2026-05-24 13:18:39,813 - INFO - Fetching DA prices from 2025-06-16 00:00:00+02:00 to 2025-06-19 00:00:00+02:00
2026-05-24 13:18:41,365 - INFO - Inserted 288 new rows into day_ahead_prices.
2026-05-24 13:18:41,366 - INFO - Fetching actual load from 2025-06-16 00:00:00+02:00 to 2025-06-19 00:00:00+02:00
2026-05-24 13:18:42,491 - INFO - Inserted 288 new rows into actual_load.
2026-05-24 13:18:42,492 - INFO - Fetching generation mix from 2025-06-16 00:00:00+02:00 to 2025-06-19 00:00:00+02:00
2026-05-24 13:18:45,871 - INFO - Inserted 288 new rows into generation_mix.
2026-05-24 13:18:45,872 - INFO - Fetching Open-Meteo data from 2025-06-16 to 2025-06-19
2026-05-24 13:18:45,872 - INFO - 📚 Backtest Detected: Routing to Historical Archive API...
2026-05-24 13:18:47,407 - INFO - Inserted 288 new rows into weather_data.
2026-05-24 13:18:52,409 - INFO - Fetching DA prices from 2025-06-19 00:00:00+02:00 to 2025-06-22 00:00:00+02:00
2026-05-24 13:18:53,756 - INFO - Inserted 288 new rows into day_ahead_prices.
2026-05-24 13:18:53,756 - INFO - Fetching actual load from 2025-06-19 00:00:00+02:00 to 2025-06-22 00:00:00+02:00
2026-05-24 13:18:54,985 - INFO - Inserted 288 new rows into actual_load.
2026-05-24 13:18:54,985 - INFO - Fetching generation mix from 2025-06-19 00:00:00+02:00 to 2025-06-22 00:00:00+02:00
2026-05-24 13:18:58,671 - INFO - Inserted 288 new rows into generation_mix.
2026-05-24 13:18:58,672 - INFO - Fetching Open-Meteo data from 2025-06-19 to 2025-06-22
2026-05-24 13:18:58,672 - INFO - 📚 Backtest Detected: Routing to Historical Archive API...
2026-05-24 13:19:00,105 - INFO - Inserted 288 new rows into weather_data.
2026-05-24 13:19:05,108 - INFO - Fetching DA prices from 2025-06-22 00:00:00+02:00 to 2025-06-25 00:00:00+02:00
2026-05-24 13:19:06,411 - INFO - Inserted 288 new rows into day_ahead_prices.
2026-05-24 13:19:06,411 - INFO - Fetching actual load from 2025-06-22 00:00:00+02:00 to 2025-06-25 00:00:00+02:00
2026-05-24 13:19:07,567 - INFO - Inserted 288 new rows into actual_load.
2026-05-24 13:19:07,567 - INFO - Fetching generation mix from 2025-06-22 00:00:00+02:00 to 2025-06-25 00:00:00+02:00
2026-05-24 13:19:10,708 - INFO - Inserted 288 new rows into generation_mix.
2026-05-24 13:19:10,709 - INFO - Fetching Open-Meteo data from 2025-06-22 to 2025-06-25
2026-05-24 13:19:10,709 - INFO - 📚 Backtest Detected: Routing to Historical Archive API...
2026-05-24 13:19:12,393 - INFO - Inserted 288 new rows into weather_data.
2026-05-24 13:19:17,395 - INFO - Fetching DA prices from 2025-06-25 00:00:00+02:00 to 2025-06-28 00:00:00+02:00
2026-05-24 13:19:18,947 - INFO - Inserted 288 new rows into day_ahead_prices.
2026-05-24 13:19:18,947 - INFO - Fetching actual load from 2025-06-25 00:00:00+02:00 to 2025-06-28 00:00:00+02:00
2026-05-24 13:19:20,176 - INFO - Inserted 288 new rows into actual_load.
2026-05-24 13:19:20,176 - INFO - Fetching generation mix from 2025-06-25 00:00:00+02:00 to 2025-06-28 00:00:00+02:00
2026-05-24 13:19:23,555 - INFO - Inserted 288 new rows into generation_mix.
2026-05-24 13:19:23,556 - INFO - Fetching Open-Meteo data from 2025-06-25 to 2025-06-28
2026-05-24 13:19:23,556 - INFO - 📚 Backtest Detected: Routing to Historical Archive API...
2026-05-24 13:19:24,886 - INFO - Inserted 288 new rows into weather_data.
2026-05-24 13:19:29,888 - INFO - Fetching DA prices from 2025-06-28 00:00:00+02:00 to 2025-07-01 00:00:00+02:00
2026-05-24 13:19:31,439 - INFO - Inserted 288 new rows into day_ahead_prices.
2026-05-24 13:19:31,440 - INFO - Fetching actual load from 2025-06-28 00:00:00+02:00 to 2025-07-01 00:00:00+02:00
2026-05-24 13:19:32,566 - INFO - Inserted 288 new rows into actual_load.
2026-05-24 13:19:32,566 - INFO - Fetching generation mix from 2025-06-28 00:00:00+02:00 to 2025-07-01 00:00:00+02:00
2026-05-24 13:19:36,252 - INFO - Inserted 288 new rows into generation_mix.
2026-05-24 13:19:36,253 - INFO - Fetching Open-Meteo data from 2025-06-28 to 2025-07-01
2026-05-24 13:19:36,253 - INFO - 📚 Backtest Detected: Routing to Historical Archive API...
2026-05-24 13:19:37,789 - INFO - Inserted 288 new rows into weather_data.
2026-05-24 13:19:42,791 - INFO - Fetching DA prices from 2025-07-01 00:00:00+02:00 to 2025-07-04 00:00:00+02:00
2026-05-24 13:19:44,035 - INFO - Inserted 288 new rows into day_ahead_prices.
2026-05-24 13:19:44,036 - INFO - Fetching actual load from 2025-07-01 00:00:00+02:00 to 2025-07-04 00:00:00+02:00
2026-05-24 13:19:45,162 - INFO - Inserted 288 new rows into actual_load.
2026-05-24 13:19:45,162 - INFO - Fetching generation mix from 2025-07-01 00:00:00+02:00 to 2025-07-04 00:00:00+02:00
2026-05-24 13:19:48,848 - INFO - Inserted 288 new rows into generation_mix.
2026-05-24 13:19:48,849 - INFO - Fetching Open-Meteo data from 2025-07-01 to 2025-07-04
2026-05-24 13:19:48,849 - INFO - 📚 Backtest Detected: Routing to Historical Archive API...
2026-05-24 13:19:50,180 - INFO - Inserted 288 new rows into weather_data.
2026-05-24 13:19:55,182 - INFO - Fetching DA prices from 2025-07-04 00:00:00+02:00 to 2025-07-07 00:00:00+02:00
2026-05-24 13:19:56,528 - INFO - Inserted 288 new rows into day_ahead_prices.
2026-05-24 13:19:56,529 - INFO - Fetching actual load from 2025-07-04 00:00:00+02:00 to 2025-07-07 00:00:00+02:00
2026-05-24 13:19:57,655 - INFO - Inserted 288 new rows into actual_load.
2026-05-24 13:19:57,655 - INFO - Fetching generation mix from 2025-07-04 00:00:00+02:00 to 2025-07-07 00:00:00+02:00
2026-05-24 13:20:01,136 - INFO - Inserted 288 new rows into generation_mix.
2026-05-24 13:20:01,137 - INFO - Fetching Open-Meteo data from 2025-07-04 to 2025-07-07
2026-05-24 13:20:01,137 - INFO - 📚 Backtest Detected: Routing to Historical Archive API...
2026-05-24 13:20:02,421 - INFO - Inserted 288 new rows into weather_data.
2026-05-24 13:20:07,423 - INFO - Fetching DA prices from 2025-07-07 00:00:00+02:00 to 2025-07-10 00:00:00+02:00
2026-05-24 13:20:15,324 - INFO - Inserted 288 new rows into day_ahead_prices.
2026-05-24 13:20:15,325 - INFO - Fetching actual load from 2025-07-07 00:00:00+02:00 to 2025-07-10 00:00:00+02:00
2026-05-24 13:20:16,452 - INFO - Inserted 288 new rows into actual_load.
2026-05-24 13:20:16,452 - INFO - Fetching generation mix from 2025-07-07 00:00:00+02:00 to 2025-07-10 00:00:00+02:00
2026-05-24 13:20:19,876 - INFO - Inserted 288 new rows into generation_mix.
2026-05-24 13:20:19,877 - INFO - Fetching Open-Meteo data from 2025-07-07 to 2025-07-10
2026-05-24 13:20:19,877 - INFO - 📚 Backtest Detected: Routing to Historical Archive API...
2026-05-24 13:20:21,105 - INFO - Inserted 288 new rows into weather_data.
2026-05-24 13:20:26,106 - INFO - Fetching DA prices from 2025-07-10 00:00:00+02:00 to 2025-07-13 00:00:00+02:00
2026-05-24 13:20:27,453 - INFO - Inserted 288 new rows into day_ahead_prices.
2026-05-24 13:20:27,454 - INFO - Fetching actual load from 2025-07-10 00:00:00+02:00 to 2025-07-13 00:00:00+02:00
2026-05-24 13:20:28,683 - INFO - Inserted 288 new rows into actual_load.
2026-05-24 13:20:28,683 - INFO - Fetching generation mix from 2025-07-10 00:00:00+02:00 to 2025-07-13 00:00:00+02:00
2026-05-24 13:20:32,574 - INFO - Inserted 288 new rows into generation_mix.
2026-05-24 13:20:32,575 - INFO - Fetching Open-Meteo data from 2025-07-10 to 2025-07-13
2026-05-24 13:20:32,575 - INFO - 📚 Backtest Detected: Routing to Historical Archive API...
2026-05-24 13:20:34,110 - INFO - Inserted 288 new rows into weather_data.
2026-05-24 13:20:39,112 - INFO - Fetching DA prices from 2025-07-13 00:00:00+02:00 to 2025-07-16 00:00:00+02:00
2026-05-24 13:20:40,970 - INFO - Inserted 288 new rows into day_ahead_prices.
2026-05-24 13:20:40,971 - INFO - Fetching actual load from 2025-07-13 00:00:00+02:00 to 2025-07-16 00:00:00+02:00
2026-05-24 13:20:42,506 - INFO - Inserted 288 new rows into actual_load.
2026-05-24 13:20:42,507 - INFO - Fetching generation mix from 2025-07-13 00:00:00+02:00 to 2025-07-16 00:00:00+02:00
2026-05-24 13:20:45,681 - INFO - Inserted 288 new rows into generation_mix.
2026-05-24 13:20:45,682 - INFO - Fetching Open-Meteo data from 2025-07-13 to 2025-07-16
2026-05-24 13:20:45,682 - INFO - 📚 Backtest Detected: Routing to Historical Archive API...
2026-05-24 13:20:47,012 - INFO - Inserted 288 new rows into weather_data.
2026-05-24 13:20:52,014 - INFO - Fetching DA prices from 2025-07-16 00:00:00+02:00 to 2025-07-19 00:00:00+02:00
2026-05-24 13:20:53,361 - INFO - Inserted 288 new rows into day_ahead_prices.
2026-05-24 13:20:53,362 - INFO - Fetching actual load from 2025-07-16 00:00:00+02:00 to 2025-07-19 00:00:00+02:00
2026-05-24 13:20:54,897 - INFO - Inserted 288 new rows into actual_load.
2026-05-24 13:20:54,898 - INFO - Fetching generation mix from 2025-07-16 00:00:00+02:00 to 2025-07-19 00:00:00+02:00
2026-05-24 13:20:58,276 - INFO - Inserted 288 new rows into generation_mix.
2026-05-24 13:20:58,277 - INFO - Fetching Open-Meteo data from 2025-07-16 to 2025-07-19
2026-05-24 13:20:58,277 - INFO - 📚 Backtest Detected: Routing to Historical Archive API...
2026-05-24 13:20:59,758 - INFO - Inserted 288 new rows into weather_data.
2026-05-24 13:21:04,760 - INFO - Fetching DA prices from 2025-07-19 00:00:00+02:00 to 2025-07-22 00:00:00+02:00
2026-05-24 13:21:06,366 - INFO - Inserted 288 new rows into day_ahead_prices.
2026-05-24 13:21:06,367 - INFO - Fetching actual load from 2025-07-19 00:00:00+02:00 to 2025-07-22 00:00:00+02:00
2026-05-24 13:21:07,565 - INFO - Inserted 288 new rows into actual_load.
2026-05-24 13:21:07,566 - INFO - Fetching generation mix from 2025-07-19 00:00:00+02:00 to 2025-07-22 00:00:00+02:00
2026-05-24 13:21:10,975 - INFO - Inserted 288 new rows into generation_mix.
2026-05-24 13:21:10,975 - INFO - Fetching Open-Meteo data from 2025-07-19 to 2025-07-22
2026-05-24 13:21:10,976 - INFO - 📚 Backtest Detected: Routing to Historical Archive API...
2026-05-24 13:21:12,614 - INFO - Inserted 288 new rows into weather_data.
2026-05-24 13:21:17,616 - INFO - Fetching DA prices from 2025-07-22 00:00:00+02:00 to 2025-07-25 00:00:00+02:00
2026-05-24 13:21:19,269 - INFO - Inserted 288 new rows into day_ahead_prices.
2026-05-24 13:21:19,269 - INFO - Fetching actual load from 2025-07-22 00:00:00+02:00 to 2025-07-25 00:00:00+02:00
2026-05-24 13:21:20,703 - INFO - Inserted 288 new rows into actual_load.
2026-05-24 13:21:20,703 - INFO - Fetching generation mix from 2025-07-22 00:00:00+02:00 to 2025-07-25 00:00:00+02:00
2026-05-24 13:21:23,550 - INFO - Inserted 288 new rows into generation_mix.
2026-05-24 13:21:23,551 - INFO - Fetching Open-Meteo data from 2025-07-22 to 2025-07-25
2026-05-24 13:21:23,551 - INFO - 📚 Backtest Detected: Routing to Historical Archive API...
2026-05-24 13:21:24,609 - INFO - Inserted 288 new rows into weather_data.
2026-05-24 13:21:29,611 - INFO - Fetching DA prices from 2025-07-25 00:00:00+02:00 to 2025-07-28 00:00:00+02:00
2026-05-24 13:21:31,147 - INFO - Inserted 288 new rows into day_ahead_prices.
2026-05-24 13:21:31,148 - INFO - Fetching actual load from 2025-07-25 00:00:00+02:00 to 2025-07-28 00:00:00+02:00
2026-05-24 13:21:32,274 - INFO - Inserted 288 new rows into actual_load.
2026-05-24 13:21:32,274 - INFO - Fetching generation mix from 2025-07-25 00:00:00+02:00 to 2025-07-28 00:00:00+02:00
2026-05-24 13:21:35,653 - INFO - Inserted 288 new rows into generation_mix.
2026-05-24 13:21:35,654 - INFO - Fetching Open-Meteo data from 2025-07-25 to 2025-07-28
2026-05-24 13:21:35,654 - INFO - 📚 Backtest Detected: Routing to Historical Archive API...
2026-05-24 13:21:36,984 - INFO - Inserted 288 new rows into weather_data.
2026-05-24 13:21:41,986 - INFO - Fetching DA prices from 2025-07-28 00:00:00+02:00 to 2025-07-31 00:00:00+02:00
2026-05-24 13:21:43,435 - INFO - Inserted 288 new rows into day_ahead_prices.
2026-05-24 13:21:43,436 - INFO - Fetching actual load from 2025-07-28 00:00:00+02:00 to 2025-07-31 00:00:00+02:00
2026-05-24 13:21:44,869 - INFO - Inserted 288 new rows into actual_load.
2026-05-24 13:21:44,870 - INFO - Fetching generation mix from 2025-07-28 00:00:00+02:00 to 2025-07-31 00:00:00+02:00
2026-05-24 13:21:47,941 - INFO - Inserted 288 new rows into generation_mix.
2026-05-24 13:21:47,941 - INFO - Fetching Open-Meteo data from 2025-07-28 to 2025-07-31
2026-05-24 13:21:47,942 - INFO - 📚 Backtest Detected: Routing to Historical Archive API...
2026-05-24 13:21:49,067 - INFO - Inserted 288 new rows into weather_data.
2026-05-24 13:21:54,070 - INFO - Fetching DA prices from 2025-07-31 00:00:00+02:00 to 2025-08-03 00:00:00+02:00
2026-05-24 13:21:55,519 - INFO - Inserted 288 new rows into day_ahead_prices.
2026-05-24 13:21:55,519 - INFO - Fetching actual load from 2025-07-31 00:00:00+02:00 to 2025-08-03 00:00:00+02:00
2026-05-24 13:21:56,645 - INFO - Inserted 288 new rows into actual_load.
2026-05-24 13:21:56,646 - INFO - Fetching generation mix from 2025-07-31 00:00:00+02:00 to 2025-08-03 00:00:00+02:00
2026-05-24 13:22:00,230 - INFO - Inserted 288 new rows into generation_mix.
2026-05-24 13:22:00,231 - INFO - Fetching Open-Meteo data from 2025-07-31 to 2025-08-03
2026-05-24 13:22:00,231 - INFO - 📚 Backtest Detected: Routing to Historical Archive API...
2026-05-24 13:22:01,070 - INFO - Inserted 288 new rows into weather_data.
2026-05-24 13:22:06,073 - INFO - Fetching DA prices from 2025-08-03 00:00:00+02:00 to 2025-08-06 00:00:00+02:00
2026-05-24 13:22:07,500 - INFO - Inserted 288 new rows into day_ahead_prices.
2026-05-24 13:22:07,500 - INFO - Fetching actual load from 2025-08-03 00:00:00+02:00 to 2025-08-06 00:00:00+02:00
2026-05-24 13:22:08,626 - INFO - Inserted 288 new rows into actual_load.
2026-05-24 13:22:08,626 - INFO - Fetching generation mix from 2025-08-03 00:00:00+02:00 to 2025-08-06 00:00:00+02:00
2026-05-24 13:22:12,005 - INFO - Inserted 288 new rows into generation_mix.
2026-05-24 13:22:12,006 - INFO - Fetching Open-Meteo data from 2025-08-03 to 2025-08-06
2026-05-24 13:22:12,006 - INFO - 📚 Backtest Detected: Routing to Historical Archive API...
2026-05-24 13:22:13,440 - INFO - Inserted 288 new rows into weather_data.
2026-05-24 13:22:18,442 - INFO - Fetching DA prices from 2025-08-06 00:00:00+02:00 to 2025-08-09 00:00:00+02:00
2026-05-24 13:22:19,890 - INFO - Inserted 288 new rows into day_ahead_prices.
2026-05-24 13:22:19,891 - INFO - Fetching actual load from 2025-08-06 00:00:00+02:00 to 2025-08-09 00:00:00+02:00
2026-05-24 13:22:21,120 - INFO - Inserted 288 new rows into actual_load.
2026-05-24 13:22:21,120 - INFO - Fetching generation mix from 2025-08-06 00:00:00+02:00 to 2025-08-09 00:00:00+02:00
2026-05-24 13:22:24,133 - INFO - Inserted 288 new rows into generation_mix.
2026-05-24 13:22:24,134 - INFO - Fetching Open-Meteo data from 2025-08-06 to 2025-08-09
2026-05-24 13:22:24,134 - INFO - 📚 Backtest Detected: Routing to Historical Archive API...
2026-05-24 13:22:25,318 - INFO - Inserted 288 new rows into weather_data.
2026-05-24 13:22:30,319 - INFO - Fetching DA prices from 2025-08-09 00:00:00+02:00 to 2025-08-12 00:00:00+02:00
2026-05-24 13:22:31,666 - INFO - Inserted 288 new rows into day_ahead_prices.
2026-05-24 13:22:31,667 - INFO - Fetching actual load from 2025-08-09 00:00:00+02:00 to 2025-08-12 00:00:00+02:00
2026-05-24 13:22:32,998 - INFO - Inserted 288 new rows into actual_load.
2026-05-24 13:22:32,999 - INFO - Fetching generation mix from 2025-08-09 00:00:00+02:00 to 2025-08-12 00:00:00+02:00
2026-05-24 13:22:36,582 - INFO - Inserted 288 new rows into generation_mix.
2026-05-24 13:22:36,583 - INFO - Fetching Open-Meteo data from 2025-08-09 to 2025-08-12
2026-05-24 13:22:36,583 - INFO - 📚 Backtest Detected: Routing to Historical Archive API...
2026-05-24 13:22:38,119 - INFO - Inserted 288 new rows into weather_data.
2026-05-24 13:22:43,121 - INFO - Fetching DA prices from 2025-08-12 00:00:00+02:00 to 2025-08-15 00:00:00+02:00
2026-05-24 13:22:44,467 - INFO - Inserted 288 new rows into day_ahead_prices.
2026-05-24 13:22:44,468 - INFO - Fetching actual load from 2025-08-12 00:00:00+02:00 to 2025-08-15 00:00:00+02:00
2026-05-24 13:22:45,695 - INFO - Inserted 288 new rows into actual_load.
2026-05-24 13:22:45,696 - INFO - Fetching generation mix from 2025-08-12 00:00:00+02:00 to 2025-08-15 00:00:00+02:00
2026-05-24 13:22:49,848 - INFO - Inserted 288 new rows into generation_mix.
2026-05-24 13:22:49,848 - INFO - Fetching Open-Meteo data from 2025-08-12 to 2025-08-15
2026-05-24 13:22:49,849 - INFO - 📚 Backtest Detected: Routing to Historical Archive API...
2026-05-24 13:22:51,123 - INFO - Inserted 288 new rows into weather_data.
2026-05-24 13:22:56,125 - INFO - Fetching DA prices from 2025-08-15 00:00:00+02:00 to 2025-08-18 00:00:00+02:00
2026-05-24 13:22:57,472 - INFO - Inserted 288 new rows into day_ahead_prices.
2026-05-24 13:22:57,472 - INFO - Fetching actual load from 2025-08-15 00:00:00+02:00 to 2025-08-18 00:00:00+02:00
2026-05-24 13:22:58,553 - INFO - Inserted 288 new rows into actual_load.
2026-05-24 13:22:58,553 - INFO - Fetching generation mix from 2025-08-15 00:00:00+02:00 to 2025-08-18 00:00:00+02:00
2026-05-24 13:23:01,978 - INFO - Inserted 288 new rows into generation_mix.
2026-05-24 13:23:01,979 - INFO - Fetching Open-Meteo data from 2025-08-15 to 2025-08-18
2026-05-24 13:23:01,979 - INFO - 📚 Backtest Detected: Routing to Historical Archive API...
2026-05-24 13:23:03,411 - INFO - Inserted 288 new rows into weather_data.
2026-05-24 13:23:08,413 - INFO - Fetching DA prices from 2025-08-18 00:00:00+02:00 to 2025-08-21 00:00:00+02:00
2026-05-24 13:23:09,760 - INFO - Inserted 288 new rows into day_ahead_prices.
2026-05-24 13:23:09,760 - INFO - Fetching actual load from 2025-08-18 00:00:00+02:00 to 2025-08-21 00:00:00+02:00
2026-05-24 13:23:11,193 - INFO - Inserted 288 new rows into actual_load.
2026-05-24 13:23:11,194 - INFO - Fetching generation mix from 2025-08-18 00:00:00+02:00 to 2025-08-21 00:00:00+02:00
2026-05-24 13:23:14,675 - INFO - Inserted 288 new rows into generation_mix.
2026-05-24 13:23:14,676 - INFO - Fetching Open-Meteo data from 2025-08-18 to 2025-08-21
2026-05-24 13:23:14,676 - INFO - 📚 Backtest Detected: Routing to Historical Archive API...
2026-05-24 13:23:16,006 - INFO - Inserted 288 new rows into weather_data.
2026-05-24 13:23:21,008 - INFO - Fetching DA prices from 2025-08-21 00:00:00+02:00 to 2025-08-24 00:00:00+02:00
2026-05-24 13:23:22,560 - INFO - Inserted 288 new rows into day_ahead_prices.
2026-05-24 13:23:22,560 - INFO - Fetching actual load from 2025-08-21 00:00:00+02:00 to 2025-08-24 00:00:00+02:00
2026-05-24 13:23:23,687 - INFO - Inserted 288 new rows into actual_load.
2026-05-24 13:23:23,687 - INFO - Fetching generation mix from 2025-08-21 00:00:00+02:00 to 2025-08-24 00:00:00+02:00
2026-05-24 13:23:26,963 - INFO - Inserted 288 new rows into generation_mix.
2026-05-24 13:23:26,964 - INFO - Fetching Open-Meteo data from 2025-08-21 to 2025-08-24
2026-05-24 13:23:26,964 - INFO - 📚 Backtest Detected: Routing to Historical Archive API...
2026-05-24 13:23:28,294 - INFO - Inserted 288 new rows into weather_data.
2026-05-24 13:23:33,297 - INFO - Fetching DA prices from 2025-08-24 00:00:00+02:00 to 2025-08-27 00:00:00+02:00
2026-05-24 13:23:34,643 - INFO - Inserted 288 new rows into day_ahead_prices.
2026-05-24 13:23:34,644 - INFO - Fetching actual load from 2025-08-24 00:00:00+02:00 to 2025-08-27 00:00:00+02:00
2026-05-24 13:23:35,770 - INFO - Inserted 288 new rows into actual_load.
2026-05-24 13:23:35,770 - INFO - Fetching generation mix from 2025-08-24 00:00:00+02:00 to 2025-08-27 00:00:00+02:00
2026-05-24 13:23:39,150 - INFO - Inserted 288 new rows into generation_mix.
2026-05-24 13:23:39,150 - INFO - Fetching Open-Meteo data from 2025-08-24 to 2025-08-27
2026-05-24 13:23:39,151 - INFO - 📚 Backtest Detected: Routing to Historical Archive API...
2026-05-24 13:23:40,582 - INFO - Inserted 288 new rows into weather_data.
2026-05-24 13:23:45,585 - INFO - Fetching DA prices from 2025-08-27 00:00:00+02:00 to 2025-08-30 00:00:00+02:00
2026-05-24 13:23:47,034 - INFO - Inserted 288 new rows into day_ahead_prices.
2026-05-24 13:23:47,034 - INFO - Fetching actual load from 2025-08-27 00:00:00+02:00 to 2025-08-30 00:00:00+02:00
2026-05-24 13:23:48,365 - INFO - Inserted 288 new rows into actual_load.
2026-05-24 13:23:48,365 - INFO - Fetching generation mix from 2025-08-27 00:00:00+02:00 to 2025-08-30 00:00:00+02:00
2026-05-24 13:23:51,746 - INFO - Inserted 288 new rows into generation_mix.
2026-05-24 13:23:51,747 - INFO - Fetching Open-Meteo data from 2025-08-27 to 2025-08-30
2026-05-24 13:23:51,747 - INFO - 📚 Backtest Detected: Routing to Historical Archive API...
2026-05-24 13:23:53,281 - INFO - Inserted 288 new rows into weather_data.
2026-05-24 13:23:58,283 - INFO - Fetching DA prices from 2025-08-30 00:00:00+02:00 to 2025-09-02 00:00:00+02:00
2026-05-24 13:23:59,630 - INFO - Inserted 288 new rows into day_ahead_prices.
2026-05-24 13:23:59,630 - INFO - Fetching actual load from 2025-08-30 00:00:00+02:00 to 2025-09-02 00:00:00+02:00
2026-05-24 13:24:00,756 - INFO - Inserted 288 new rows into actual_load.
2026-05-24 13:24:00,756 - INFO - Fetching generation mix from 2025-08-30 00:00:00+02:00 to 2025-09-02 00:00:00+02:00
2026-05-24 13:24:04,238 - INFO - Inserted 288 new rows into generation_mix.
2026-05-24 13:24:04,239 - INFO - Fetching Open-Meteo data from 2025-08-30 to 2025-09-02
2026-05-24 13:24:04,239 - INFO - 📚 Backtest Detected: Routing to Historical Archive API...
2026-05-24 13:24:05,568 - INFO - Inserted 288 new rows into weather_data.
2026-05-24 13:24:10,571 - INFO - Fetching DA prices from 2025-09-02 00:00:00+02:00 to 2025-09-05 00:00:00+02:00
2026-05-24 13:24:11,917 - INFO - Inserted 288 new rows into day_ahead_prices.
2026-05-24 13:24:11,918 - INFO - Fetching actual load from 2025-09-02 00:00:00+02:00 to 2025-09-05 00:00:00+02:00
2026-05-24 13:24:13,147 - INFO - Inserted 288 new rows into actual_load.
2026-05-24 13:24:13,147 - INFO - Fetching generation mix from 2025-09-02 00:00:00+02:00 to 2025-09-05 00:00:00+02:00
2026-05-24 13:24:16,936 - INFO - Inserted 288 new rows into generation_mix.
2026-05-24 13:24:16,936 - INFO - Fetching Open-Meteo data from 2025-09-02 to 2025-09-05
2026-05-24 13:24:16,937 - INFO - 📚 Backtest Detected: Routing to Historical Archive API...
2026-05-24 13:24:18,369 - INFO - Inserted 288 new rows into weather_data.
2026-05-24 13:24:23,371 - INFO - Fetching DA prices from 2025-09-05 00:00:00+02:00 to 2025-09-08 00:00:00+02:00
2026-05-24 13:24:24,810 - INFO - Inserted 288 new rows into day_ahead_prices.
2026-05-24 13:24:24,810 - INFO - Fetching actual load from 2025-09-05 00:00:00+02:00 to 2025-09-08 00:00:00+02:00
2026-05-24 13:24:26,152 - INFO - Inserted 288 new rows into actual_load.
2026-05-24 13:24:26,152 - INFO - Fetching generation mix from 2025-09-05 00:00:00+02:00 to 2025-09-08 00:00:00+02:00
2026-05-24 13:24:30,554 - INFO - Inserted 288 new rows into generation_mix.
2026-05-24 13:24:30,555 - INFO - Fetching Open-Meteo data from 2025-09-05 to 2025-09-08
2026-05-24 13:24:30,555 - INFO - 📚 Backtest Detected: Routing to Historical Archive API...
2026-05-24 13:24:31,886 - INFO - Inserted 288 new rows into weather_data.
2026-05-24 13:24:36,888 - INFO - Fetching DA prices from 2025-09-08 00:00:00+02:00 to 2025-09-11 00:00:00+02:00
2026-05-24 13:24:38,235 - INFO - Inserted 288 new rows into day_ahead_prices.
2026-05-24 13:24:38,235 - INFO - Fetching actual load from 2025-09-08 00:00:00+02:00 to 2025-09-11 00:00:00+02:00
2026-05-24 13:24:39,362 - INFO - Inserted 288 new rows into actual_load.
2026-05-24 13:24:39,362 - INFO - Fetching generation mix from 2025-09-08 00:00:00+02:00 to 2025-09-11 00:00:00+02:00
2026-05-24 13:24:43,150 - INFO - Inserted 288 new rows into generation_mix.
2026-05-24 13:24:43,150 - INFO - Fetching Open-Meteo data from 2025-09-08 to 2025-09-11
2026-05-24 13:24:43,151 - INFO - 📚 Backtest Detected: Routing to Historical Archive API...
2026-05-24 13:24:44,433 - INFO - Inserted 288 new rows into weather_data.
2026-05-24 13:24:49,435 - INFO - Fetching DA prices from 2025-09-11 00:00:00+02:00 to 2025-09-14 00:00:00+02:00
2026-05-24 13:24:50,626 - INFO - Inserted 288 new rows into day_ahead_prices.
2026-05-24 13:24:50,626 - INFO - Fetching actual load from 2025-09-11 00:00:00+02:00 to 2025-09-14 00:00:00+02:00
2026-05-24 13:24:51,752 - INFO - Inserted 288 new rows into actual_load.
2026-05-24 13:24:51,752 - INFO - Fetching generation mix from 2025-09-11 00:00:00+02:00 to 2025-09-14 00:00:00+02:00
2026-05-24 13:24:55,131 - INFO - Inserted 288 new rows into generation_mix.
2026-05-24 13:24:55,132 - INFO - Fetching Open-Meteo data from 2025-09-11 to 2025-09-14
2026-05-24 13:24:55,132 - INFO - 📚 Backtest Detected: Routing to Historical Archive API...
2026-05-24 13:24:56,425 - INFO - Inserted 288 new rows into weather_data.
2026-05-24 13:25:01,428 - INFO - Fetching DA prices from 2025-09-14 00:00:00+02:00 to 2025-09-17 00:00:00+02:00
2026-05-24 13:25:06,804 - INFO - Inserted 288 new rows into day_ahead_prices.
2026-05-24 13:25:06,805 - INFO - Fetching actual load from 2025-09-14 00:00:00+02:00 to 2025-09-17 00:00:00+02:00
2026-05-24 13:25:08,341 - INFO - Inserted 288 new rows into actual_load.
2026-05-24 13:25:08,341 - INFO - Fetching generation mix from 2025-09-14 00:00:00+02:00 to 2025-09-17 00:00:00+02:00
2026-05-24 13:25:12,743 - INFO - Inserted 288 new rows into generation_mix.
2026-05-24 13:25:12,744 - INFO - Fetching Open-Meteo data from 2025-09-14 to 2025-09-17
2026-05-24 13:25:12,744 - INFO - 📚 Backtest Detected: Routing to Historical Archive API...
2026-05-24 13:25:14,075 - INFO - Inserted 288 new rows into weather_data.
2026-05-24 13:25:19,077 - INFO - Fetching DA prices from 2025-09-17 00:00:00+02:00 to 2025-09-20 00:00:00+02:00
2026-05-24 13:25:20,527 - INFO - Inserted 288 new rows into day_ahead_prices.
2026-05-24 13:25:20,527 - INFO - Fetching actual load from 2025-09-17 00:00:00+02:00 to 2025-09-20 00:00:00+02:00
2026-05-24 13:25:21,858 - INFO - Inserted 288 new rows into actual_load.
2026-05-24 13:25:21,858 - INFO - Fetching generation mix from 2025-09-17 00:00:00+02:00 to 2025-09-20 00:00:00+02:00
2026-05-24 13:25:25,647 - INFO - Inserted 288 new rows into generation_mix.
2026-05-24 13:25:25,648 - INFO - Fetching Open-Meteo data from 2025-09-17 to 2025-09-20
2026-05-24 13:25:25,648 - INFO - 📚 Backtest Detected: Routing to Historical Archive API...
2026-05-24 13:25:26,978 - INFO - Inserted 288 new rows into weather_data.
2026-05-24 13:25:31,980 - INFO - Fetching DA prices from 2025-09-20 00:00:00+02:00 to 2025-09-23 00:00:00+02:00
2026-05-24 13:25:33,326 - INFO - Inserted 288 new rows into day_ahead_prices.
2026-05-24 13:25:33,327 - INFO - Fetching actual load from 2025-09-20 00:00:00+02:00 to 2025-09-23 00:00:00+02:00
2026-05-24 13:25:34,555 - INFO - Inserted 288 new rows into actual_load.
2026-05-24 13:25:34,556 - INFO - Fetching generation mix from 2025-09-20 00:00:00+02:00 to 2025-09-23 00:00:00+02:00
2026-05-24 13:25:38,139 - INFO - Inserted 288 new rows into generation_mix.
2026-05-24 13:25:38,140 - INFO - Fetching Open-Meteo data from 2025-09-20 to 2025-09-23
2026-05-24 13:25:38,141 - INFO - 📚 Backtest Detected: Routing to Historical Archive API...
2026-05-24 13:25:39,470 - INFO - Inserted 288 new rows into weather_data.
2026-05-24 13:25:44,473 - INFO - Fetching DA prices from 2025-09-23 00:00:00+02:00 to 2025-09-26 00:00:00+02:00
2026-05-24 13:25:45,819 - INFO - Inserted 288 new rows into day_ahead_prices.
2026-05-24 13:25:45,820 - INFO - Fetching actual load from 2025-09-23 00:00:00+02:00 to 2025-09-26 00:00:00+02:00
2026-05-24 13:25:47,048 - INFO - Inserted 288 new rows into actual_load.
2026-05-24 13:25:47,049 - INFO - Fetching generation mix from 2025-09-23 00:00:00+02:00 to 2025-09-26 00:00:00+02:00
2026-05-24 13:25:51,144 - INFO - Inserted 288 new rows into generation_mix.
2026-05-24 13:25:51,145 - INFO - Fetching Open-Meteo data from 2025-09-23 to 2025-09-26
2026-05-24 13:25:51,145 - INFO - 📚 Backtest Detected: Routing to Historical Archive API...
2026-05-24 13:25:52,373 - INFO - Inserted 288 new rows into weather_data.
2026-05-24 13:25:57,375 - INFO - Fetching DA prices from 2025-09-26 00:00:00+02:00 to 2025-09-29 00:00:00+02:00
2026-05-24 13:25:58,779 - INFO - Inserted 288 new rows into day_ahead_prices.
2026-05-24 13:25:58,779 - INFO - Fetching actual load from 2025-09-26 00:00:00+02:00 to 2025-09-29 00:00:00+02:00
2026-05-24 13:25:59,848 - INFO - Inserted 288 new rows into actual_load.
2026-05-24 13:25:59,849 - INFO - Fetching generation mix from 2025-09-26 00:00:00+02:00 to 2025-09-29 00:00:00+02:00
2026-05-24 13:26:03,535 - INFO - Inserted 288 new rows into generation_mix.
2026-05-24 13:26:03,535 - INFO - Fetching Open-Meteo data from 2025-09-26 to 2025-09-29
2026-05-24 13:26:03,536 - INFO - 📚 Backtest Detected: Routing to Historical Archive API...
2026-05-24 13:26:05,276 - INFO - Inserted 288 new rows into weather_data.
2026-05-24 13:26:10,278 - INFO - Fetching DA prices from 2025-09-29 00:00:00+02:00 to 2025-10-02 00:00:00+02:00
2026-05-24 13:26:11,931 - INFO - Inserted 288 new rows into day_ahead_prices.
2026-05-24 13:26:11,932 - INFO - Fetching actual load from 2025-09-29 00:00:00+02:00 to 2025-10-02 00:00:00+02:00
2026-05-24 13:26:13,161 - INFO - Inserted 288 new rows into actual_load.
2026-05-24 13:26:13,161 - INFO - Fetching generation mix from 2025-09-29 00:00:00+02:00 to 2025-10-02 00:00:00+02:00
2026-05-24 13:26:17,563 - INFO - Inserted 288 new rows into generation_mix.
2026-05-24 13:26:17,564 - INFO - Fetching Open-Meteo data from 2025-09-29 to 2025-10-02
2026-05-24 13:26:17,564 - INFO - 📚 Backtest Detected: Routing to Historical Archive API...
2026-05-24 13:26:18,896 - INFO - Inserted 288 new rows into weather_data.
2026-05-24 13:26:23,898 - INFO - Fetching DA prices from 2025-10-02 00:00:00+02:00 to 2025-10-05 00:00:00+02:00
2026-05-24 13:26:25,321 - INFO - Inserted 288 new rows into day_ahead_prices.
2026-05-24 13:26:25,322 - INFO - Fetching actual load from 2025-10-02 00:00:00+02:00 to 2025-10-05 00:00:00+02:00
2026-05-24 13:26:26,576 - INFO - Inserted 288 new rows into actual_load.
2026-05-24 13:26:26,576 - INFO - Fetching generation mix from 2025-10-02 00:00:00+02:00 to 2025-10-05 00:00:00+02:00
2026-05-24 13:26:30,261 - INFO - Inserted 288 new rows into generation_mix.
2026-05-24 13:26:30,262 - INFO - Fetching Open-Meteo data from 2025-10-02 to 2025-10-05
2026-05-24 13:26:30,262 - INFO - 📚 Backtest Detected: Routing to Historical Archive API...
2026-05-24 13:26:31,797 - INFO - Inserted 288 new rows into weather_data.
2026-05-24 13:26:36,800 - INFO - Fetching DA prices from 2025-10-05 00:00:00+02:00 to 2025-10-08 00:00:00+02:00
2026-05-24 13:26:38,249 - INFO - Inserted 288 new rows into day_ahead_prices.
2026-05-24 13:26:38,249 - INFO - Fetching actual load from 2025-10-05 00:00:00+02:00 to 2025-10-08 00:00:00+02:00
2026-05-24 13:26:39,477 - INFO - Inserted 288 new rows into actual_load.
2026-05-24 13:26:39,478 - INFO - Fetching generation mix from 2025-10-05 00:00:00+02:00 to 2025-10-08 00:00:00+02:00
2026-05-24 13:26:43,164 - INFO - Inserted 288 new rows into generation_mix.
2026-05-24 13:26:43,165 - INFO - Fetching Open-Meteo data from 2025-10-05 to 2025-10-08
2026-05-24 13:26:43,165 - INFO - 📚 Backtest Detected: Routing to Historical Archive API...
2026-05-24 13:26:44,504 - INFO - Inserted 288 new rows into weather_data.
2026-05-24 13:26:49,506 - INFO - Fetching DA prices from 2025-10-08 00:00:00+02:00 to 2025-10-11 00:00:00+02:00
2026-05-24 13:26:50,947 - INFO - Inserted 288 new rows into day_ahead_prices.
2026-05-24 13:26:50,947 - INFO - Fetching actual load from 2025-10-08 00:00:00+02:00 to 2025-10-11 00:00:00+02:00
2026-05-24 13:26:52,176 - INFO - Inserted 288 new rows into actual_load.
2026-05-24 13:26:52,176 - INFO - Fetching generation mix from 2025-10-08 00:00:00+02:00 to 2025-10-11 00:00:00+02:00
2026-05-24 13:26:55,761 - INFO - Inserted 288 new rows into generation_mix.
2026-05-24 13:26:55,762 - INFO - Fetching Open-Meteo data from 2025-10-08 to 2025-10-11
2026-05-24 13:26:55,762 - INFO - 📚 Backtest Detected: Routing to Historical Archive API...
2026-05-24 13:26:57,090 - INFO - Inserted 288 new rows into weather_data.
2026-05-24 13:27:02,093 - INFO - Fetching DA prices from 2025-10-11 00:00:00+02:00 to 2025-10-14 00:00:00+02:00
2026-05-24 13:27:03,849 - INFO - Inserted 288 new rows into day_ahead_prices.
2026-05-24 13:27:03,849 - INFO - Fetching actual load from 2025-10-11 00:00:00+02:00 to 2025-10-14 00:00:00+02:00
2026-05-24 13:27:05,078 - INFO - Inserted 288 new rows into actual_load.
2026-05-24 13:27:05,079 - INFO - Fetching generation mix from 2025-10-11 00:00:00+02:00 to 2025-10-14 00:00:00+02:00
2026-05-24 13:27:09,174 - INFO - Inserted 288 new rows into generation_mix.
2026-05-24 13:27:09,174 - INFO - Fetching Open-Meteo data from 2025-10-11 to 2025-10-14
2026-05-24 13:27:09,175 - INFO - 📚 Backtest Detected: Routing to Historical Archive API...
2026-05-24 13:27:10,403 - INFO - Inserted 288 new rows into weather_data.
2026-05-24 13:27:15,405 - INFO - Fetching DA prices from 2025-10-14 00:00:00+02:00 to 2025-10-17 00:00:00+02:00
2026-05-24 13:27:16,957 - INFO - Inserted 288 new rows into day_ahead_prices.
2026-05-24 13:27:16,957 - INFO - Fetching actual load from 2025-10-14 00:00:00+02:00 to 2025-10-17 00:00:00+02:00
2026-05-24 13:27:18,185 - INFO - Inserted 288 new rows into actual_load.
2026-05-24 13:27:18,186 - INFO - Fetching generation mix from 2025-10-14 00:00:00+02:00 to 2025-10-17 00:00:00+02:00
2026-05-24 13:27:21,677 - INFO - Inserted 288 new rows into generation_mix.
2026-05-24 13:27:21,677 - INFO - Fetching Open-Meteo data from 2025-10-14 to 2025-10-17
2026-05-24 13:27:21,678 - INFO - 📚 Backtest Detected: Routing to Historical Archive API...
2026-05-24 13:27:22,998 - INFO - Inserted 288 new rows into weather_data.
2026-05-24 13:27:28,000 - INFO - Fetching DA prices from 2025-10-17 00:00:00+02:00 to 2025-10-20 00:00:00+02:00
2026-05-24 13:27:29,449 - INFO - Inserted 288 new rows into day_ahead_prices.
2026-05-24 13:27:29,450 - INFO - Fetching actual load from 2025-10-17 00:00:00+02:00 to 2025-10-20 00:00:00+02:00
2026-05-24 13:27:30,680 - INFO - Inserted 288 new rows into actual_load.
2026-05-24 13:27:30,680 - INFO - Fetching generation mix from 2025-10-17 00:00:00+02:00 to 2025-10-20 00:00:00+02:00
2026-05-24 13:27:33,991 - INFO - Inserted 288 new rows into generation_mix.
2026-05-24 13:27:33,992 - INFO - Fetching Open-Meteo data from 2025-10-17 to 2025-10-20
2026-05-24 13:27:33,993 - INFO - 📚 Backtest Detected: Routing to Historical Archive API...
2026-05-24 13:27:35,696 - INFO - Inserted 288 new rows into weather_data.
2026-05-24 13:27:40,698 - INFO - Fetching DA prices from 2025-10-20 00:00:00+02:00 to 2025-10-23 00:00:00+02:00
2026-05-24 13:27:42,153 - INFO - Inserted 288 new rows into day_ahead_prices.
2026-05-24 13:27:42,154 - INFO - Fetching actual load from 2025-10-20 00:00:00+02:00 to 2025-10-23 00:00:00+02:00
2026-05-24 13:27:43,698 - INFO - Inserted 288 new rows into actual_load.
2026-05-24 13:27:43,698 - INFO - Fetching generation mix from 2025-10-20 00:00:00+02:00 to 2025-10-23 00:00:00+02:00
2026-05-24 13:27:47,574 - INFO - Inserted 288 new rows into generation_mix.
2026-05-24 13:27:47,575 - INFO - Fetching Open-Meteo data from 2025-10-20 to 2025-10-23
2026-05-24 13:27:47,575 - INFO - 📚 Backtest Detected: Routing to Historical Archive API...
2026-05-24 13:27:48,906 - INFO - Inserted 288 new rows into weather_data.
2026-05-24 13:27:53,907 - INFO - Fetching DA prices from 2025-10-23 00:00:00+02:00 to 2025-10-26 00:00:00+02:00
2026-05-24 13:27:55,460 - INFO - Inserted 288 new rows into day_ahead_prices.
2026-05-24 13:27:55,460 - INFO - Fetching actual load from 2025-10-23 00:00:00+02:00 to 2025-10-26 00:00:00+02:00
2026-05-24 13:27:56,585 - INFO - Inserted 288 new rows into actual_load.
2026-05-24 13:27:56,586 - INFO - Fetching generation mix from 2025-10-23 00:00:00+02:00 to 2025-10-26 00:00:00+02:00
2026-05-24 13:28:00,682 - INFO - Inserted 288 new rows into generation_mix.
2026-05-24 13:28:00,683 - INFO - Fetching Open-Meteo data from 2025-10-23 to 2025-10-26
2026-05-24 13:28:00,683 - INFO - 📚 Backtest Detected: Routing to Historical Archive API...
2026-05-24 13:28:02,013 - INFO - Inserted 284 new rows into weather_data.
2026-05-24 13:28:07,016 - INFO - Fetching DA prices from 2025-10-26 00:00:00+02:00 to 2025-10-28 00:00:00+01:00
2026-05-24 13:28:08,362 - INFO - Inserted 192 new rows into day_ahead_prices.
2026-05-24 13:28:08,362 - INFO - Fetching actual load from 2025-10-26 00:00:00+02:00 to 2025-10-28 00:00:00+01:00
2026-05-24 13:28:09,590 - INFO - Inserted 192 new rows into actual_load.
2026-05-24 13:28:09,591 - INFO - Fetching generation mix from 2025-10-26 00:00:00+02:00 to 2025-10-28 00:00:00+01:00
2026-05-24 13:28:12,765 - INFO - Inserted 192 new rows into generation_mix.
2026-05-24 13:28:12,766 - INFO - Fetching Open-Meteo data from 2025-10-26 to 2025-10-28
2026-05-24 13:28:12,766 - INFO - 📚 Backtest Detected: Routing to Historical Archive API...
2026-05-24 13:28:14,301 - INFO - Inserted 192 new rows into weather_data.
2026-05-24 13:28:19,304 - INFO - Fetching DA prices from 2025-10-28 00:00:00+01:00 to 2025-10-31 00:00:00+01:00
2026-05-24 13:28:20,855 - INFO - Inserted 288 new rows into day_ahead_prices.
2026-05-24 13:28:20,855 - INFO - Fetching actual load from 2025-10-28 00:00:00+01:00 to 2025-10-31 00:00:00+01:00
2026-05-24 13:28:22,186 - INFO - Inserted 288 new rows into actual_load.
2026-05-24 13:28:22,186 - INFO - Fetching generation mix from 2025-10-28 00:00:00+01:00 to 2025-10-31 00:00:00+01:00
2026-05-24 13:28:25,691 - INFO - Inserted 288 new rows into generation_mix.
2026-05-24 13:28:25,692 - INFO - Fetching Open-Meteo data from 2025-10-28 to 2025-10-31
2026-05-24 13:28:25,692 - INFO - 📚 Backtest Detected: Routing to Historical Archive API...
2026-05-24 13:28:26,691 - INFO - Inserted 288 new rows into weather_data.
2026-05-24 13:28:31,693 - INFO - Fetching DA prices from 2025-10-31 00:00:00+01:00 to 2025-11-03 00:00:00+01:00
2026-05-24 13:28:33,040 - INFO - Inserted 288 new rows into day_ahead_prices.
2026-05-24 13:28:33,041 - INFO - Fetching actual load from 2025-10-31 00:00:00+01:00 to 2025-11-03 00:00:00+01:00
2026-05-24 13:28:34,167 - INFO - Inserted 288 new rows into actual_load.
2026-05-24 13:28:34,167 - INFO - Fetching generation mix from 2025-10-31 00:00:00+01:00 to 2025-11-03 00:00:00+01:00
2026-05-24 13:28:38,570 - INFO - Inserted 288 new rows into generation_mix.
2026-05-24 13:28:38,570 - INFO - Fetching Open-Meteo data from 2025-10-31 to 2025-11-03
2026-05-24 13:28:38,571 - INFO - 📚 Backtest Detected: Routing to Historical Archive API...
2026-05-24 13:28:40,107 - INFO - Inserted 288 new rows into weather_data.
2026-05-24 13:28:45,109 - INFO - Fetching DA prices from 2025-11-03 00:00:00+01:00 to 2025-11-06 00:00:00+01:00
2026-05-24 13:28:46,660 - INFO - Inserted 288 new rows into day_ahead_prices.
2026-05-24 13:28:46,660 - INFO - Fetching actual load from 2025-11-03 00:00:00+01:00 to 2025-11-06 00:00:00+01:00
2026-05-24 13:28:47,889 - INFO - Inserted 288 new rows into actual_load.
2026-05-24 13:28:47,890 - INFO - Fetching generation mix from 2025-11-03 00:00:00+01:00 to 2025-11-06 00:00:00+01:00
2026-05-24 13:28:51,734 - INFO - Inserted 288 new rows into generation_mix.
2026-05-24 13:28:51,735 - INFO - Fetching Open-Meteo data from 2025-11-03 to 2025-11-06
2026-05-24 13:28:51,735 - INFO - 📚 Backtest Detected: Routing to Historical Archive API...
2026-05-24 13:28:53,008 - INFO - Inserted 288 new rows into weather_data.
2026-05-24 13:28:58,011 - INFO - Fetching DA prices from 2025-11-06 00:00:00+01:00 to 2025-11-09 00:00:00+01:00
2026-05-24 13:28:59,460 - INFO - Inserted 288 new rows into day_ahead_prices.
2026-05-24 13:28:59,460 - INFO - Fetching actual load from 2025-11-06 00:00:00+01:00 to 2025-11-09 00:00:00+01:00
2026-05-24 13:29:00,540 - INFO - Inserted 288 new rows into actual_load.
2026-05-24 13:29:00,540 - INFO - Fetching generation mix from 2025-11-06 00:00:00+01:00 to 2025-11-09 00:00:00+01:00
2026-05-24 13:29:04,682 - INFO - Inserted 288 new rows into generation_mix.
2026-05-24 13:29:04,683 - INFO - Fetching Open-Meteo data from 2025-11-06 to 2025-11-09
2026-05-24 13:29:04,684 - INFO - 📚 Backtest Detected: Routing to Historical Archive API...
2026-05-24 13:29:06,013 - INFO - Inserted 288 new rows into weather_data.
2026-05-24 13:29:11,016 - INFO - Fetching DA prices from 2025-11-09 00:00:00+01:00 to 2025-11-12 00:00:00+01:00
2026-05-24 13:29:12,772 - INFO - Inserted 288 new rows into day_ahead_prices.
2026-05-24 13:29:12,773 - INFO - Fetching actual load from 2025-11-09 00:00:00+01:00 to 2025-11-12 00:00:00+01:00
2026-05-24 13:29:14,103 - INFO - Inserted 288 new rows into actual_load.
2026-05-24 13:29:14,104 - INFO - Fetching generation mix from 2025-11-09 00:00:00+01:00 to 2025-11-12 00:00:00+01:00
2026-05-24 13:29:17,892 - INFO - Inserted 288 new rows into generation_mix.
2026-05-24 13:29:17,893 - INFO - Fetching Open-Meteo data from 2025-11-09 to 2025-11-12
2026-05-24 13:29:17,893 - INFO - 📚 Backtest Detected: Routing to Historical Archive API...
2026-05-24 13:29:19,121 - INFO - Inserted 288 new rows into weather_data.
2026-05-24 13:29:24,123 - INFO - Fetching DA prices from 2025-11-12 00:00:00+01:00 to 2025-11-15 00:00:00+01:00
2026-05-24 13:29:25,470 - INFO - Inserted 288 new rows into day_ahead_prices.
2026-05-24 13:29:25,470 - INFO - Fetching actual load from 2025-11-12 00:00:00+01:00 to 2025-11-15 00:00:00+01:00
2026-05-24 13:29:26,578 - INFO - Inserted 288 new rows into actual_load.
2026-05-24 13:29:26,579 - INFO - Fetching generation mix from 2025-11-12 00:00:00+01:00 to 2025-11-15 00:00:00+01:00
2026-05-24 13:29:30,692 - INFO - Inserted 288 new rows into generation_mix.
2026-05-24 13:29:30,693 - INFO - Fetching Open-Meteo data from 2025-11-12 to 2025-11-15
2026-05-24 13:29:30,693 - INFO - 📚 Backtest Detected: Routing to Historical Archive API...
2026-05-24 13:29:32,023 - INFO - Inserted 288 new rows into weather_data.
2026-05-24 13:29:37,026 - INFO - Fetching DA prices from 2025-11-15 00:00:00+01:00 to 2025-11-18 00:00:00+01:00
2026-05-24 13:29:38,429 - INFO - Inserted 288 new rows into day_ahead_prices.
2026-05-24 13:29:38,429 - INFO - Fetching actual load from 2025-11-15 00:00:00+01:00 to 2025-11-18 00:00:00+01:00
2026-05-24 13:29:39,601 - INFO - Inserted 288 new rows into actual_load.
2026-05-24 13:29:39,601 - INFO - Fetching generation mix from 2025-11-15 00:00:00+01:00 to 2025-11-18 00:00:00+01:00
2026-05-24 13:29:43,185 - INFO - Inserted 288 new rows into generation_mix.
2026-05-24 13:29:43,186 - INFO - Fetching Open-Meteo data from 2025-11-15 to 2025-11-18
2026-05-24 13:29:43,186 - INFO - 📚 Backtest Detected: Routing to Historical Archive API...
2026-05-24 13:29:44,468 - INFO - Inserted 288 new rows into weather_data.
2026-05-24 13:29:49,470 - INFO - Fetching DA prices from 2025-11-18 00:00:00+01:00 to 2025-11-21 00:00:00+01:00
2026-05-24 13:29:51,172 - INFO - Inserted 288 new rows into day_ahead_prices.
2026-05-24 13:29:51,172 - INFO - Fetching actual load from 2025-11-18 00:00:00+01:00 to 2025-11-21 00:00:00+01:00
2026-05-24 13:29:52,606 - INFO - Inserted 288 new rows into actual_load.
2026-05-24 13:29:52,607 - INFO - Fetching generation mix from 2025-11-18 00:00:00+01:00 to 2025-11-21 00:00:00+01:00
2026-05-24 13:29:56,804 - INFO - Inserted 288 new rows into generation_mix.
2026-05-24 13:29:56,805 - INFO - Fetching Open-Meteo data from 2025-11-18 to 2025-11-21
2026-05-24 13:29:56,806 - INFO - 📚 Backtest Detected: Routing to Historical Archive API...
2026-05-24 13:29:58,239 - INFO - Inserted 288 new rows into weather_data.
2026-05-24 13:30:03,241 - INFO - Fetching DA prices from 2025-11-21 00:00:00+01:00 to 2025-11-24 00:00:00+01:00
2026-05-24 13:30:54,441 - INFO - Inserted 288 new rows into day_ahead_prices.
2026-05-24 13:30:54,442 - INFO - Fetching actual load from 2025-11-21 00:00:00+01:00 to 2025-11-24 00:00:00+01:00
2026-05-24 13:31:22,206 - INFO - Inserted 288 new rows into actual_load.
2026-05-24 13:31:22,207 - INFO - Fetching generation mix from 2025-11-21 00:00:00+01:00 to 2025-11-24 00:00:00+01:00
2026-05-24 13:31:35,109 - INFO - Inserted 288 new rows into generation_mix.
2026-05-24 13:31:35,110 - INFO - Fetching Open-Meteo data from 2025-11-21 to 2025-11-24
2026-05-24 13:31:35,111 - INFO - 📚 Backtest Detected: Routing to Historical Archive API...
2026-05-24 13:31:37,669 - INFO - Inserted 288 new rows into weather_data.
2026-05-24 13:31:42,671 - INFO - Fetching DA prices from 2025-11-24 00:00:00+01:00 to 2025-11-27 00:00:00+01:00
2026-05-24 13:31:45,554 - INFO - Inserted 288 new rows into day_ahead_prices.
2026-05-24 13:31:45,555 - INFO - Fetching actual load from 2025-11-24 00:00:00+01:00 to 2025-11-27 00:00:00+01:00
2026-05-24 13:31:47,192 - INFO - Inserted 288 new rows into actual_load.
2026-05-24 13:31:47,193 - INFO - Fetching generation mix from 2025-11-24 00:00:00+01:00 to 2025-11-27 00:00:00+01:00
2026-05-24 13:31:59,686 - INFO - Inserted 288 new rows into generation_mix.
2026-05-24 13:31:59,687 - INFO - Fetching Open-Meteo data from 2025-11-24 to 2025-11-27
2026-05-24 13:31:59,687 - INFO - 📚 Backtest Detected: Routing to Historical Archive API...
2026-05-24 13:32:00,748 - INFO - Inserted 288 new rows into weather_data.
2026-05-24 13:32:05,750 - INFO - Fetching DA prices from 2025-11-27 00:00:00+01:00 to 2025-11-30 00:00:00+01:00
2026-05-24 13:32:08,956 - INFO - Inserted 288 new rows into day_ahead_prices.
2026-05-24 13:32:08,957 - INFO - Fetching actual load from 2025-11-27 00:00:00+01:00 to 2025-11-30 00:00:00+01:00
2026-05-24 13:32:10,540 - INFO - Inserted 288 new rows into actual_load.
2026-05-24 13:32:10,540 - INFO - Fetching generation mix from 2025-11-27 00:00:00+01:00 to 2025-11-30 00:00:00+01:00
2026-05-24 13:32:16,275 - INFO - Inserted 288 new rows into generation_mix.
2026-05-24 13:32:16,275 - INFO - Fetching Open-Meteo data from 2025-11-27 to 2025-11-30
2026-05-24 13:32:16,276 - INFO - 📚 Backtest Detected: Routing to Historical Archive API...
2026-05-24 13:32:17,708 - INFO - Inserted 288 new rows into weather_data.
2026-05-24 13:32:22,710 - INFO - Fetching DA prices from 2025-11-30 00:00:00+01:00 to 2025-12-03 00:00:00+01:00
2026-05-24 13:32:31,327 - INFO - Inserted 288 new rows into day_ahead_prices.
2026-05-24 13:32:31,327 - INFO - Fetching actual load from 2025-11-30 00:00:00+01:00 to 2025-12-03 00:00:00+01:00
2026-05-24 13:32:35,833 - INFO - Inserted 288 new rows into actual_load.
2026-05-24 13:32:35,833 - INFO - Fetching generation mix from 2025-11-30 00:00:00+01:00 to 2025-12-03 00:00:00+01:00
2026-05-24 13:32:40,646 - INFO - Inserted 288 new rows into generation_mix.
2026-05-24 13:32:40,647 - INFO - Fetching Open-Meteo data from 2025-11-30 to 2025-12-03
2026-05-24 13:32:40,647 - INFO - 📚 Backtest Detected: Routing to Historical Archive API...
2026-05-24 13:32:42,079 - INFO - Inserted 288 new rows into weather_data.
2026-05-24 13:32:47,081 - INFO - Fetching DA prices from 2025-12-03 00:00:00+01:00 to 2025-12-06 00:00:00+01:00
2026-05-24 13:32:56,723 - INFO - Inserted 288 new rows into day_ahead_prices.
2026-05-24 13:32:56,723 - INFO - Fetching actual load from 2025-12-03 00:00:00+01:00 to 2025-12-06 00:00:00+01:00
2026-05-24 13:32:58,770 - INFO - Inserted 288 new rows into actual_load.
2026-05-24 13:32:58,771 - INFO - Fetching generation mix from 2025-12-03 00:00:00+01:00 to 2025-12-06 00:00:00+01:00
2026-05-24 13:33:05,119 - INFO - Inserted 288 new rows into generation_mix.
2026-05-24 13:33:05,120 - INFO - Fetching Open-Meteo data from 2025-12-03 to 2025-12-06
2026-05-24 13:33:05,121 - INFO - 📚 Backtest Detected: Routing to Historical Archive API...
2026-05-24 13:33:06,409 - INFO - Inserted 288 new rows into weather_data.
2026-05-24 13:33:11,411 - INFO - Fetching DA prices from 2025-12-06 00:00:00+01:00 to 2025-12-09 00:00:00+01:00
2026-05-24 13:33:14,233 - INFO - Inserted 288 new rows into day_ahead_prices.
2026-05-24 13:33:14,234 - INFO - Fetching actual load from 2025-12-06 00:00:00+01:00 to 2025-12-09 00:00:00+01:00
2026-05-24 13:33:15,974 - INFO - Inserted 288 new rows into actual_load.
2026-05-24 13:33:15,974 - INFO - Fetching generation mix from 2025-12-06 00:00:00+01:00 to 2025-12-09 00:00:00+01:00
2026-05-24 13:33:20,582 - INFO - Inserted 288 new rows into generation_mix.
2026-05-24 13:33:20,583 - INFO - Fetching Open-Meteo data from 2025-12-06 to 2025-12-09
2026-05-24 13:33:20,583 - INFO - 📚 Backtest Detected: Routing to Historical Archive API...
2026-05-24 13:33:21,913 - INFO - Inserted 288 new rows into weather_data.
2026-05-24 13:33:26,915 - INFO - Fetching DA prices from 2025-12-09 00:00:00+01:00 to 2025-12-12 00:00:00+01:00
2026-05-24 13:33:28,774 - INFO - Inserted 288 new rows into day_ahead_prices.
2026-05-24 13:33:28,774 - INFO - Fetching actual load from 2025-12-09 00:00:00+01:00 to 2025-12-12 00:00:00+01:00
2026-05-24 13:33:30,105 - INFO - Inserted 288 new rows into actual_load.
2026-05-24 13:33:30,106 - INFO - Fetching generation mix from 2025-12-09 00:00:00+01:00 to 2025-12-12 00:00:00+01:00
2026-05-24 13:33:34,201 - INFO - Inserted 288 new rows into generation_mix.
2026-05-24 13:33:34,202 - INFO - Fetching Open-Meteo data from 2025-12-09 to 2025-12-12
2026-05-24 13:33:34,203 - INFO - 📚 Backtest Detected: Routing to Historical Archive API...
2026-05-24 13:33:35,430 - INFO - Inserted 288 new rows into weather_data.
2026-05-24 13:33:40,432 - INFO - Fetching DA prices from 2025-12-12 00:00:00+01:00 to 2025-12-15 00:00:00+01:00
2026-05-24 13:33:42,189 - INFO - Inserted 288 new rows into day_ahead_prices.
2026-05-24 13:33:42,190 - INFO - Fetching actual load from 2025-12-12 00:00:00+01:00 to 2025-12-15 00:00:00+01:00
2026-05-24 13:33:44,237 - INFO - Inserted 288 new rows into actual_load.
2026-05-24 13:33:44,237 - INFO - Fetching generation mix from 2025-12-12 00:00:00+01:00 to 2025-12-15 00:00:00+01:00
2026-05-24 13:33:48,640 - INFO - Inserted 288 new rows into generation_mix.
2026-05-24 13:33:48,641 - INFO - Fetching Open-Meteo data from 2025-12-12 to 2025-12-15
2026-05-24 13:33:48,641 - INFO - 📚 Backtest Detected: Routing to Historical Archive API...
2026-05-24 13:33:50,073 - INFO - Inserted 288 new rows into weather_data.
2026-05-24 13:33:55,075 - INFO - Fetching DA prices from 2025-12-15 00:00:00+01:00 to 2025-12-18 00:00:00+01:00
2026-05-24 13:33:58,778 - INFO - Inserted 288 new rows into day_ahead_prices.
2026-05-24 13:33:58,778 - INFO - Fetching actual load from 2025-12-15 00:00:00+01:00 to 2025-12-18 00:00:00+01:00
2026-05-24 13:34:00,109 - INFO - Inserted 288 new rows into actual_load.
2026-05-24 13:34:00,109 - INFO - Fetching generation mix from 2025-12-15 00:00:00+01:00 to 2025-12-18 00:00:00+01:00
2026-05-24 13:34:06,253 - INFO - Inserted 288 new rows into generation_mix.
2026-05-24 13:34:06,253 - INFO - Fetching Open-Meteo data from 2025-12-15 to 2025-12-18
2026-05-24 13:34:06,254 - INFO - 📚 Backtest Detected: Routing to Historical Archive API...
2026-05-24 13:34:07,584 - INFO - Inserted 288 new rows into weather_data.
2026-05-24 13:34:12,586 - INFO - Fetching DA prices from 2025-12-18 00:00:00+01:00 to 2025-12-21 00:00:00+01:00
2026-05-24 13:34:14,650 - INFO - Inserted 288 new rows into day_ahead_prices.
2026-05-24 13:34:14,650 - INFO - Fetching actual load from 2025-12-18 00:00:00+01:00 to 2025-12-21 00:00:00+01:00
2026-05-24 13:34:15,788 - INFO - Inserted 288 new rows into actual_load.
2026-05-24 13:34:15,788 - INFO - Fetching generation mix from 2025-12-18 00:00:00+01:00 to 2025-12-21 00:00:00+01:00
2026-05-24 13:34:20,589 - INFO - Inserted 288 new rows into generation_mix.
2026-05-24 13:34:20,591 - INFO - Fetching Open-Meteo data from 2025-12-18 to 2025-12-21
2026-05-24 13:34:20,591 - INFO - 📚 Backtest Detected: Routing to Historical Archive API...
2026-05-24 13:34:22,023 - INFO - Inserted 288 new rows into weather_data.
2026-05-24 13:34:27,025 - INFO - Fetching DA prices from 2025-12-21 00:00:00+01:00 to 2025-12-24 00:00:00+01:00
2026-05-24 13:34:30,522 - INFO - Inserted 288 new rows into day_ahead_prices.
2026-05-24 13:34:30,522 - INFO - Fetching actual load from 2025-12-21 00:00:00+01:00 to 2025-12-24 00:00:00+01:00
2026-05-24 13:34:32,775 - INFO - Inserted 288 new rows into actual_load.
2026-05-24 13:34:32,776 - INFO - Fetching generation mix from 2025-12-21 00:00:00+01:00 to 2025-12-24 00:00:00+01:00
2026-05-24 13:34:39,431 - INFO - Inserted 288 new rows into generation_mix.
2026-05-24 13:34:39,431 - INFO - Fetching Open-Meteo data from 2025-12-21 to 2025-12-24
2026-05-24 13:34:39,432 - INFO - 📚 Backtest Detected: Routing to Historical Archive API...
2026-05-24 13:34:40,864 - INFO - Inserted 288 new rows into weather_data.
2026-05-24 13:34:45,866 - INFO - Fetching DA prices from 2025-12-24 00:00:00+01:00 to 2025-12-27 00:00:00+01:00
2026-05-24 13:34:51,003 - INFO - Inserted 288 new rows into day_ahead_prices.
2026-05-24 13:34:51,003 - INFO - Fetching actual load from 2025-12-24 00:00:00+01:00 to 2025-12-27 00:00:00+01:00
2026-05-24 13:34:52,743 - INFO - Inserted 288 new rows into actual_load.
2026-05-24 13:34:52,743 - INFO - Fetching generation mix from 2025-12-24 00:00:00+01:00 to 2025-12-27 00:00:00+01:00
2026-05-24 13:34:59,399 - INFO - Inserted 288 new rows into generation_mix.
2026-05-24 13:34:59,399 - INFO - Fetching Open-Meteo data from 2025-12-24 to 2025-12-27
2026-05-24 13:34:59,400 - INFO - 📚 Backtest Detected: Routing to Historical Archive API...
2026-05-24 13:35:00,935 - INFO - Inserted 288 new rows into weather_data.
2026-05-24 13:35:05,937 - INFO - Fetching DA prices from 2025-12-27 00:00:00+01:00 to 2025-12-30 00:00:00+01:00
2026-05-24 13:35:09,128 - INFO - Inserted 288 new rows into day_ahead_prices.
2026-05-24 13:35:09,128 - INFO - Fetching actual load from 2025-12-27 00:00:00+01:00 to 2025-12-30 00:00:00+01:00
2026-05-24 13:35:10,441 - INFO - Inserted 288 new rows into actual_load.
2026-05-24 13:35:10,442 - INFO - Fetching generation mix from 2025-12-27 00:00:00+01:00 to 2025-12-30 00:00:00+01:00
2026-05-24 13:35:17,114 - INFO - Inserted 288 new rows into generation_mix.
2026-05-24 13:35:17,115 - INFO - Fetching Open-Meteo data from 2025-12-27 to 2025-12-30
2026-05-24 13:35:17,115 - INFO - 📚 Backtest Detected: Routing to Historical Archive API...
2026-05-24 13:35:18,441 - INFO - Inserted 288 new rows into weather_data.
2026-05-24 13:35:23,444 - INFO - Fetching DA prices from 2025-12-30 00:00:00+01:00 to 2026-01-02 00:00:00+01:00
2026-05-24 13:35:25,818 - INFO - Inserted 288 new rows into day_ahead_prices.
2026-05-24 13:35:25,818 - INFO - Fetching actual load from 2025-12-30 00:00:00+01:00 to 2026-01-02 00:00:00+01:00
2026-05-24 13:35:28,095 - INFO - Inserted 288 new rows into actual_load.
2026-05-24 13:35:28,095 - INFO - Fetching generation mix from 2025-12-30 00:00:00+01:00 to 2026-01-02 00:00:00+01:00
2026-05-24 13:35:32,053 - INFO - Inserted 288 new rows into generation_mix.
2026-05-24 13:35:32,053 - INFO - Fetching Open-Meteo data from 2025-12-30 to 2026-01-02
2026-05-24 13:35:32,054 - INFO - 📚 Backtest Detected: Routing to Historical Archive API...
2026-05-24 13:35:33,242 - INFO - Inserted 288 new rows into weather_data.
2026-05-24 13:35:38,244 - INFO - Fetching DA prices from 2026-01-02 00:00:00+01:00 to 2026-01-05 00:00:00+01:00
2026-05-24 13:35:39,749 - INFO - Inserted 288 new rows into day_ahead_prices.
2026-05-24 13:35:39,750 - INFO - Fetching actual load from 2026-01-02 00:00:00+01:00 to 2026-01-05 00:00:00+01:00
2026-05-24 13:35:41,093 - INFO - Inserted 288 new rows into actual_load.
2026-05-24 13:35:41,094 - INFO - Fetching generation mix from 2026-01-02 00:00:00+01:00 to 2026-01-05 00:00:00+01:00
2026-05-24 13:35:46,298 - INFO - Inserted 288 new rows into generation_mix.
2026-05-24 13:35:46,298 - INFO - Fetching Open-Meteo data from 2026-01-02 to 2026-01-05
2026-05-24 13:35:46,299 - INFO - 📚 Backtest Detected: Routing to Historical Archive API...
2026-05-24 13:35:47,629 - INFO - Inserted 288 new rows into weather_data.
2026-05-24 13:35:52,632 - INFO - Fetching DA prices from 2026-01-05 00:00:00+01:00 to 2026-01-08 00:00:00+01:00
2026-05-24 13:35:54,797 - INFO - Inserted 288 new rows into day_ahead_prices.
2026-05-24 13:35:54,798 - INFO - Fetching actual load from 2026-01-05 00:00:00+01:00 to 2026-01-08 00:00:00+01:00
2026-05-24 13:35:56,026 - INFO - Inserted 288 new rows into actual_load.
2026-05-24 13:35:56,027 - INFO - Fetching generation mix from 2026-01-05 00:00:00+01:00 to 2026-01-08 00:00:00+01:00
2026-05-24 13:35:59,713 - INFO - Inserted 288 new rows into generation_mix.
2026-05-24 13:35:59,714 - INFO - Fetching Open-Meteo data from 2026-01-05 to 2026-01-08
2026-05-24 13:35:59,714 - INFO - 📚 Backtest Detected: Routing to Historical Archive API...
2026-05-24 13:36:01,147 - INFO - Inserted 288 new rows into weather_data.
2026-05-24 13:36:06,149 - INFO - Fetching DA prices from 2026-01-08 00:00:00+01:00 to 2026-01-11 00:00:00+01:00
2026-05-24 13:36:07,803 - INFO - Inserted 288 new rows into day_ahead_prices.
2026-05-24 13:36:07,803 - INFO - Fetching actual load from 2026-01-08 00:00:00+01:00 to 2026-01-11 00:00:00+01:00
2026-05-24 13:36:09,236 - INFO - Inserted 288 new rows into actual_load.
2026-05-24 13:36:09,237 - INFO - Fetching generation mix from 2026-01-08 00:00:00+01:00 to 2026-01-11 00:00:00+01:00
2026-05-24 13:36:13,027 - INFO - Inserted 288 new rows into generation_mix.
2026-05-24 13:36:13,027 - INFO - Fetching Open-Meteo data from 2026-01-08 to 2026-01-11
2026-05-24 13:36:13,028 - INFO - 📚 Backtest Detected: Routing to Historical Archive API...
2026-05-24 13:36:14,356 - INFO - Inserted 288 new rows into weather_data.
2026-05-24 13:36:19,358 - INFO - Fetching DA prices from 2026-01-11 00:00:00+01:00 to 2026-01-14 00:00:00+01:00
2026-05-24 13:36:22,650 - INFO - Inserted 288 new rows into day_ahead_prices.
2026-05-24 13:36:22,651 - INFO - Fetching actual load from 2026-01-11 00:00:00+01:00 to 2026-01-14 00:00:00+01:00
2026-05-24 13:36:23,982 - INFO - Inserted 288 new rows into actual_load.
2026-05-24 13:36:23,982 - INFO - Fetching generation mix from 2026-01-11 00:00:00+01:00 to 2026-01-14 00:00:00+01:00
2026-05-24 13:36:27,771 - INFO - Inserted 288 new rows into generation_mix.
2026-05-24 13:36:27,771 - INFO - Fetching Open-Meteo data from 2026-01-11 to 2026-01-14
2026-05-24 13:36:27,772 - INFO - 📚 Backtest Detected: Routing to Historical Archive API...
2026-05-24 13:36:29,102 - INFO - Inserted 288 new rows into weather_data.
2026-05-24 13:36:34,104 - INFO - Fetching DA prices from 2026-01-14 00:00:00+01:00 to 2026-01-17 00:00:00+01:00
2026-05-24 13:36:36,680 - INFO - Inserted 288 new rows into day_ahead_prices.
2026-05-24 13:36:36,680 - INFO - Fetching actual load from 2026-01-14 00:00:00+01:00 to 2026-01-17 00:00:00+01:00
2026-05-24 13:36:38,215 - INFO - Inserted 288 new rows into actual_load.
2026-05-24 13:36:38,216 - INFO - Fetching generation mix from 2026-01-14 00:00:00+01:00 to 2026-01-17 00:00:00+01:00
2026-05-24 13:36:42,107 - INFO - Inserted 288 new rows into generation_mix.
2026-05-24 13:36:42,108 - INFO - Fetching Open-Meteo data from 2026-01-14 to 2026-01-17
2026-05-24 13:36:42,109 - INFO - 📚 Backtest Detected: Routing to Historical Archive API...
2026-05-24 13:36:43,016 - INFO - Inserted 288 new rows into weather_data.
2026-05-24 13:36:48,018 - INFO - Fetching DA prices from 2026-01-17 00:00:00+01:00 to 2026-01-20 00:00:00+01:00
2026-05-24 13:36:49,582 - INFO - Inserted 288 new rows into day_ahead_prices.
2026-05-24 13:36:49,582 - INFO - Fetching actual load from 2026-01-17 00:00:00+01:00 to 2026-01-20 00:00:00+01:00
2026-05-24 13:36:51,119 - INFO - Inserted 288 new rows into actual_load.
2026-05-24 13:36:51,120 - INFO - Fetching generation mix from 2026-01-17 00:00:00+01:00 to 2026-01-20 00:00:00+01:00
2026-05-24 13:36:55,401 - INFO - Inserted 288 new rows into generation_mix.
2026-05-24 13:36:55,402 - INFO - Fetching Open-Meteo data from 2026-01-17 to 2026-01-20
2026-05-24 13:36:55,402 - INFO - 📚 Backtest Detected: Routing to Historical Archive API...
2026-05-24 13:36:56,534 - INFO - Inserted 288 new rows into weather_data.
2026-05-24 13:37:01,537 - INFO - Fetching DA prices from 2026-01-20 00:00:00+01:00 to 2026-01-23 00:00:00+01:00
2026-05-24 13:37:03,508 - INFO - Inserted 288 new rows into day_ahead_prices.
2026-05-24 13:37:03,509 - INFO - Fetching actual load from 2026-01-20 00:00:00+01:00 to 2026-01-23 00:00:00+01:00
2026-05-24 13:37:05,556 - INFO - Inserted 288 new rows into actual_load.
2026-05-24 13:37:05,557 - INFO - Fetching generation mix from 2026-01-20 00:00:00+01:00 to 2026-01-23 00:00:00+01:00
2026-05-24 13:37:09,562 - INFO - Inserted 288 new rows into generation_mix.
2026-05-24 13:37:09,563 - INFO - Fetching Open-Meteo data from 2026-01-20 to 2026-01-23
2026-05-24 13:37:09,564 - INFO - 📚 Backtest Detected: Routing to Historical Archive API...
2026-05-24 13:37:10,382 - INFO - Inserted 288 new rows into weather_data.
2026-05-24 13:37:15,384 - INFO - Fetching DA prices from 2026-01-23 00:00:00+01:00 to 2026-01-26 00:00:00+01:00
2026-05-24 13:37:17,435 - INFO - Inserted 288 new rows into day_ahead_prices.
2026-05-24 13:37:17,436 - INFO - Fetching actual load from 2026-01-23 00:00:00+01:00 to 2026-01-26 00:00:00+01:00
2026-05-24 13:37:18,971 - INFO - Inserted 288 new rows into actual_load.
2026-05-24 13:37:18,971 - INFO - Fetching generation mix from 2026-01-23 00:00:00+01:00 to 2026-01-26 00:00:00+01:00
2026-05-24 13:37:23,272 - INFO - Inserted 288 new rows into generation_mix.
2026-05-24 13:37:23,272 - INFO - Fetching Open-Meteo data from 2026-01-23 to 2026-01-26
2026-05-24 13:37:23,273 - INFO - 📚 Backtest Detected: Routing to Historical Archive API...
2026-05-24 13:37:25,320 - INFO - Inserted 288 new rows into weather_data.
2026-05-24 13:37:30,322 - INFO - Fetching DA prices from 2026-01-26 00:00:00+01:00 to 2026-01-29 00:00:00+01:00
2026-05-24 13:37:32,078 - INFO - Inserted 288 new rows into day_ahead_prices.
2026-05-24 13:37:32,079 - INFO - Fetching actual load from 2026-01-26 00:00:00+01:00 to 2026-01-29 00:00:00+01:00
2026-05-24 13:37:33,614 - INFO - Inserted 288 new rows into actual_load.
2026-05-24 13:37:33,615 - INFO - Fetching generation mix from 2026-01-26 00:00:00+01:00 to 2026-01-29 00:00:00+01:00
2026-05-24 13:37:37,301 - INFO - Inserted 288 new rows into generation_mix.
2026-05-24 13:37:37,302 - INFO - Fetching Open-Meteo data from 2026-01-26 to 2026-01-29
2026-05-24 13:37:37,302 - INFO - 📚 Backtest Detected: Routing to Historical Archive API...
2026-05-24 13:37:38,464 - INFO - Inserted 288 new rows into weather_data.
2026-05-24 13:37:43,467 - INFO - Fetching DA prices from 2026-01-29 00:00:00+01:00 to 2026-02-01 00:00:00+01:00
2026-05-24 13:37:44,980 - INFO - Inserted 288 new rows into day_ahead_prices.
2026-05-24 13:37:44,981 - INFO - Fetching actual load from 2026-01-29 00:00:00+01:00 to 2026-02-01 00:00:00+01:00
2026-05-24 13:37:46,619 - INFO - Inserted 288 new rows into actual_load.
2026-05-24 13:37:46,620 - INFO - Fetching generation mix from 2026-01-29 00:00:00+01:00 to 2026-02-01 00:00:00+01:00
2026-05-24 13:37:50,510 - INFO - Inserted 288 new rows into generation_mix.
2026-05-24 13:37:50,511 - INFO - Fetching Open-Meteo data from 2026-01-29 to 2026-02-01
2026-05-24 13:37:50,512 - INFO - 📚 Backtest Detected: Routing to Historical Archive API...
2026-05-24 13:37:51,944 - INFO - Inserted 288 new rows into weather_data.
2026-05-24 13:37:56,946 - INFO - Fetching DA prices from 2026-02-01 00:00:00+01:00 to 2026-02-04 00:00:00+01:00
2026-05-24 13:37:58,703 - INFO - Inserted 288 new rows into day_ahead_prices.
2026-05-24 13:37:58,703 - INFO - Fetching actual load from 2026-02-01 00:00:00+01:00 to 2026-02-04 00:00:00+01:00
2026-05-24 13:38:00,034 - INFO - Inserted 288 new rows into actual_load.
2026-05-24 13:38:00,034 - INFO - Fetching generation mix from 2026-02-01 00:00:00+01:00 to 2026-02-04 00:00:00+01:00
2026-05-24 13:38:04,130 - INFO - Inserted 288 new rows into generation_mix.
2026-05-24 13:38:04,131 - INFO - Fetching Open-Meteo data from 2026-02-01 to 2026-02-04
2026-05-24 13:38:04,131 - INFO - 📚 Backtest Detected: Routing to Historical Archive API...
2026-05-24 13:38:05,461 - INFO - Inserted 288 new rows into weather_data.
2026-05-24 13:38:10,463 - INFO - Fetching DA prices from 2026-02-04 00:00:00+01:00 to 2026-02-07 00:00:00+01:00
2026-05-24 13:38:12,015 - INFO - Inserted 288 new rows into day_ahead_prices.
2026-05-24 13:38:12,015 - INFO - Fetching actual load from 2026-02-04 00:00:00+01:00 to 2026-02-07 00:00:00+01:00
2026-05-24 13:38:13,550 - INFO - Inserted 288 new rows into actual_load.
2026-05-24 13:38:13,551 - INFO - Fetching generation mix from 2026-02-04 00:00:00+01:00 to 2026-02-07 00:00:00+01:00
2026-05-24 13:38:17,339 - INFO - Inserted 288 new rows into generation_mix.
2026-05-24 13:38:17,340 - INFO - Fetching Open-Meteo data from 2026-02-04 to 2026-02-07
2026-05-24 13:38:17,341 - INFO - 📚 Backtest Detected: Routing to Historical Archive API...
2026-05-24 13:38:18,773 - INFO - Inserted 288 new rows into weather_data.
2026-05-24 13:38:23,775 - INFO - Fetching DA prices from 2026-02-07 00:00:00+01:00 to 2026-02-10 00:00:00+01:00
2026-05-24 13:38:25,327 - INFO - Inserted 288 new rows into day_ahead_prices.
2026-05-24 13:38:25,327 - INFO - Fetching actual load from 2026-02-07 00:00:00+01:00 to 2026-02-10 00:00:00+01:00
2026-05-24 13:38:26,760 - INFO - Inserted 288 new rows into actual_load.
2026-05-24 13:38:26,761 - INFO - Fetching generation mix from 2026-02-07 00:00:00+01:00 to 2026-02-10 00:00:00+01:00
2026-05-24 13:38:30,462 - INFO - Inserted 288 new rows into generation_mix.
2026-05-24 13:38:30,462 - INFO - Fetching Open-Meteo data from 2026-02-07 to 2026-02-10
2026-05-24 13:38:30,463 - INFO - 📚 Backtest Detected: Routing to Historical Archive API...
2026-05-24 13:38:31,778 - INFO - Inserted 288 new rows into weather_data.
2026-05-24 13:38:36,780 - INFO - Fetching DA prices from 2026-02-10 00:00:00+01:00 to 2026-02-13 00:00:00+01:00
2026-05-24 13:38:38,332 - INFO - Inserted 288 new rows into day_ahead_prices.
2026-05-24 13:38:38,332 - INFO - Fetching actual load from 2026-02-10 00:00:00+01:00 to 2026-02-13 00:00:00+01:00
2026-05-24 13:38:39,663 - INFO - Inserted 288 new rows into actual_load.
2026-05-24 13:38:39,663 - INFO - Fetching generation mix from 2026-02-10 00:00:00+01:00 to 2026-02-13 00:00:00+01:00
2026-05-24 13:38:44,066 - INFO - Inserted 288 new rows into generation_mix.
2026-05-24 13:38:44,067 - INFO - Fetching Open-Meteo data from 2026-02-10 to 2026-02-13
2026-05-24 13:38:44,067 - INFO - 📚 Backtest Detected: Routing to Historical Archive API...
2026-05-24 13:38:45,704 - INFO - Inserted 288 new rows into weather_data.
2026-05-24 13:38:50,706 - INFO - Fetching DA prices from 2026-02-13 00:00:00+01:00 to 2026-02-16 00:00:00+01:00
2026-05-24 13:38:52,360 - INFO - Inserted 288 new rows into day_ahead_prices.
2026-05-24 13:38:52,361 - INFO - Fetching actual load from 2026-02-13 00:00:00+01:00 to 2026-02-16 00:00:00+01:00
2026-05-24 13:38:53,794 - INFO - Inserted 288 new rows into actual_load.
2026-05-24 13:38:53,794 - INFO - Fetching generation mix from 2026-02-13 00:00:00+01:00 to 2026-02-16 00:00:00+01:00
2026-05-24 13:39:00,041 - INFO - Inserted 288 new rows into generation_mix.
2026-05-24 13:39:00,042 - INFO - Fetching Open-Meteo data from 2026-02-13 to 2026-02-16
2026-05-24 13:39:00,043 - INFO - 📚 Backtest Detected: Routing to Historical Archive API...
2026-05-24 13:39:01,372 - INFO - Inserted 288 new rows into weather_data.
2026-05-24 13:39:06,374 - INFO - Fetching DA prices from 2026-02-16 00:00:00+01:00 to 2026-02-19 00:00:00+01:00
2026-05-24 13:39:07,824 - INFO - Inserted 288 new rows into day_ahead_prices.
2026-05-24 13:39:07,824 - INFO - Fetching actual load from 2026-02-16 00:00:00+01:00 to 2026-02-19 00:00:00+01:00
2026-05-24 13:39:08,823 - INFO - Inserted 288 new rows into actual_load.
2026-05-24 13:39:08,823 - INFO - Fetching generation mix from 2026-02-16 00:00:00+01:00 to 2026-02-19 00:00:00+01:00
2026-05-24 13:39:14,203 - INFO - Inserted 288 new rows into generation_mix.
2026-05-24 13:39:14,204 - INFO - Fetching Open-Meteo data from 2026-02-16 to 2026-02-19
2026-05-24 13:39:14,204 - INFO - 📚 Backtest Detected: Routing to Historical Archive API...
2026-05-24 13:39:15,503 - INFO - Inserted 288 new rows into weather_data.
2026-05-24 13:39:20,505 - INFO - Fetching DA prices from 2026-02-19 00:00:00+01:00 to 2026-02-22 00:00:00+01:00
2026-05-24 13:39:21,954 - INFO - Inserted 288 new rows into day_ahead_prices.
2026-05-24 13:39:21,955 - INFO - Fetching actual load from 2026-02-19 00:00:00+01:00 to 2026-02-22 00:00:00+01:00
2026-05-24 13:39:23,388 - INFO - Inserted 288 new rows into actual_load.
2026-05-24 13:39:23,388 - INFO - Fetching generation mix from 2026-02-19 00:00:00+01:00 to 2026-02-22 00:00:00+01:00
2026-05-24 13:39:28,389 - INFO - Inserted 288 new rows into generation_mix.
2026-05-24 13:39:28,390 - INFO - Fetching Open-Meteo data from 2026-02-19 to 2026-02-22
2026-05-24 13:39:28,390 - INFO - 📚 Backtest Detected: Routing to Historical Archive API...
2026-05-24 13:39:29,635 - INFO - Inserted 288 new rows into weather_data.
2026-05-24 13:39:34,637 - INFO - Fetching DA prices from 2026-02-22 00:00:00+01:00 to 2026-02-25 00:00:00+01:00
2026-05-24 13:39:36,188 - INFO - Inserted 288 new rows into day_ahead_prices.
2026-05-24 13:39:36,189 - INFO - Fetching actual load from 2026-02-22 00:00:00+01:00 to 2026-02-25 00:00:00+01:00
2026-05-24 13:39:37,622 - INFO - Inserted 288 new rows into actual_load.
2026-05-24 13:39:37,622 - INFO - Fetching generation mix from 2026-02-22 00:00:00+01:00 to 2026-02-25 00:00:00+01:00
2026-05-24 13:39:42,230 - INFO - Inserted 288 new rows into generation_mix.
2026-05-24 13:39:42,230 - INFO - Fetching Open-Meteo data from 2026-02-22 to 2026-02-25
2026-05-24 13:39:42,231 - INFO - 📚 Backtest Detected: Routing to Historical Archive API...
2026-05-24 13:39:43,663 - INFO - Inserted 288 new rows into weather_data.
2026-05-24 13:39:48,666 - INFO - Fetching DA prices from 2026-02-25 00:00:00+01:00 to 2026-02-28 00:00:00+01:00
2026-05-24 13:39:50,217 - INFO - Inserted 288 new rows into day_ahead_prices.
2026-05-24 13:39:50,218 - INFO - Fetching actual load from 2026-02-25 00:00:00+01:00 to 2026-02-28 00:00:00+01:00
2026-05-24 13:39:51,651 - INFO - Inserted 288 new rows into actual_load.
2026-05-24 13:39:51,651 - INFO - Fetching generation mix from 2026-02-25 00:00:00+01:00 to 2026-02-28 00:00:00+01:00
2026-05-24 13:39:56,054 - INFO - Inserted 288 new rows into generation_mix.
2026-05-24 13:39:56,054 - INFO - Fetching Open-Meteo data from 2026-02-25 to 2026-02-28
2026-05-24 13:39:56,054 - INFO - 📚 Backtest Detected: Routing to Historical Archive API...
2026-05-24 13:39:57,282 - INFO - Inserted 288 new rows into weather_data.
2026-05-24 13:40:02,285 - INFO - Fetching DA prices from 2026-02-28 00:00:00+01:00 to 2026-03-03 00:00:00+01:00
2026-05-24 13:40:07,318 - INFO - Inserted 288 new rows into day_ahead_prices.
2026-05-24 13:40:07,318 - INFO - Fetching actual load from 2026-02-28 00:00:00+01:00 to 2026-03-03 00:00:00+01:00
2026-05-24 13:40:09,571 - INFO - Inserted 288 new rows into actual_load.
2026-05-24 13:40:09,571 - INFO - Fetching generation mix from 2026-02-28 00:00:00+01:00 to 2026-03-03 00:00:00+01:00
2026-05-24 13:40:15,203 - INFO - Inserted 288 new rows into generation_mix.
2026-05-24 13:40:15,203 - INFO - Fetching Open-Meteo data from 2026-02-28 to 2026-03-03
2026-05-24 13:40:15,204 - INFO - 📚 Backtest Detected: Routing to Historical Archive API...
2026-05-24 13:40:16,739 - INFO - Inserted 288 new rows into weather_data.
2026-05-24 13:40:21,741 - INFO - Fetching DA prices from 2026-03-03 00:00:00+01:00 to 2026-03-06 00:00:00+01:00
2026-05-24 13:40:26,876 - INFO - Inserted 288 new rows into day_ahead_prices.
2026-05-24 13:40:26,877 - INFO - Fetching actual load from 2026-03-03 00:00:00+01:00 to 2026-03-06 00:00:00+01:00
2026-05-24 13:40:28,310 - INFO - Inserted 288 new rows into actual_load.
2026-05-24 13:40:28,311 - INFO - Fetching generation mix from 2026-03-03 00:00:00+01:00 to 2026-03-06 00:00:00+01:00
2026-05-24 13:40:35,375 - INFO - Inserted 288 new rows into generation_mix.
2026-05-24 13:40:35,376 - INFO - Fetching Open-Meteo data from 2026-03-03 to 2026-03-06
2026-05-24 13:40:35,377 - INFO - 📚 Backtest Detected: Routing to Historical Archive API...
2026-05-24 13:40:36,706 - INFO - Inserted 288 new rows into weather_data.
2026-05-24 13:40:41,709 - INFO - Fetching DA prices from 2026-03-06 00:00:00+01:00 to 2026-03-09 00:00:00+01:00
2026-05-24 13:40:43,261 - INFO - Inserted 288 new rows into day_ahead_prices.
2026-05-24 13:40:43,261 - INFO - Fetching actual load from 2026-03-06 00:00:00+01:00 to 2026-03-09 00:00:00+01:00
2026-05-24 13:40:45,410 - INFO - Inserted 288 new rows into actual_load.
2026-05-24 13:40:45,411 - INFO - Fetching generation mix from 2026-03-06 00:00:00+01:00 to 2026-03-09 00:00:00+01:00
2026-05-24 13:40:49,814 - INFO - Inserted 288 new rows into generation_mix.
2026-05-24 13:40:49,815 - INFO - Fetching Open-Meteo data from 2026-03-06 to 2026-03-09
2026-05-24 13:40:49,815 - INFO - 📚 Backtest Detected: Routing to Historical Archive API...
2026-05-24 13:40:51,248 - INFO - Inserted 288 new rows into weather_data.
2026-05-24 13:40:56,250 - INFO - Fetching DA prices from 2026-03-09 00:00:00+01:00 to 2026-03-12 00:00:00+01:00
2026-05-24 13:40:57,702 - INFO - Inserted 288 new rows into day_ahead_prices.
2026-05-24 13:40:57,702 - INFO - Fetching actual load from 2026-03-09 00:00:00+01:00 to 2026-03-12 00:00:00+01:00
2026-05-24 13:40:59,440 - INFO - Inserted 288 new rows into actual_load.
2026-05-24 13:40:59,440 - INFO - Fetching generation mix from 2026-03-09 00:00:00+01:00 to 2026-03-12 00:00:00+01:00
2026-05-24 13:41:03,741 - INFO - Inserted 288 new rows into generation_mix.
2026-05-24 13:41:03,742 - INFO - Fetching Open-Meteo data from 2026-03-09 to 2026-03-12
2026-05-24 13:41:03,743 - INFO - 📚 Backtest Detected: Routing to Historical Archive API...
2026-05-24 13:41:05,072 - INFO - Inserted 288 new rows into weather_data.
2026-05-24 13:41:10,074 - INFO - Fetching DA prices from 2026-03-12 00:00:00+01:00 to 2026-03-15 00:00:00+01:00
2026-05-24 13:41:11,728 - INFO - Inserted 288 new rows into day_ahead_prices.
2026-05-24 13:41:11,728 - INFO - Fetching actual load from 2026-03-12 00:00:00+01:00 to 2026-03-15 00:00:00+01:00
2026-05-24 13:41:13,161 - INFO - Inserted 288 new rows into actual_load.
2026-05-24 13:41:13,162 - INFO - Fetching generation mix from 2026-03-12 00:00:00+01:00 to 2026-03-15 00:00:00+01:00
2026-05-24 13:41:17,770 - INFO - Inserted 288 new rows into generation_mix.
2026-05-24 13:41:17,771 - INFO - Fetching Open-Meteo data from 2026-03-12 to 2026-03-15
2026-05-24 13:41:17,771 - INFO - 📚 Backtest Detected: Routing to Historical Archive API...
2026-05-24 13:41:19,101 - INFO - Inserted 288 new rows into weather_data.
2026-05-24 13:41:24,104 - INFO - Fetching DA prices from 2026-03-15 00:00:00+01:00 to 2026-03-18 00:00:00+01:00
2026-05-24 13:41:25,655 - INFO - Inserted 288 new rows into day_ahead_prices.
2026-05-24 13:41:25,655 - INFO - Fetching actual load from 2026-03-15 00:00:00+01:00 to 2026-03-18 00:00:00+01:00
2026-05-24 13:41:26,883 - INFO - Inserted 288 new rows into actual_load.
2026-05-24 13:41:26,884 - INFO - Fetching generation mix from 2026-03-15 00:00:00+01:00 to 2026-03-18 00:00:00+01:00
2026-05-24 13:41:30,672 - INFO - Inserted 288 new rows into generation_mix.
2026-05-24 13:41:30,673 - INFO - Fetching Open-Meteo data from 2026-03-15 to 2026-03-18
2026-05-24 13:41:30,673 - INFO - 📚 Backtest Detected: Routing to Historical Archive API...
2026-05-24 13:41:32,394 - INFO - Inserted 288 new rows into weather_data.
2026-05-24 13:41:37,396 - INFO - Fetching DA prices from 2026-03-18 00:00:00+01:00 to 2026-03-21 00:00:00+01:00
2026-05-24 13:41:39,376 - INFO - Inserted 288 new rows into day_ahead_prices.
2026-05-24 13:41:39,376 - INFO - Fetching actual load from 2026-03-18 00:00:00+01:00 to 2026-03-21 00:00:00+01:00
2026-05-24 13:41:40,809 - INFO - Inserted 288 new rows into actual_load.
2026-05-24 13:41:40,810 - INFO - Fetching generation mix from 2026-03-18 00:00:00+01:00 to 2026-03-21 00:00:00+01:00
2026-05-24 13:41:44,803 - INFO - Inserted 288 new rows into generation_mix.
2026-05-24 13:41:44,804 - INFO - Fetching Open-Meteo data from 2026-03-18 to 2026-03-21
2026-05-24 13:41:44,804 - INFO - 📚 Backtest Detected: Routing to Historical Archive API...
2026-05-24 13:41:46,954 - INFO - Inserted 288 new rows into weather_data.
2026-05-24 13:41:51,956 - INFO - Fetching DA prices from 2026-03-21 00:00:00+01:00 to 2026-03-24 00:00:00+01:00
2026-05-24 13:41:53,405 - INFO - Inserted 288 new rows into day_ahead_prices.
2026-05-24 13:41:53,405 - INFO - Fetching actual load from 2026-03-21 00:00:00+01:00 to 2026-03-24 00:00:00+01:00
2026-05-24 13:41:54,941 - INFO - Inserted 288 new rows into actual_load.
2026-05-24 13:41:54,941 - INFO - Fetching generation mix from 2026-03-21 00:00:00+01:00 to 2026-03-24 00:00:00+01:00
2026-05-24 13:41:59,344 - INFO - Inserted 288 new rows into generation_mix.
2026-05-24 13:41:59,345 - INFO - Fetching Open-Meteo data from 2026-03-21 to 2026-03-24
2026-05-24 13:41:59,345 - INFO - 📚 Backtest Detected: Routing to Historical Archive API...
2026-05-24 13:42:00,479 - INFO - Inserted 288 new rows into weather_data.
2026-05-24 13:42:05,481 - INFO - Fetching DA prices from 2026-03-24 00:00:00+01:00 to 2026-03-27 00:00:00+01:00
2026-05-24 13:42:08,001 - INFO - Inserted 288 new rows into day_ahead_prices.
2026-05-24 13:42:08,002 - INFO - Fetching actual load from 2026-03-24 00:00:00+01:00 to 2026-03-27 00:00:00+01:00
2026-05-24 13:42:09,687 - INFO - Inserted 288 new rows into actual_load.
2026-05-24 13:42:09,687 - INFO - Fetching generation mix from 2026-03-24 00:00:00+01:00 to 2026-03-27 00:00:00+01:00
2026-05-24 13:42:13,577 - INFO - Inserted 288 new rows into generation_mix.
2026-05-24 13:42:13,578 - INFO - Fetching Open-Meteo data from 2026-03-24 to 2026-03-27
2026-05-24 13:42:13,578 - INFO - 📚 Backtest Detected: Routing to Historical Archive API...
2026-05-24 13:42:14,909 - INFO - Inserted 288 new rows into weather_data.
2026-05-24 13:42:19,912 - INFO - Fetching DA prices from 2026-03-27 00:00:00+01:00 to 2026-03-31 00:00:00+02:00
2026-05-24 13:42:21,463 - INFO - Inserted 380 new rows into day_ahead_prices.
2026-05-24 13:42:21,463 - INFO - Fetching actual load from 2026-03-27 00:00:00+01:00 to 2026-03-31 00:00:00+02:00
2026-05-24 13:42:22,999 - INFO - Inserted 380 new rows into actual_load.
2026-05-24 13:42:22,999 - INFO - Fetching generation mix from 2026-03-27 00:00:00+01:00 to 2026-03-31 00:00:00+02:00
2026-05-24 13:42:28,017 - INFO - Inserted 380 new rows into generation_mix.
2026-05-24 13:42:28,018 - INFO - Fetching Open-Meteo data from 2026-03-27 to 2026-03-31
2026-05-24 13:42:28,018 - INFO - 📚 Backtest Detected: Routing to Historical Archive API...
2026-05-24 13:42:29,348 - INFO - Inserted 384 new rows into weather_data.
2026-05-24 13:42:34,350 - INFO - Fetching DA prices from 2026-03-31 00:00:00+02:00 to 2026-04-03 00:00:00+02:00
2026-05-24 13:42:35,752 - INFO - Inserted 288 new rows into day_ahead_prices.
2026-05-24 13:42:35,752 - INFO - Fetching actual load from 2026-03-31 00:00:00+02:00 to 2026-04-03 00:00:00+02:00
2026-05-24 13:42:36,796 - INFO - Inserted 288 new rows into actual_load.
2026-05-24 13:42:36,796 - INFO - Fetching generation mix from 2026-03-31 00:00:00+02:00 to 2026-04-03 00:00:00+02:00
2026-05-24 13:42:40,361 - INFO - Inserted 288 new rows into generation_mix.
2026-05-24 13:42:40,362 - INFO - Fetching Open-Meteo data from 2026-03-31 to 2026-04-03
2026-05-24 13:42:40,363 - INFO - 📚 Backtest Detected: Routing to Historical Archive API...
2026-05-24 13:42:41,738 - INFO - Inserted 288 new rows into weather_data.
2026-05-24 13:42:46,740 - INFO - Fetching DA prices from 2026-04-03 00:00:00+02:00 to 2026-04-06 00:00:00+02:00
2026-05-24 13:42:48,701 - INFO - Inserted 288 new rows into day_ahead_prices.
2026-05-24 13:42:48,702 - INFO - Fetching actual load from 2026-04-03 00:00:00+02:00 to 2026-04-06 00:00:00+02:00
2026-05-24 13:42:50,032 - INFO - Inserted 288 new rows into actual_load.
2026-05-24 13:42:50,033 - INFO - Fetching generation mix from 2026-04-03 00:00:00+02:00 to 2026-04-06 00:00:00+02:00
2026-05-24 13:42:53,002 - INFO - Inserted 288 new rows into generation_mix.
2026-05-24 13:42:53,003 - INFO - Fetching Open-Meteo data from 2026-04-03 to 2026-04-06
2026-05-24 13:42:53,003 - INFO - 📚 Backtest Detected: Routing to Historical Archive API...
2026-05-24 13:42:54,231 - INFO - Inserted 288 new rows into weather_data.
2026-05-24 13:42:59,233 - INFO - Fetching DA prices from 2026-04-06 00:00:00+02:00 to 2026-04-09 00:00:00+02:00
2026-05-24 13:43:00,888 - INFO - Inserted 288 new rows into day_ahead_prices.
2026-05-24 13:43:00,888 - INFO - Fetching actual load from 2026-04-06 00:00:00+02:00 to 2026-04-09 00:00:00+02:00
2026-05-24 13:43:05,086 - INFO - Inserted 288 new rows into actual_load.
2026-05-24 13:43:05,087 - INFO - Fetching generation mix from 2026-04-06 00:00:00+02:00 to 2026-04-09 00:00:00+02:00
2026-05-24 13:43:12,151 - INFO - Inserted 288 new rows into generation_mix.
2026-05-24 13:43:12,152 - INFO - Fetching Open-Meteo data from 2026-04-06 to 2026-04-09
2026-05-24 13:43:12,152 - INFO - 📚 Backtest Detected: Routing to Historical Archive API...
2026-05-24 13:43:13,380 - INFO - Inserted 288 new rows into weather_data.
2026-05-24 13:43:18,382 - INFO - Fetching DA prices from 2026-04-09 00:00:00+02:00 to 2026-04-12 00:00:00+02:00
2026-05-24 13:43:19,933 - INFO - Inserted 288 new rows into day_ahead_prices.
2026-05-24 13:43:19,934 - INFO - Fetching actual load from 2026-04-09 00:00:00+02:00 to 2026-04-12 00:00:00+02:00
2026-05-24 13:43:21,264 - INFO - Inserted 288 new rows into actual_load.
2026-05-24 13:43:21,265 - INFO - Fetching generation mix from 2026-04-09 00:00:00+02:00 to 2026-04-12 00:00:00+02:00
2026-05-24 13:43:25,693 - INFO - Inserted 288 new rows into generation_mix.
2026-05-24 13:43:25,694 - INFO - Fetching Open-Meteo data from 2026-04-09 to 2026-04-12
2026-05-24 13:43:25,694 - INFO - 📚 Backtest Detected: Routing to Historical Archive API...
2026-05-24 13:43:26,944 - INFO - Inserted 288 new rows into weather_data.
2026-05-24 13:43:31,946 - INFO - Fetching DA prices from 2026-04-12 00:00:00+02:00 to 2026-04-15 00:00:00+02:00
2026-05-24 13:43:33,396 - INFO - Inserted 288 new rows into day_ahead_prices.
2026-05-24 13:43:33,397 - INFO - Fetching actual load from 2026-04-12 00:00:00+02:00 to 2026-04-15 00:00:00+02:00
2026-05-24 13:43:34,476 - INFO - Inserted 288 new rows into actual_load.
2026-05-24 13:43:34,476 - INFO - Fetching generation mix from 2026-04-12 00:00:00+02:00 to 2026-04-15 00:00:00+02:00
2026-05-24 13:43:38,571 - INFO - Inserted 288 new rows into generation_mix.
2026-05-24 13:43:38,572 - INFO - Fetching Open-Meteo data from 2026-04-12 to 2026-04-15
2026-05-24 13:43:38,572 - INFO - 📚 Backtest Detected: Routing to Historical Archive API...
2026-05-24 13:43:40,106 - INFO - Inserted 288 new rows into weather_data.
2026-05-24 13:43:45,109 - INFO - Fetching DA prices from 2026-04-15 00:00:00+02:00 to 2026-04-18 00:00:00+02:00
2026-05-24 13:43:46,763 - INFO - Inserted 288 new rows into day_ahead_prices.
2026-05-24 13:43:46,764 - INFO - Fetching actual load from 2026-04-15 00:00:00+02:00 to 2026-04-18 00:00:00+02:00
2026-05-24 13:43:48,093 - INFO - Inserted 288 new rows into actual_load.
2026-05-24 13:43:48,094 - INFO - Fetching generation mix from 2026-04-15 00:00:00+02:00 to 2026-04-18 00:00:00+02:00
2026-05-24 13:43:52,087 - INFO - Inserted 288 new rows into generation_mix.
2026-05-24 13:43:52,088 - INFO - Fetching Open-Meteo data from 2026-04-15 to 2026-04-18
2026-05-24 13:43:52,088 - INFO - 📚 Backtest Detected: Routing to Historical Archive API...
2026-05-24 13:43:53,418 - INFO - Inserted 288 new rows into weather_data.
2026-05-24 13:43:58,420 - INFO - Fetching DA prices from 2026-04-18 00:00:00+02:00 to 2026-04-21 00:00:00+02:00
2026-05-24 13:43:59,870 - INFO - Inserted 288 new rows into day_ahead_prices.
2026-05-24 13:43:59,870 - INFO - Fetching actual load from 2026-04-18 00:00:00+02:00 to 2026-04-21 00:00:00+02:00
2026-05-24 13:44:01,713 - INFO - Inserted 288 new rows into actual_load.
2026-05-24 13:44:01,713 - INFO - Fetching generation mix from 2026-04-18 00:00:00+02:00 to 2026-04-21 00:00:00+02:00
2026-05-24 13:44:05,297 - INFO - Inserted 288 new rows into generation_mix.
2026-05-24 13:44:05,298 - INFO - Fetching Open-Meteo data from 2026-04-18 to 2026-04-21
2026-05-24 13:44:05,298 - INFO - 📚 Backtest Detected: Routing to Historical Archive API...
2026-05-24 13:44:06,399 - INFO - Inserted 288 new rows into weather_data.
2026-05-24 13:44:11,402 - INFO - Fetching DA prices from 2026-04-21 00:00:00+02:00 to 2026-04-24 00:00:00+02:00
2026-05-24 13:44:12,772 - INFO - Inserted 288 new rows into day_ahead_prices.
2026-05-24 13:44:12,772 - INFO - Fetching actual load from 2026-04-21 00:00:00+02:00 to 2026-04-24 00:00:00+02:00
2026-05-24 13:44:14,206 - INFO - Inserted 288 new rows into actual_load.
2026-05-24 13:44:14,206 - INFO - Fetching generation mix from 2026-04-21 00:00:00+02:00 to 2026-04-24 00:00:00+02:00
2026-05-24 13:44:17,789 - INFO - Inserted 288 new rows into generation_mix.
2026-05-24 13:44:17,790 - INFO - Fetching Open-Meteo data from 2026-04-21 to 2026-04-24
2026-05-24 13:44:17,791 - INFO - 📚 Backtest Detected: Routing to Historical Archive API...
2026-05-24 13:44:19,121 - INFO - Inserted 288 new rows into weather_data.
2026-05-24 13:44:24,124 - INFO - Fetching DA prices from 2026-04-24 00:00:00+02:00 to 2026-04-27 00:00:00+02:00
2026-05-24 13:44:25,674 - INFO - Inserted 288 new rows into day_ahead_prices.
2026-05-24 13:44:25,674 - INFO - Fetching actual load from 2026-04-24 00:00:00+02:00 to 2026-04-27 00:00:00+02:00
2026-05-24 13:44:27,416 - INFO - Inserted 288 new rows into actual_load.
2026-05-24 13:44:27,416 - INFO - Fetching generation mix from 2026-04-24 00:00:00+02:00 to 2026-04-27 00:00:00+02:00
2026-05-24 13:44:30,897 - INFO - Inserted 288 new rows into generation_mix.
2026-05-24 13:44:30,898 - INFO - Fetching Open-Meteo data from 2026-04-24 to 2026-04-27
2026-05-24 13:44:30,898 - INFO - 📚 Backtest Detected: Routing to Historical Archive API...
2026-05-24 13:44:32,330 - INFO - Inserted 288 new rows into weather_data.
2026-05-24 13:44:37,333 - INFO - Fetching DA prices from 2026-04-27 00:00:00+02:00 to 2026-04-30 00:00:00+02:00
2026-05-24 13:44:38,783 - INFO - Inserted 288 new rows into day_ahead_prices.
2026-05-24 13:44:38,783 - INFO - Fetching actual load from 2026-04-27 00:00:00+02:00 to 2026-04-30 00:00:00+02:00
2026-05-24 13:44:40,318 - INFO - Inserted 288 new rows into actual_load.
2026-05-24 13:44:40,318 - INFO - Fetching generation mix from 2026-04-27 00:00:00+02:00 to 2026-04-30 00:00:00+02:00
2026-05-24 13:44:43,445 - INFO - Inserted 288 new rows into generation_mix.
2026-05-24 13:44:43,446 - INFO - Fetching Open-Meteo data from 2026-04-27 to 2026-04-30
2026-05-24 13:44:43,446 - INFO - 📚 Backtest Detected: Routing to Historical Archive API...
2026-05-24 13:44:44,239 - INFO - Inserted 288 new rows into weather_data.
2026-05-24 13:44:49,241 - INFO - Fetching DA prices from 2026-04-30 00:00:00+02:00 to 2026-05-03 00:00:00+02:00
2026-05-24 13:44:50,559 - INFO - Inserted 288 new rows into day_ahead_prices.
2026-05-24 13:44:50,559 - INFO - Fetching actual load from 2026-04-30 00:00:00+02:00 to 2026-05-03 00:00:00+02:00
2026-05-24 13:44:52,094 - INFO - Inserted 288 new rows into actual_load.
2026-05-24 13:44:52,094 - INFO - Fetching generation mix from 2026-04-30 00:00:00+02:00 to 2026-05-03 00:00:00+02:00
2026-05-24 13:44:55,678 - INFO - Inserted 288 new rows into generation_mix.
2026-05-24 13:44:55,679 - INFO - Fetching Open-Meteo data from 2026-04-30 to 2026-05-03
2026-05-24 13:44:55,679 - INFO - 📚 Backtest Detected: Routing to Historical Archive API...
2026-05-24 13:44:57,009 - INFO - Inserted 288 new rows into weather_data.
2026-05-24 13:45:02,011 - INFO - Fetching DA prices from 2026-05-03 00:00:00+02:00 to 2026-05-06 00:00:00+02:00
2026-05-24 13:45:18,411 - INFO - Inserted 288 new rows into day_ahead_prices.
2026-05-24 13:45:18,412 - INFO - Fetching actual load from 2026-05-03 00:00:00+02:00 to 2026-05-06 00:00:00+02:00
2026-05-24 13:45:19,640 - INFO - Inserted 288 new rows into actual_load.
2026-05-24 13:45:19,640 - INFO - Fetching generation mix from 2026-05-03 00:00:00+02:00 to 2026-05-06 00:00:00+02:00
2026-05-24 13:45:26,091 - INFO - Inserted 288 new rows into generation_mix.
2026-05-24 13:45:26,092 - INFO - Fetching Open-Meteo data from 2026-05-03 to 2026-05-06
2026-05-24 13:45:26,092 - INFO - 📚 Backtest Detected: Routing to Historical Archive API...
2026-05-24 13:45:27,320 - INFO - Inserted 288 new rows into weather_data.
2026-05-24 13:45:32,322 - INFO - Fetching DA prices from 2026-05-06 00:00:00+02:00 to 2026-05-09 00:00:00+02:00
2026-05-24 13:45:38,074 - INFO - Inserted 288 new rows into day_ahead_prices.
2026-05-24 13:45:38,074 - INFO - Fetching actual load from 2026-05-06 00:00:00+02:00 to 2026-05-09 00:00:00+02:00
2026-05-24 13:45:42,680 - INFO - Inserted 288 new rows into actual_load.
2026-05-24 13:45:42,680 - INFO - Fetching generation mix from 2026-05-06 00:00:00+02:00 to 2026-05-09 00:00:00+02:00
2026-05-24 13:45:49,950 - INFO - Inserted 288 new rows into generation_mix.
2026-05-24 13:45:49,951 - INFO - Fetching Open-Meteo data from 2026-05-06 to 2026-05-09
2026-05-24 13:45:49,952 - INFO - 📚 Backtest Detected: Routing to Historical Archive API...
2026-05-24 13:45:51,282 - INFO - Inserted 288 new rows into weather_data.
2026-05-24 13:45:56,284 - INFO - Fetching DA prices from 2026-05-09 00:00:00+02:00 to 2026-05-12 00:00:00+02:00
2026-05-24 13:46:00,702 - INFO - Inserted 288 new rows into day_ahead_prices.
2026-05-24 13:46:00,703 - INFO - Fetching actual load from 2026-05-09 00:00:00+02:00 to 2026-05-12 00:00:00+02:00
2026-05-24 13:46:04,286 - INFO - Inserted 288 new rows into actual_load.
2026-05-24 13:46:04,287 - INFO - Fetching generation mix from 2026-05-09 00:00:00+02:00 to 2026-05-12 00:00:00+02:00
2026-05-24 13:46:08,075 - INFO - Inserted 288 new rows into generation_mix.
2026-05-24 13:46:08,076 - INFO - Fetching Open-Meteo data from 2026-05-09 to 2026-05-12
2026-05-24 13:46:08,076 - INFO - 📚 Backtest Detected: Routing to Historical Archive API...
2026-05-24 13:46:09,407 - INFO - Inserted 288 new rows into weather_data.
2026-05-24 13:46:14,409 - INFO - Fetching DA prices from 2026-05-12 00:00:00+02:00 to 2026-05-15 00:00:00+02:00
2026-05-24 13:46:17,291 - INFO - Inserted 288 new rows into day_ahead_prices.
2026-05-24 13:46:17,292 - INFO - Fetching actual load from 2026-05-12 00:00:00+02:00 to 2026-05-15 00:00:00+02:00
2026-05-24 13:46:18,523 - INFO - Inserted 288 new rows into actual_load.
2026-05-24 13:46:18,523 - INFO - Fetching generation mix from 2026-05-12 00:00:00+02:00 to 2026-05-15 00:00:00+02:00
2026-05-24 13:46:22,821 - INFO - Inserted 288 new rows into generation_mix.
2026-05-24 13:46:22,822 - INFO - Fetching Open-Meteo data from 2026-05-12 to 2026-05-15
2026-05-24 13:46:22,822 - INFO - 📚 Backtest Detected: Routing to Historical Archive API...
2026-05-24 13:46:24,152 - INFO - Inserted 288 new rows into weather_data.
2026-05-24 13:46:29,155 - INFO - Fetching DA prices from 2026-05-15 00:00:00+02:00 to 2026-05-18 00:00:00+02:00
2026-05-24 13:46:33,573 - INFO - Inserted 288 new rows into day_ahead_prices.
2026-05-24 13:46:33,574 - INFO - Fetching actual load from 2026-05-15 00:00:00+02:00 to 2026-05-18 00:00:00+02:00
2026-05-24 13:46:35,929 - INFO - Inserted 288 new rows into actual_load.
2026-05-24 13:46:35,929 - INFO - Fetching generation mix from 2026-05-15 00:00:00+02:00 to 2026-05-18 00:00:00+02:00
2026-05-24 13:46:40,229 - INFO - Inserted 288 new rows into generation_mix.
2026-05-24 13:46:40,230 - INFO - Fetching Open-Meteo data from 2026-05-15 to 2026-05-18
2026-05-24 13:46:40,230 - INFO - 📚 Backtest Detected: Routing to Historical Archive API...
2026-05-24 13:46:41,458 - INFO - Inserted 288 new rows into weather_data.
2026-05-24 13:46:46,460 - INFO - Fetching DA prices from 2026-05-18 00:00:00+02:00 to 2026-05-21 00:00:00+02:00
2026-05-24 13:46:49,650 - INFO - Inserted 288 new rows into day_ahead_prices.
2026-05-24 13:46:49,650 - INFO - Fetching actual load from 2026-05-18 00:00:00+02:00 to 2026-05-21 00:00:00+02:00
2026-05-24 13:46:50,776 - INFO - Inserted 288 new rows into actual_load.
2026-05-24 13:46:50,776 - INFO - Fetching generation mix from 2026-05-18 00:00:00+02:00 to 2026-05-21 00:00:00+02:00
2026-05-24 13:46:54,053 - INFO - Inserted 288 new rows into generation_mix.
2026-05-24 13:46:54,054 - INFO - Fetching Open-Meteo data from 2026-05-18 to 2026-05-21
2026-05-24 13:46:54,054 - INFO - 📚 Backtest Detected: Routing to Historical Archive API...
2026-05-24 13:46:55,486 - INFO - Inserted 288 new rows into weather_data.
2026-05-24 13:47:00,488 - INFO - Fetching DA prices from 2026-05-21 00:00:00+02:00 to 2026-05-24 00:00:00+02:00
2026-05-24 13:47:04,396 - INFO - Inserted 288 new rows into day_ahead_prices.
2026-05-24 13:47:04,397 - INFO - Fetching actual load from 2026-05-21 00:00:00+02:00 to 2026-05-24 00:00:00+02:00
2026-05-24 13:47:05,931 - INFO - Inserted 288 new rows into actual_load.
2026-05-24 13:47:05,932 - INFO - Fetching generation mix from 2026-05-21 00:00:00+02:00 to 2026-05-24 00:00:00+02:00
2026-05-24 13:47:10,437 - INFO - Inserted 288 new rows into generation_mix.
2026-05-24 13:47:10,438 - INFO - Fetching Open-Meteo data from 2026-05-21 to 2026-05-24
2026-05-24 13:47:10,438 - INFO - ⚡ Live Grid Detected: Routing to Production Forecast API...
2026-05-24 13:47:12,691 - INFO - Inserted 288 new rows into weather_data.
2026-05-24 13:47:17,693 - INFO - Fetching DA prices from 2026-05-24 00:00:00+02:00 to 2026-05-25 00:00:00+02:00
2026-05-24 13:47:19,039 - INFO - Inserted 95 new rows into day_ahead_prices.
2026-05-24 13:47:19,039 - INFO - Fetching actual load from 2026-05-24 00:00:00+02:00 to 2026-05-24 10:17:17.693159+02:00
2026-05-24 13:47:20,166 - INFO - Inserted 38 new rows into actual_load.
2026-05-24 13:47:20,166 - INFO - Fetching generation mix from 2026-05-24 00:00:00+02:00 to 2026-05-24 10:17:17.693159+02:00
2026-05-24 13:47:21,701 - INFO - Inserted 39 new rows into generation_mix.
2026-05-24 13:47:21,702 - INFO - Fetching Open-Meteo data from 2026-05-24 to 2026-05-25
2026-05-24 13:47:21,703 - INFO - ⚡ Live Grid Detected: Routing to Production Forecast API...
2026-05-24 13:47:23,033 - INFO - Inserted 96 new rows into weather_data.
2026-05-26 17:30:17,513 - INFO - === STARTING DAILY PIPELINE RUN ===
2026-05-26 17:30:17,558 - INFO - Fetching DA prices from 2026-05-25 00:00:00+02:00 to 2026-05-28 00:00:00+02:00
2026-05-26 17:31:01,674 - ERROR - ENTSO-E Fetcher failed for 20260525 to 20260528: 503 Server Error: Service Unavailable for url: https://web-api.tp.entsoe.eu/api?documentType=A44&in_Domain=10Y1001A1001A82H&out_Domain=10Y1001A1001A82H&offset=100&contract_MarketAgreement.type=A01&classificationSequence_AttributeInstanceComponent.position=1&securityToken=c174a659-4f7d-4fcc-8ff1-3dae26733c29&periodStart=202605232200&periodEnd=202605282200
2026-05-26 17:31:03,676 - INFO - Fetching DA prices from 2026-05-25 00:00:00+02:00 to 2026-05-28 00:00:00+02:00
2026-05-26 17:31:04,334 - ERROR - ENTSO-E Fetcher failed for 20260525 to 20260528: 503 Server Error: Service Unavailable for url: https://web-api.tp.entsoe.eu/api?documentType=A44&in_Domain=10Y1001A1001A82H&out_Domain=10Y1001A1001A82H&offset=0&contract_MarketAgreement.type=A01&classificationSequence_AttributeInstanceComponent.position=1&securityToken=c174a659-4f7d-4fcc-8ff1-3dae26733c29&periodStart=202605232200&periodEnd=202605282200
2026-05-26 17:31:08,335 - INFO - Fetching DA prices from 2026-05-25 00:00:00+02:00 to 2026-05-28 00:00:00+02:00
2026-05-26 17:31:09,854 - ERROR - ENTSO-E Fetcher failed for 20260525 to 20260528: 503 Server Error: Service Unavailable for url: https://web-api.tp.entsoe.eu/api?documentType=A44&in_Domain=10Y1001A1001A82H&out_Domain=10Y1001A1001A82H&offset=0&contract_MarketAgreement.type=A01&classificationSequence_AttributeInstanceComponent.position=1&securityToken=c174a659-4f7d-4fcc-8ff1-3dae26733c29&periodStart=202605232200&periodEnd=202605282200
2026-05-26 17:31:17,855 - INFO - Fetching DA prices from 2026-05-25 00:00:00+02:00 to 2026-05-28 00:00:00+02:00
2026-05-26 17:31:36,576 - INFO - Inserted 288 new rows into day_ahead_prices.
2026-05-26 17:31:36,577 - INFO - Fetching actual load from 2026-05-25 00:00:00+02:00 to 2026-05-26 14:01:17.855195+02:00
2026-05-26 17:31:37,775 - INFO - Inserted 149 new rows into actual_load.
2026-05-26 17:31:37,775 - INFO - Fetching generation mix from 2026-05-25 00:00:00+02:00 to 2026-05-26 14:01:17.855195+02:00
2026-05-26 17:31:40,473 - INFO - Inserted 150 new rows into generation_mix.
2026-05-26 17:31:40,474 - INFO - Fetching Open-Meteo data from 2026-05-25 to 2026-05-28
2026-05-26 17:31:40,476 - INFO - ⚡ Live Grid Detected: Routing to Production Forecast API...
2026-05-26 17:31:45,690 - INFO - Inserted 288 new rows into weather_data.
2026-05-26 17:31:45,690 - INFO - === PIPELINE RUN COMPLETE ===
2026-06-02 03:28:36,643 - INFO - === STARTING DAILY PIPELINE RUN ===
2026-06-02 03:28:36,676 - INFO - Fetching DA prices from 2026-05-31 00:00:00+02:00 to 2026-06-03 00:00:00+02:00
2026-06-02 03:28:42,461 - INFO - Fetching actual load from 2026-05-31 00:00:00+02:00 to 2026-06-01 23:58:36.676800+02:00
2026-06-02 03:28:44,402 - INFO - Inserted 6 new rows into actual_load.
2026-06-02 03:28:44,402 - INFO - Fetching generation mix from 2026-05-31 00:00:00+02:00 to 2026-06-01 23:58:36.676800+02:00
2026-06-02 03:28:47,883 - INFO - Inserted 6 new rows into generation_mix.
2026-06-02 03:28:47,884 - INFO - Fetching Open-Meteo data from 2026-05-31 to 2026-06-03
2026-06-02 03:28:47,885 - INFO - ⚡ Live Grid Detected: Routing to Production Forecast API...
2026-06-02 03:29:06,011 - INFO - === PIPELINE RUN COMPLETE ===
2026-06-03 17:30:15,722 - INFO - === STARTING DAILY PIPELINE RUN ===
2026-06-03 17:30:15,806 - INFO - Fetching DA prices from 2026-06-02 00:00:00+02:00 to 2026-06-05 00:00:00+02:00
2026-06-03 17:31:06,098 - INFO - Inserted 96 new rows into day_ahead_prices.
2026-06-03 17:31:06,098 - INFO - Fetching actual load from 2026-06-02 00:00:00+02:00 to 2026-06-03 14:00:15.806141+02:00
2026-06-03 17:31:19,820 - ERROR - ENTSO-E Fetcher failed for 20260602 to 20260605: Can't reconnect until invalid transaction is rolled back.  Please rollback() fully before proceeding (Background on this error at: https://sqlalche.me/e/20/8s2b)
2026-06-03 17:31:21,822 - INFO - Fetching DA prices from 2026-06-02 00:00:00+02:00 to 2026-06-05 00:00:00+02:00
2026-06-03 17:31:37,848 - INFO - Fetching actual load from 2026-06-02 00:00:00+02:00 to 2026-06-03 14:01:21.822269+02:00
2026-06-03 17:31:42,757 - INFO - Inserted 6 new rows into actual_load.
2026-06-03 17:31:42,758 - INFO - Fetching generation mix from 2026-06-02 00:00:00+02:00 to 2026-06-03 14:01:21.822269+02:00
2026-06-03 17:31:49,488 - INFO - Inserted 6 new rows into generation_mix.
2026-06-03 17:31:49,489 - INFO - Fetching Open-Meteo data from 2026-06-02 to 2026-06-05
2026-06-03 17:31:49,490 - INFO - ⚡ Live Grid Detected: Routing to Production Forecast API...
2026-06-03 17:32:08,746 - INFO - === PIPELINE RUN COMPLETE ===
2026-06-04 17:30:05,111 - INFO - === STARTING DAILY PIPELINE RUN ===
2026-06-04 17:30:05,152 - INFO - Fetching DA prices from 2026-06-03 00:00:00+02:00 to 2026-06-06 00:00:00+02:00
2026-06-04 17:31:02,549 - INFO - Fetching actual load from 2026-06-03 00:00:00+02:00 to 2026-06-04 14:00:05.152103+02:00
2026-06-04 17:31:08,172 - INFO - Inserted 10 new rows into actual_load.
2026-06-04 17:31:08,173 - INFO - Fetching generation mix from 2026-06-03 00:00:00+02:00 to 2026-06-04 14:00:05.152103+02:00
2026-06-04 17:31:23,124 - INFO - Inserted 9 new rows into generation_mix.
2026-06-04 17:31:23,124 - INFO - Fetching Open-Meteo data from 2026-06-03 to 2026-06-06
2026-06-04 17:31:23,125 - INFO - ⚡ Live Grid Detected: Routing to Production Forecast API...
2026-06-04 17:36:30,783 - INFO - === PIPELINE RUN COMPLETE ===
2026-06-05 17:30:33,581 - INFO - === STARTING DAILY PIPELINE RUN ===
2026-06-05 17:30:33,626 - INFO - Fetching DA prices from 2026-06-04 00:00:00+02:00 to 2026-06-07 00:00:00+02:00
2026-06-05 17:31:00,504 - ERROR - ENTSO-E Fetcher failed for 20260604 to 20260607: 503 Server Error: Service Unavailable for url: https://web-api.tp.entsoe.eu/api?documentType=A44&in_Domain=10Y1001A1001A82H&out_Domain=10Y1001A1001A82H&offset=100&contract_MarketAgreement.type=A01&classificationSequence_AttributeInstanceComponent.position=1&securityToken=c174a659-4f7d-4fcc-8ff1-3dae26733c29&periodStart=202606022200&periodEnd=202606072200
2026-06-05 17:31:02,506 - INFO - Fetching DA prices from 2026-06-04 00:00:00+02:00 to 2026-06-07 00:00:00+02:00
2026-06-05 17:31:16,386 - INFO - Inserted 96 new rows into day_ahead_prices.
2026-06-05 17:31:16,386 - INFO - Fetching actual load from 2026-06-04 00:00:00+02:00 to 2026-06-05 14:01:02.506081+02:00
2026-06-05 17:31:19,239 - INFO - Inserted 10 new rows into actual_load.
2026-06-05 17:31:19,239 - INFO - Fetching generation mix from 2026-06-04 00:00:00+02:00 to 2026-06-05 14:01:02.506081+02:00
2026-06-05 17:31:34,613 - INFO - Inserted 12 new rows into generation_mix.
2026-06-05 17:31:34,614 - INFO - Fetching Open-Meteo data from 2026-06-04 to 2026-06-07
2026-06-05 17:31:34,615 - INFO - ⚡ Live Grid Detected: Routing to Production Forecast API...
2026-06-05 17:31:53,462 - INFO - === PIPELINE RUN COMPLETE ===
2026-06-05 22:31:20,080 - INFO - === STARTING DAILY PIPELINE RUN ===
2026-06-05 22:31:20,094 - INFO - Fetching DA prices from 2026-06-04 00:00:00+02:00 to 2026-06-07 00:00:00+02:00
2026-06-05 22:31:33,751 - INFO - Fetching actual load from 2026-06-04 00:00:00+02:00 to 2026-06-05 19:01:20.094368+02:00
2026-06-05 22:31:39,604 - INFO - Inserted 5 new rows into actual_load.
2026-06-05 22:31:39,605 - INFO - Fetching generation mix from 2026-06-04 00:00:00+02:00 to 2026-06-05 19:01:20.094368+02:00
2026-06-05 22:31:43,146 - INFO - Inserted 5 new rows into generation_mix.
2026-06-05 22:31:43,147 - INFO - Fetching Open-Meteo data from 2026-06-04 to 2026-06-07
2026-06-05 22:31:43,148 - INFO - ⚡ Live Grid Detected: Routing to Production Forecast API...
2026-06-05 22:32:01,937 - INFO - === PIPELINE RUN COMPLETE ===
